{
  "generated_utc": "2026-03-23T18:16:01.902808+00:00",
  "kind": "hh_marrakesh_6term_local_exact_spsa",
  "candidate_artifact_json": "artifacts/json/hh_marrakesh_fixed_scaffold_6term_drop_eyezee_20260323T171528Z.json",
  "optimizer": {
    "method": "SPSA",
    "seed": 19,
    "maxiter": 128,
    "a": 0.2,
    "c": 0.1,
    "alpha": 0.602,
    "gamma": 0.101,
    "A": 10.0,
    "nfev": 257,
    "nit": 128,
    "success": true,
    "message": "spsa_completed(maxiter=128,a=0.2,c=0.1,alpha=0.602,gamma=0.101,A=10.0,eval_repeats=1,eval_agg=mean,avg_last=0)",
    "elapsed_s": 0.37203750014305115
  },
  "exact_ground_energy": -0.1506801238857842,
  "initial": {
    "theta_runtime": [
      1.5706750259320321,
      1.6391181488233113,
      -3.1412182018263546,
      -1.5543158928131178,
      -1.5707609863100893,
      -0.06183417453124048
    ],
    "energy": 0.16328096012588614,
    "abs_delta_e": 0.31396108401167033,
    "exact_state_fidelity": 3.735799059383239e-31
  },
  "best_returned": {
    "theta_runtime": [
      1.5706750259320321,
      1.6391181488233113,
      -3.1412182018263546,
      -1.5543158928131178,
      -1.5707609863100893,
      -0.06183417453124048
    ],
    "energy": 0.16328096012588614,
    "abs_delta_e": 0.31396108401167033,
    "exact_state_fidelity": 3.735799059383239e-31
  },
  "improvement": {
    "energy_drop": 0.0,
    "abs_delta_e_drop": 0.0,
    "fidelity_gain": 0.0,
    "theta_shift_l2": 0.0,
    "best_seen_energy_in_log": 0.16328096012588614
  },
  "call_log_tail": [
    0.17774975762329406,
    0.17616774031565163,
    0.17800919498425816,
    0.1765351250191653,
    0.17589408240819374,
    0.17544296223746897,
    0.17722109483343212,
    0.1760021619338502,
    0.17741392015985907,
    0.17881497900760046,
    0.1756446199439178,
    0.17680051784283887,
    0.17698927800825814,
    0.17581087386855485,
    0.1776342680051147,
    0.17844346436624542,
    0.17691458401772137,
    0.17579748063031242,
    0.17736930094441325,
    0.17862279167193054
  ]
}