L	adapt_allow_repeats	adapt_beam_parent_workers	adapt_optimizer_kind	adapt_parallel_gradient_workers	adapt_pool_class_filter_json	algorithm_id	append_selection_policy	batch_id	blocker	budget	case_id	cell_manifest_rel	child_policy	code_bundle	code_bundle_sha256	current_json_rel	display_regime	exact_energy_key	exact_energy_manifest	exact_energy_manifest_sha256	exact_energy_method	exact_energy_source	exact_fidelity_max_qubits	exact_reference_energy	exact_reference_n_ph_max	expected_horizon	family	generic_adapt_runtime_split_max_subset_size	generic_adapt_runtime_split_mode	generic_adapt_runtime_split_symmetry_policy	generic_adapt_stop_policy	geo_immediate_repeat_policy	hh_adaptive_pool_profile	hh_generator_registry_cache_dir	hh_generator_registry_cache_mode	hh_generator_registry_cache_required	hh_pool_cache_dir	hh_pool_cache_manifest	hh_pool_cache_mode	hh_pool_cache_required	hh_pool_cache_scope	horizon_source	implementation_contract_id	implementation_lock	implementation_lock_sha256	matrix_label	matrix_role	max_depth	method_key	method_label	n_ph_ref	n_ph_work	one_accepted_parent_per_outer_iteration	optimizer	parent_generator_policy	phase2_batching	phase3_adapt_beam_parent_workers	phase3_adapt_max_depth	phase3_adapt_maxiter	phase3_adapt_parallel_gradient_workers	phase3_batching	phase3_final_maxiter	phase3_policy_json	phase3_policy_json_sha256	phase3_refit_maxiter	pool_contract	primary_energy_metric	record_id	record_output_dir	request_cpus	request_disk_mb	request_memory_mb	resource_pool_term_cap	resource_qubit_cap	resource_tier	result_json_rel	run_class	runnable	same_cutoff_error_role	same_cutoff_exact_gs_energy	selector_horizon_semantics	settings_changed	settings_reused	shared_pauli_pool_max_subset_size	shared_pauli_pool_mode	shared_pauli_pool_symmetry_policy	snake_fixed_horizon_no_target	snake_phase3_runtime_split_child_set_symmetry_policy	snake_phase3_runtime_split_max_subset_size	snake_phase3_runtime_split_mode	snake_phase3_runtime_split_selection_mode	snake_progress_reference_transport	source_settings_status	stderr_rel	stdout_rel	suite_profile
3	true	2	powell	2	off	static_family_native_adapt_phase3	append_only_with_replacement	paper_i_scaling_matrix_parent_powell200_20260710_v1		200	hh_L3_nph2_scaling_weak_weak	raw_outputs/paper_i_scaling_matrix_parent_powell200_20260710_v1/paper_i_scaling_matrix_parent_powell200_20260710_v1__hh__hh_L3_nph2_scaling_weak_weak__snake__parent_powell200__iter50/cell_manifest.json	macro_only	chtc/phase3_optuna/input/paper_i_scaling_matrix_parent_powell200_20260710_v1/paper_i_scaling_matrix_code.tar.gz	d0982f4696eaecdde533aaf2194af0900fb5fa7c4adde301056cbab80354c3fb	raw_outputs/paper_i_scaling_matrix_parent_powell200_20260710_v1/paper_i_scaling_matrix_parent_powell200_20260710_v1__hh__hh_L3_nph2_scaling_weak_weak__snake__parent_powell200__iter50/result/hh_L3_nph2_scaling_weak_weak/json/current.json	weak-weak	0981e2b04e9d558dd69c8448	chtc/phase3_optuna/input/paper_i_scaling_matrix_parent_powell200_20260710_v1/exact_energy_manifest.json	5fff8c67abff10a229a1ecd82dc08a25bc211d723727a82257930447d920d296	same_cutoff_exact_diagonalization	pipelines.exact_bench.static_reference_metrics.exact_energy_for_spec	10	-1.2240595038534747	2	50	hh	1	off	off		block_only_adjacent_repeat_after_full_pool_selection	full_meta_unfiltered	chtc/phase3_optuna/input/paper_i_scaling_matrix_parent_powell200_20260710_v1/hh_generator_registry_cache_v1	disk	true	chtc/phase3_optuna/input/paper_i_scaling_matrix_parent_powell200_20260710_v1/hh_pool_cache_v1	chtc/phase3_optuna/input/paper_i_scaling_matrix_parent_powell200_20260710_v1/hh_cache_prewarm_manifest.json	disk	true	exact	locked:hh_outer_iteration_50	corrected_geo_append_estimator_accounting_20260710_v1	chtc/phase3_optuna/input/paper_i_scaling_matrix_parent_powell200_20260710_v1/implementation_lock.json	737fc83467002beaa820f1e411563c9877b5eaafb3dc203027c1e0d56fddff05	paper_i_scaling_matrix_parent_only	finite_size_cutoff_scaling_parent_generator_comparison	50	snake	SNAKE	2	2	true	POWELL	full_meta_parent_macro_generators_only_all_methods	off	2	50	200	2	off	200	chtc/phase3_optuna/input/paper_i_scaling_matrix_parent_powell200_20260710_v1/paper_i_scaling_matrix_snake_policy.json	65f535e90f932615d3e448ca92807c90b0af4657f2776916865c81111a0bcc4b	200	full_meta_unfiltered	same_cutoff_abs_delta_e	paper_i_scaling_matrix_parent_powell200_20260710_v1__hh__hh_L3_nph2_scaling_weak_weak__snake__parent_powell200__iter50	raw_outputs/paper_i_scaling_matrix_parent_powell200_20260710_v1/paper_i_scaling_matrix_parent_powell200_20260710_v1__hh__hh_L3_nph2_scaling_weak_weak__snake__parent_powell200__iter50	4	61440	32768	1024	16	hh_12q_high_memory	raw_outputs/paper_i_scaling_matrix_parent_powell200_20260710_v1/paper_i_scaling_matrix_parent_powell200_20260710_v1__hh__hh_L3_nph2_scaling_weak_weak__snake__parent_powell200__iter50/result/generic_static_single.json	candidate	true	primary	-1.2240595038534747	outer_selector_iterations_not_guaranteed_ansatz_depth	L;n_ph_work;outer_iteration_horizon;new_output_identity	physics_from_table_i_scaling_profile;Powell200;full_meta;parent_only	1	off	off	true	off	1	off	off	adapt_pipeline_internal_exact_gs_same_numeric	user_locked_scaling_matrix_profile_no_visible_higher_size_anchor	raw_outputs/paper_i_scaling_matrix_parent_powell200_20260710_v1/paper_i_scaling_matrix_parent_powell200_20260710_v1__hh__hh_L3_nph2_scaling_weak_weak__snake__parent_powell200__iter50/stderr.log	raw_outputs/paper_i_scaling_matrix_parent_powell200_20260710_v1/paper_i_scaling_matrix_parent_powell200_20260710_v1__hh__hh_L3_nph2_scaling_weak_weak__snake__parent_powell200__iter50/stdout.log	paper_i_scaling_matrix_20260710_v1
3	true	not_applicable	powell	not_applicable	off	static_geo_adapt_vqe	append_only_with_replacement	paper_i_scaling_matrix_parent_powell200_20260710_v1		200	hh_L3_nph2_scaling_weak_weak	raw_outputs/paper_i_scaling_matrix_parent_powell200_20260710_v1/paper_i_scaling_matrix_parent_powell200_20260710_v1__hh__hh_L3_nph2_scaling_weak_weak__geo__parent_powell200__iter50/cell_manifest.json	macro_only	chtc/phase3_optuna/input/paper_i_scaling_matrix_parent_powell200_20260710_v1/paper_i_scaling_matrix_code.tar.gz	d0982f4696eaecdde533aaf2194af0900fb5fa7c4adde301056cbab80354c3fb	raw_outputs/paper_i_scaling_matrix_parent_powell200_20260710_v1/paper_i_scaling_matrix_parent_powell200_20260710_v1__hh__hh_L3_nph2_scaling_weak_weak__geo__parent_powell200__iter50/adapt_iteration_progress.jsonl	weak-weak	0981e2b04e9d558dd69c8448	chtc/phase3_optuna/input/paper_i_scaling_matrix_parent_powell200_20260710_v1/exact_energy_manifest.json	5fff8c67abff10a229a1ecd82dc08a25bc211d723727a82257930447d920d296	same_cutoff_exact_diagonalization	pipelines.exact_bench.static_reference_metrics.exact_energy_for_spec	10	-1.2240595038534747	2	50	hh	1	off	off	fixed_horizon_no_target_v1	block_only_adjacent_repeat_after_full_pool_selection	full_meta_unfiltered	chtc/phase3_optuna/input/paper_i_scaling_matrix_parent_powell200_20260710_v1/hh_generator_registry_cache_v1	disk	true	chtc/phase3_optuna/input/paper_i_scaling_matrix_parent_powell200_20260710_v1/hh_pool_cache_v1	chtc/phase3_optuna/input/paper_i_scaling_matrix_parent_powell200_20260710_v1/hh_cache_prewarm_manifest.json	disk	true	exact	locked:hh_outer_iteration_50	corrected_geo_append_estimator_accounting_20260710_v1	chtc/phase3_optuna/input/paper_i_scaling_matrix_parent_powell200_20260710_v1/implementation_lock.json	737fc83467002beaa820f1e411563c9877b5eaafb3dc203027c1e0d56fddff05	paper_i_scaling_matrix_parent_only	finite_size_cutoff_scaling_parent_generator_comparison	50	geo	Geo-ADAPT	2	2	true	POWELL	full_meta_parent_macro_generators_only_all_methods	off		50	200		off	200			200	full_meta_unfiltered	same_cutoff_abs_delta_e	paper_i_scaling_matrix_parent_powell200_20260710_v1__hh__hh_L3_nph2_scaling_weak_weak__geo__parent_powell200__iter50	raw_outputs/paper_i_scaling_matrix_parent_powell200_20260710_v1/paper_i_scaling_matrix_parent_powell200_20260710_v1__hh__hh_L3_nph2_scaling_weak_weak__geo__parent_powell200__iter50	1	61440	32768	1024	16	hh_12q_high_memory	raw_outputs/paper_i_scaling_matrix_parent_powell200_20260710_v1/paper_i_scaling_matrix_parent_powell200_20260710_v1__hh__hh_L3_nph2_scaling_weak_weak__geo__parent_powell200__iter50/result/generic_static_single.json	candidate	true	primary	-1.2240595038534747	outer_selector_iterations_not_guaranteed_ansatz_depth	L;n_ph_work;outer_iteration_horizon;new_output_identity	physics_from_table_i_scaling_profile;Powell200;full_meta;parent_only	1	off	off	not_applicable	off	1	off	off	generic_static_exact_energy_env	user_locked_scaling_matrix_profile_no_visible_higher_size_anchor	raw_outputs/paper_i_scaling_matrix_parent_powell200_20260710_v1/paper_i_scaling_matrix_parent_powell200_20260710_v1__hh__hh_L3_nph2_scaling_weak_weak__geo__parent_powell200__iter50/stderr.log	raw_outputs/paper_i_scaling_matrix_parent_powell200_20260710_v1/paper_i_scaling_matrix_parent_powell200_20260710_v1__hh__hh_L3_nph2_scaling_weak_weak__geo__parent_powell200__iter50/stdout.log	paper_i_scaling_matrix_20260710_v1
3	true	not_applicable	powell	not_applicable	off	static_full_meta_append_adapt_vqe	append_only_with_replacement	paper_i_scaling_matrix_parent_powell200_20260710_v1		200	hh_L3_nph2_scaling_weak_weak	raw_outputs/paper_i_scaling_matrix_parent_powell200_20260710_v1/paper_i_scaling_matrix_parent_powell200_20260710_v1__hh__hh_L3_nph2_scaling_weak_weak__append__parent_powell200__iter50/cell_manifest.json	macro_only	chtc/phase3_optuna/input/paper_i_scaling_matrix_parent_powell200_20260710_v1/paper_i_scaling_matrix_code.tar.gz	d0982f4696eaecdde533aaf2194af0900fb5fa7c4adde301056cbab80354c3fb	raw_outputs/paper_i_scaling_matrix_parent_powell200_20260710_v1/paper_i_scaling_matrix_parent_powell200_20260710_v1__hh__hh_L3_nph2_scaling_weak_weak__append__parent_powell200__iter50/adapt_iteration_progress.jsonl	weak-weak	0981e2b04e9d558dd69c8448	chtc/phase3_optuna/input/paper_i_scaling_matrix_parent_powell200_20260710_v1/exact_energy_manifest.json	5fff8c67abff10a229a1ecd82dc08a25bc211d723727a82257930447d920d296	same_cutoff_exact_diagonalization	pipelines.exact_bench.static_reference_metrics.exact_energy_for_spec	10	-1.2240595038534747	2	50	hh	1	off	off	fixed_horizon_no_target_v1	block_only_adjacent_repeat_after_full_pool_selection	full_meta_unfiltered	chtc/phase3_optuna/input/paper_i_scaling_matrix_parent_powell200_20260710_v1/hh_generator_registry_cache_v1	disk	true	chtc/phase3_optuna/input/paper_i_scaling_matrix_parent_powell200_20260710_v1/hh_pool_cache_v1	chtc/phase3_optuna/input/paper_i_scaling_matrix_parent_powell200_20260710_v1/hh_cache_prewarm_manifest.json	disk	true	exact	locked:hh_outer_iteration_50	corrected_geo_append_estimator_accounting_20260710_v1	chtc/phase3_optuna/input/paper_i_scaling_matrix_parent_powell200_20260710_v1/implementation_lock.json	737fc83467002beaa820f1e411563c9877b5eaafb3dc203027c1e0d56fddff05	paper_i_scaling_matrix_parent_only	finite_size_cutoff_scaling_parent_generator_comparison	50	append	Append-ADAPT	2	2	true	POWELL	full_meta_parent_macro_generators_only_all_methods	off		50	200		off	200			200	full_meta_unfiltered	same_cutoff_abs_delta_e	paper_i_scaling_matrix_parent_powell200_20260710_v1__hh__hh_L3_nph2_scaling_weak_weak__append__parent_powell200__iter50	raw_outputs/paper_i_scaling_matrix_parent_powell200_20260710_v1/paper_i_scaling_matrix_parent_powell200_20260710_v1__hh__hh_L3_nph2_scaling_weak_weak__append__parent_powell200__iter50	1	61440	32768	1024	16	hh_12q_high_memory	raw_outputs/paper_i_scaling_matrix_parent_powell200_20260710_v1/paper_i_scaling_matrix_parent_powell200_20260710_v1__hh__hh_L3_nph2_scaling_weak_weak__append__parent_powell200__iter50/result/generic_static_single.json	candidate	true	primary	-1.2240595038534747	outer_selector_iterations_not_guaranteed_ansatz_depth	L;n_ph_work;outer_iteration_horizon;new_output_identity	physics_from_table_i_scaling_profile;Powell200;full_meta;parent_only	1	off	off	not_applicable	off	1	off	off	generic_static_exact_energy_env	user_locked_scaling_matrix_profile_no_visible_higher_size_anchor	raw_outputs/paper_i_scaling_matrix_parent_powell200_20260710_v1/paper_i_scaling_matrix_parent_powell200_20260710_v1__hh__hh_L3_nph2_scaling_weak_weak__append__parent_powell200__iter50/stderr.log	raw_outputs/paper_i_scaling_matrix_parent_powell200_20260710_v1/paper_i_scaling_matrix_parent_powell200_20260710_v1__hh__hh_L3_nph2_scaling_weak_weak__append__parent_powell200__iter50/stdout.log	paper_i_scaling_matrix_20260710_v1
3	true	2	powell	2	off	static_family_native_adapt_phase3	append_only_with_replacement	paper_i_scaling_matrix_parent_powell200_20260710_v1		200	hh_L3_nph2_scaling_intermediate_weak	raw_outputs/paper_i_scaling_matrix_parent_powell200_20260710_v1/paper_i_scaling_matrix_parent_powell200_20260710_v1__hh__hh_L3_nph2_scaling_intermediate_weak__snake__parent_powell200__iter50/cell_manifest.json	macro_only	chtc/phase3_optuna/input/paper_i_scaling_matrix_parent_powell200_20260710_v1/paper_i_scaling_matrix_code.tar.gz	d0982f4696eaecdde533aaf2194af0900fb5fa7c4adde301056cbab80354c3fb	raw_outputs/paper_i_scaling_matrix_parent_powell200_20260710_v1/paper_i_scaling_matrix_parent_powell200_20260710_v1__hh__hh_L3_nph2_scaling_intermediate_weak__snake__parent_powell200__iter50/result/hh_L3_nph2_scaling_intermediate_weak/json/current.json	intermediate-weak	74ca244fc9ba4afe478099ee	chtc/phase3_optuna/input/paper_i_scaling_matrix_parent_powell200_20260710_v1/exact_energy_manifest.json	5fff8c67abff10a229a1ecd82dc08a25bc211d723727a82257930447d920d296	same_cutoff_exact_diagonalization	pipelines.exact_bench.static_reference_metrics.exact_energy_for_spec	10	-0.6741628542918776	2	50	hh	1	off	off		block_only_adjacent_repeat_after_full_pool_selection	full_meta_unfiltered	chtc/phase3_optuna/input/paper_i_scaling_matrix_parent_powell200_20260710_v1/hh_generator_registry_cache_v1	disk	true	chtc/phase3_optuna/input/paper_i_scaling_matrix_parent_powell200_20260710_v1/hh_pool_cache_v1	chtc/phase3_optuna/input/paper_i_scaling_matrix_parent_powell200_20260710_v1/hh_cache_prewarm_manifest.json	disk	true	exact	locked:hh_outer_iteration_50	corrected_geo_append_estimator_accounting_20260710_v1	chtc/phase3_optuna/input/paper_i_scaling_matrix_parent_powell200_20260710_v1/implementation_lock.json	737fc83467002beaa820f1e411563c9877b5eaafb3dc203027c1e0d56fddff05	paper_i_scaling_matrix_parent_only	finite_size_cutoff_scaling_parent_generator_comparison	50	snake	SNAKE	2	2	true	POWELL	full_meta_parent_macro_generators_only_all_methods	off	2	50	200	2	off	200	chtc/phase3_optuna/input/paper_i_scaling_matrix_parent_powell200_20260710_v1/paper_i_scaling_matrix_snake_policy.json	65f535e90f932615d3e448ca92807c90b0af4657f2776916865c81111a0bcc4b	200	full_meta_unfiltered	same_cutoff_abs_delta_e	paper_i_scaling_matrix_parent_powell200_20260710_v1__hh__hh_L3_nph2_scaling_intermediate_weak__snake__parent_powell200__iter50	raw_outputs/paper_i_scaling_matrix_parent_powell200_20260710_v1/paper_i_scaling_matrix_parent_powell200_20260710_v1__hh__hh_L3_nph2_scaling_intermediate_weak__snake__parent_powell200__iter50	4	61440	32768	1024	16	hh_12q_high_memory	raw_outputs/paper_i_scaling_matrix_parent_powell200_20260710_v1/paper_i_scaling_matrix_parent_powell200_20260710_v1__hh__hh_L3_nph2_scaling_intermediate_weak__snake__parent_powell200__iter50/result/generic_static_single.json	candidate	true	primary	-0.6741628542918776	outer_selector_iterations_not_guaranteed_ansatz_depth	L;n_ph_work;outer_iteration_horizon;new_output_identity	physics_from_table_i_scaling_profile;Powell200;full_meta;parent_only	1	off	off	true	off	1	off	off	adapt_pipeline_internal_exact_gs_same_numeric	user_locked_scaling_matrix_profile_no_visible_higher_size_anchor	raw_outputs/paper_i_scaling_matrix_parent_powell200_20260710_v1/paper_i_scaling_matrix_parent_powell200_20260710_v1__hh__hh_L3_nph2_scaling_intermediate_weak__snake__parent_powell200__iter50/stderr.log	raw_outputs/paper_i_scaling_matrix_parent_powell200_20260710_v1/paper_i_scaling_matrix_parent_powell200_20260710_v1__hh__hh_L3_nph2_scaling_intermediate_weak__snake__parent_powell200__iter50/stdout.log	paper_i_scaling_matrix_20260710_v1
3	true	not_applicable	powell	not_applicable	off	static_geo_adapt_vqe	append_only_with_replacement	paper_i_scaling_matrix_parent_powell200_20260710_v1		200	hh_L3_nph2_scaling_intermediate_weak	raw_outputs/paper_i_scaling_matrix_parent_powell200_20260710_v1/paper_i_scaling_matrix_parent_powell200_20260710_v1__hh__hh_L3_nph2_scaling_intermediate_weak__geo__parent_powell200__iter50/cell_manifest.json	macro_only	chtc/phase3_optuna/input/paper_i_scaling_matrix_parent_powell200_20260710_v1/paper_i_scaling_matrix_code.tar.gz	d0982f4696eaecdde533aaf2194af0900fb5fa7c4adde301056cbab80354c3fb	raw_outputs/paper_i_scaling_matrix_parent_powell200_20260710_v1/paper_i_scaling_matrix_parent_powell200_20260710_v1__hh__hh_L3_nph2_scaling_intermediate_weak__geo__parent_powell200__iter50/adapt_iteration_progress.jsonl	intermediate-weak	74ca244fc9ba4afe478099ee	chtc/phase3_optuna/input/paper_i_scaling_matrix_parent_powell200_20260710_v1/exact_energy_manifest.json	5fff8c67abff10a229a1ecd82dc08a25bc211d723727a82257930447d920d296	same_cutoff_exact_diagonalization	pipelines.exact_bench.static_reference_metrics.exact_energy_for_spec	10	-0.6741628542918776	2	50	hh	1	off	off	fixed_horizon_no_target_v1	block_only_adjacent_repeat_after_full_pool_selection	full_meta_unfiltered	chtc/phase3_optuna/input/paper_i_scaling_matrix_parent_powell200_20260710_v1/hh_generator_registry_cache_v1	disk	true	chtc/phase3_optuna/input/paper_i_scaling_matrix_parent_powell200_20260710_v1/hh_pool_cache_v1	chtc/phase3_optuna/input/paper_i_scaling_matrix_parent_powell200_20260710_v1/hh_cache_prewarm_manifest.json	disk	true	exact	locked:hh_outer_iteration_50	corrected_geo_append_estimator_accounting_20260710_v1	chtc/phase3_optuna/input/paper_i_scaling_matrix_parent_powell200_20260710_v1/implementation_lock.json	737fc83467002beaa820f1e411563c9877b5eaafb3dc203027c1e0d56fddff05	paper_i_scaling_matrix_parent_only	finite_size_cutoff_scaling_parent_generator_comparison	50	geo	Geo-ADAPT	2	2	true	POWELL	full_meta_parent_macro_generators_only_all_methods	off		50	200		off	200			200	full_meta_unfiltered	same_cutoff_abs_delta_e	paper_i_scaling_matrix_parent_powell200_20260710_v1__hh__hh_L3_nph2_scaling_intermediate_weak__geo__parent_powell200__iter50	raw_outputs/paper_i_scaling_matrix_parent_powell200_20260710_v1/paper_i_scaling_matrix_parent_powell200_20260710_v1__hh__hh_L3_nph2_scaling_intermediate_weak__geo__parent_powell200__iter50	1	61440	32768	1024	16	hh_12q_high_memory	raw_outputs/paper_i_scaling_matrix_parent_powell200_20260710_v1/paper_i_scaling_matrix_parent_powell200_20260710_v1__hh__hh_L3_nph2_scaling_intermediate_weak__geo__parent_powell200__iter50/result/generic_static_single.json	candidate	true	primary	-0.6741628542918776	outer_selector_iterations_not_guaranteed_ansatz_depth	L;n_ph_work;outer_iteration_horizon;new_output_identity	physics_from_table_i_scaling_profile;Powell200;full_meta;parent_only	1	off	off	not_applicable	off	1	off	off	generic_static_exact_energy_env	user_locked_scaling_matrix_profile_no_visible_higher_size_anchor	raw_outputs/paper_i_scaling_matrix_parent_powell200_20260710_v1/paper_i_scaling_matrix_parent_powell200_20260710_v1__hh__hh_L3_nph2_scaling_intermediate_weak__geo__parent_powell200__iter50/stderr.log	raw_outputs/paper_i_scaling_matrix_parent_powell200_20260710_v1/paper_i_scaling_matrix_parent_powell200_20260710_v1__hh__hh_L3_nph2_scaling_intermediate_weak__geo__parent_powell200__iter50/stdout.log	paper_i_scaling_matrix_20260710_v1
3	true	not_applicable	powell	not_applicable	off	static_full_meta_append_adapt_vqe	append_only_with_replacement	paper_i_scaling_matrix_parent_powell200_20260710_v1		200	hh_L3_nph2_scaling_intermediate_weak	raw_outputs/paper_i_scaling_matrix_parent_powell200_20260710_v1/paper_i_scaling_matrix_parent_powell200_20260710_v1__hh__hh_L3_nph2_scaling_intermediate_weak__append__parent_powell200__iter50/cell_manifest.json	macro_only	chtc/phase3_optuna/input/paper_i_scaling_matrix_parent_powell200_20260710_v1/paper_i_scaling_matrix_code.tar.gz	d0982f4696eaecdde533aaf2194af0900fb5fa7c4adde301056cbab80354c3fb	raw_outputs/paper_i_scaling_matrix_parent_powell200_20260710_v1/paper_i_scaling_matrix_parent_powell200_20260710_v1__hh__hh_L3_nph2_scaling_intermediate_weak__append__parent_powell200__iter50/adapt_iteration_progress.jsonl	intermediate-weak	74ca244fc9ba4afe478099ee	chtc/phase3_optuna/input/paper_i_scaling_matrix_parent_powell200_20260710_v1/exact_energy_manifest.json	5fff8c67abff10a229a1ecd82dc08a25bc211d723727a82257930447d920d296	same_cutoff_exact_diagonalization	pipelines.exact_bench.static_reference_metrics.exact_energy_for_spec	10	-0.6741628542918776	2	50	hh	1	off	off	fixed_horizon_no_target_v1	block_only_adjacent_repeat_after_full_pool_selection	full_meta_unfiltered	chtc/phase3_optuna/input/paper_i_scaling_matrix_parent_powell200_20260710_v1/hh_generator_registry_cache_v1	disk	true	chtc/phase3_optuna/input/paper_i_scaling_matrix_parent_powell200_20260710_v1/hh_pool_cache_v1	chtc/phase3_optuna/input/paper_i_scaling_matrix_parent_powell200_20260710_v1/hh_cache_prewarm_manifest.json	disk	true	exact	locked:hh_outer_iteration_50	corrected_geo_append_estimator_accounting_20260710_v1	chtc/phase3_optuna/input/paper_i_scaling_matrix_parent_powell200_20260710_v1/implementation_lock.json	737fc83467002beaa820f1e411563c9877b5eaafb3dc203027c1e0d56fddff05	paper_i_scaling_matrix_parent_only	finite_size_cutoff_scaling_parent_generator_comparison	50	append	Append-ADAPT	2	2	true	POWELL	full_meta_parent_macro_generators_only_all_methods	off		50	200		off	200			200	full_meta_unfiltered	same_cutoff_abs_delta_e	paper_i_scaling_matrix_parent_powell200_20260710_v1__hh__hh_L3_nph2_scaling_intermediate_weak__append__parent_powell200__iter50	raw_outputs/paper_i_scaling_matrix_parent_powell200_20260710_v1/paper_i_scaling_matrix_parent_powell200_20260710_v1__hh__hh_L3_nph2_scaling_intermediate_weak__append__parent_powell200__iter50	1	61440	32768	1024	16	hh_12q_high_memory	raw_outputs/paper_i_scaling_matrix_parent_powell200_20260710_v1/paper_i_scaling_matrix_parent_powell200_20260710_v1__hh__hh_L3_nph2_scaling_intermediate_weak__append__parent_powell200__iter50/result/generic_static_single.json	candidate	true	primary	-0.6741628542918776	outer_selector_iterations_not_guaranteed_ansatz_depth	L;n_ph_work;outer_iteration_horizon;new_output_identity	physics_from_table_i_scaling_profile;Powell200;full_meta;parent_only	1	off	off	not_applicable	off	1	off	off	generic_static_exact_energy_env	user_locked_scaling_matrix_profile_no_visible_higher_size_anchor	raw_outputs/paper_i_scaling_matrix_parent_powell200_20260710_v1/paper_i_scaling_matrix_parent_powell200_20260710_v1__hh__hh_L3_nph2_scaling_intermediate_weak__append__parent_powell200__iter50/stderr.log	raw_outputs/paper_i_scaling_matrix_parent_powell200_20260710_v1/paper_i_scaling_matrix_parent_powell200_20260710_v1__hh__hh_L3_nph2_scaling_intermediate_weak__append__parent_powell200__iter50/stdout.log	paper_i_scaling_matrix_20260710_v1
3	true	2	powell	2	off	static_family_native_adapt_phase3	append_only_with_replacement	paper_i_scaling_matrix_parent_powell200_20260710_v1		200	hh_L3_nph2_scaling_strong_weak	raw_outputs/paper_i_scaling_matrix_parent_powell200_20260710_v1/paper_i_scaling_matrix_parent_powell200_20260710_v1__hh__hh_L3_nph2_scaling_strong_weak__snake__parent_powell200__iter50/cell_manifest.json	macro_only	chtc/phase3_optuna/input/paper_i_scaling_matrix_parent_powell200_20260710_v1/paper_i_scaling_matrix_code.tar.gz	d0982f4696eaecdde533aaf2194af0900fb5fa7c4adde301056cbab80354c3fb	raw_outputs/paper_i_scaling_matrix_parent_powell200_20260710_v1/paper_i_scaling_matrix_parent_powell200_20260710_v1__hh__hh_L3_nph2_scaling_strong_weak__snake__parent_powell200__iter50/result/hh_L3_nph2_scaling_strong_weak/json/current.json	strong-weak	a47d78ea3836a65e2badc475	chtc/phase3_optuna/input/paper_i_scaling_matrix_parent_powell200_20260710_v1/exact_energy_manifest.json	5fff8c67abff10a229a1ecd82dc08a25bc211d723727a82257930447d920d296	same_cutoff_exact_diagonalization	pipelines.exact_bench.static_reference_metrics.exact_energy_for_spec	10	0.7901779665530545	2	50	hh	1	off	off		block_only_adjacent_repeat_after_full_pool_selection	full_meta_unfiltered	chtc/phase3_optuna/input/paper_i_scaling_matrix_parent_powell200_20260710_v1/hh_generator_registry_cache_v1	disk	true	chtc/phase3_optuna/input/paper_i_scaling_matrix_parent_powell200_20260710_v1/hh_pool_cache_v1	chtc/phase3_optuna/input/paper_i_scaling_matrix_parent_powell200_20260710_v1/hh_cache_prewarm_manifest.json	disk	true	exact	locked:hh_outer_iteration_50	corrected_geo_append_estimator_accounting_20260710_v1	chtc/phase3_optuna/input/paper_i_scaling_matrix_parent_powell200_20260710_v1/implementation_lock.json	737fc83467002beaa820f1e411563c9877b5eaafb3dc203027c1e0d56fddff05	paper_i_scaling_matrix_parent_only	finite_size_cutoff_scaling_parent_generator_comparison	50	snake	SNAKE	2	2	true	POWELL	full_meta_parent_macro_generators_only_all_methods	off	2	50	200	2	off	200	chtc/phase3_optuna/input/paper_i_scaling_matrix_parent_powell200_20260710_v1/paper_i_scaling_matrix_snake_policy.json	65f535e90f932615d3e448ca92807c90b0af4657f2776916865c81111a0bcc4b	200	full_meta_unfiltered	same_cutoff_abs_delta_e	paper_i_scaling_matrix_parent_powell200_20260710_v1__hh__hh_L3_nph2_scaling_strong_weak__snake__parent_powell200__iter50	raw_outputs/paper_i_scaling_matrix_parent_powell200_20260710_v1/paper_i_scaling_matrix_parent_powell200_20260710_v1__hh__hh_L3_nph2_scaling_strong_weak__snake__parent_powell200__iter50	4	61440	32768	1024	16	hh_12q_high_memory	raw_outputs/paper_i_scaling_matrix_parent_powell200_20260710_v1/paper_i_scaling_matrix_parent_powell200_20260710_v1__hh__hh_L3_nph2_scaling_strong_weak__snake__parent_powell200__iter50/result/generic_static_single.json	candidate	true	primary	0.7901779665530545	outer_selector_iterations_not_guaranteed_ansatz_depth	L;n_ph_work;outer_iteration_horizon;new_output_identity	physics_from_table_i_scaling_profile;Powell200;full_meta;parent_only	1	off	off	true	off	1	off	off	adapt_pipeline_internal_exact_gs_same_numeric	user_locked_scaling_matrix_profile_no_visible_higher_size_anchor	raw_outputs/paper_i_scaling_matrix_parent_powell200_20260710_v1/paper_i_scaling_matrix_parent_powell200_20260710_v1__hh__hh_L3_nph2_scaling_strong_weak__snake__parent_powell200__iter50/stderr.log	raw_outputs/paper_i_scaling_matrix_parent_powell200_20260710_v1/paper_i_scaling_matrix_parent_powell200_20260710_v1__hh__hh_L3_nph2_scaling_strong_weak__snake__parent_powell200__iter50/stdout.log	paper_i_scaling_matrix_20260710_v1
3	true	not_applicable	powell	not_applicable	off	static_geo_adapt_vqe	append_only_with_replacement	paper_i_scaling_matrix_parent_powell200_20260710_v1		200	hh_L3_nph2_scaling_strong_weak	raw_outputs/paper_i_scaling_matrix_parent_powell200_20260710_v1/paper_i_scaling_matrix_parent_powell200_20260710_v1__hh__hh_L3_nph2_scaling_strong_weak__geo__parent_powell200__iter50/cell_manifest.json	macro_only	chtc/phase3_optuna/input/paper_i_scaling_matrix_parent_powell200_20260710_v1/paper_i_scaling_matrix_code.tar.gz	d0982f4696eaecdde533aaf2194af0900fb5fa7c4adde301056cbab80354c3fb	raw_outputs/paper_i_scaling_matrix_parent_powell200_20260710_v1/paper_i_scaling_matrix_parent_powell200_20260710_v1__hh__hh_L3_nph2_scaling_strong_weak__geo__parent_powell200__iter50/adapt_iteration_progress.jsonl	strong-weak	a47d78ea3836a65e2badc475	chtc/phase3_optuna/input/paper_i_scaling_matrix_parent_powell200_20260710_v1/exact_energy_manifest.json	5fff8c67abff10a229a1ecd82dc08a25bc211d723727a82257930447d920d296	same_cutoff_exact_diagonalization	pipelines.exact_bench.static_reference_metrics.exact_energy_for_spec	10	0.7901779665530545	2	50	hh	1	off	off	fixed_horizon_no_target_v1	block_only_adjacent_repeat_after_full_pool_selection	full_meta_unfiltered	chtc/phase3_optuna/input/paper_i_scaling_matrix_parent_powell200_20260710_v1/hh_generator_registry_cache_v1	disk	true	chtc/phase3_optuna/input/paper_i_scaling_matrix_parent_powell200_20260710_v1/hh_pool_cache_v1	chtc/phase3_optuna/input/paper_i_scaling_matrix_parent_powell200_20260710_v1/hh_cache_prewarm_manifest.json	disk	true	exact	locked:hh_outer_iteration_50	corrected_geo_append_estimator_accounting_20260710_v1	chtc/phase3_optuna/input/paper_i_scaling_matrix_parent_powell200_20260710_v1/implementation_lock.json	737fc83467002beaa820f1e411563c9877b5eaafb3dc203027c1e0d56fddff05	paper_i_scaling_matrix_parent_only	finite_size_cutoff_scaling_parent_generator_comparison	50	geo	Geo-ADAPT	2	2	true	POWELL	full_meta_parent_macro_generators_only_all_methods	off		50	200		off	200			200	full_meta_unfiltered	same_cutoff_abs_delta_e	paper_i_scaling_matrix_parent_powell200_20260710_v1__hh__hh_L3_nph2_scaling_strong_weak__geo__parent_powell200__iter50	raw_outputs/paper_i_scaling_matrix_parent_powell200_20260710_v1/paper_i_scaling_matrix_parent_powell200_20260710_v1__hh__hh_L3_nph2_scaling_strong_weak__geo__parent_powell200__iter50	1	61440	32768	1024	16	hh_12q_high_memory	raw_outputs/paper_i_scaling_matrix_parent_powell200_20260710_v1/paper_i_scaling_matrix_parent_powell200_20260710_v1__hh__hh_L3_nph2_scaling_strong_weak__geo__parent_powell200__iter50/result/generic_static_single.json	candidate	true	primary	0.7901779665530545	outer_selector_iterations_not_guaranteed_ansatz_depth	L;n_ph_work;outer_iteration_horizon;new_output_identity	physics_from_table_i_scaling_profile;Powell200;full_meta;parent_only	1	off	off	not_applicable	off	1	off	off	generic_static_exact_energy_env	user_locked_scaling_matrix_profile_no_visible_higher_size_anchor	raw_outputs/paper_i_scaling_matrix_parent_powell200_20260710_v1/paper_i_scaling_matrix_parent_powell200_20260710_v1__hh__hh_L3_nph2_scaling_strong_weak__geo__parent_powell200__iter50/stderr.log	raw_outputs/paper_i_scaling_matrix_parent_powell200_20260710_v1/paper_i_scaling_matrix_parent_powell200_20260710_v1__hh__hh_L3_nph2_scaling_strong_weak__geo__parent_powell200__iter50/stdout.log	paper_i_scaling_matrix_20260710_v1
3	true	not_applicable	powell	not_applicable	off	static_full_meta_append_adapt_vqe	append_only_with_replacement	paper_i_scaling_matrix_parent_powell200_20260710_v1		200	hh_L3_nph2_scaling_strong_weak	raw_outputs/paper_i_scaling_matrix_parent_powell200_20260710_v1/paper_i_scaling_matrix_parent_powell200_20260710_v1__hh__hh_L3_nph2_scaling_strong_weak__append__parent_powell200__iter50/cell_manifest.json	macro_only	chtc/phase3_optuna/input/paper_i_scaling_matrix_parent_powell200_20260710_v1/paper_i_scaling_matrix_code.tar.gz	d0982f4696eaecdde533aaf2194af0900fb5fa7c4adde301056cbab80354c3fb	raw_outputs/paper_i_scaling_matrix_parent_powell200_20260710_v1/paper_i_scaling_matrix_parent_powell200_20260710_v1__hh__hh_L3_nph2_scaling_strong_weak__append__parent_powell200__iter50/adapt_iteration_progress.jsonl	strong-weak	a47d78ea3836a65e2badc475	chtc/phase3_optuna/input/paper_i_scaling_matrix_parent_powell200_20260710_v1/exact_energy_manifest.json	5fff8c67abff10a229a1ecd82dc08a25bc211d723727a82257930447d920d296	same_cutoff_exact_diagonalization	pipelines.exact_bench.static_reference_metrics.exact_energy_for_spec	10	0.7901779665530545	2	50	hh	1	off	off	fixed_horizon_no_target_v1	block_only_adjacent_repeat_after_full_pool_selection	full_meta_unfiltered	chtc/phase3_optuna/input/paper_i_scaling_matrix_parent_powell200_20260710_v1/hh_generator_registry_cache_v1	disk	true	chtc/phase3_optuna/input/paper_i_scaling_matrix_parent_powell200_20260710_v1/hh_pool_cache_v1	chtc/phase3_optuna/input/paper_i_scaling_matrix_parent_powell200_20260710_v1/hh_cache_prewarm_manifest.json	disk	true	exact	locked:hh_outer_iteration_50	corrected_geo_append_estimator_accounting_20260710_v1	chtc/phase3_optuna/input/paper_i_scaling_matrix_parent_powell200_20260710_v1/implementation_lock.json	737fc83467002beaa820f1e411563c9877b5eaafb3dc203027c1e0d56fddff05	paper_i_scaling_matrix_parent_only	finite_size_cutoff_scaling_parent_generator_comparison	50	append	Append-ADAPT	2	2	true	POWELL	full_meta_parent_macro_generators_only_all_methods	off		50	200		off	200			200	full_meta_unfiltered	same_cutoff_abs_delta_e	paper_i_scaling_matrix_parent_powell200_20260710_v1__hh__hh_L3_nph2_scaling_strong_weak__append__parent_powell200__iter50	raw_outputs/paper_i_scaling_matrix_parent_powell200_20260710_v1/paper_i_scaling_matrix_parent_powell200_20260710_v1__hh__hh_L3_nph2_scaling_strong_weak__append__parent_powell200__iter50	1	61440	32768	1024	16	hh_12q_high_memory	raw_outputs/paper_i_scaling_matrix_parent_powell200_20260710_v1/paper_i_scaling_matrix_parent_powell200_20260710_v1__hh__hh_L3_nph2_scaling_strong_weak__append__parent_powell200__iter50/result/generic_static_single.json	candidate	true	primary	0.7901779665530545	outer_selector_iterations_not_guaranteed_ansatz_depth	L;n_ph_work;outer_iteration_horizon;new_output_identity	physics_from_table_i_scaling_profile;Powell200;full_meta;parent_only	1	off	off	not_applicable	off	1	off	off	generic_static_exact_energy_env	user_locked_scaling_matrix_profile_no_visible_higher_size_anchor	raw_outputs/paper_i_scaling_matrix_parent_powell200_20260710_v1/paper_i_scaling_matrix_parent_powell200_20260710_v1__hh__hh_L3_nph2_scaling_strong_weak__append__parent_powell200__iter50/stderr.log	raw_outputs/paper_i_scaling_matrix_parent_powell200_20260710_v1/paper_i_scaling_matrix_parent_powell200_20260710_v1__hh__hh_L3_nph2_scaling_strong_weak__append__parent_powell200__iter50/stdout.log	paper_i_scaling_matrix_20260710_v1
3	true	2	powell	2	off	static_family_native_adapt_phase3	append_only_with_replacement	paper_i_scaling_matrix_parent_powell200_20260710_v1		200	hh_L3_nph2_scaling_weak_strong	raw_outputs/paper_i_scaling_matrix_parent_powell200_20260710_v1/paper_i_scaling_matrix_parent_powell200_20260710_v1__hh__hh_L3_nph2_scaling_weak_strong__snake__parent_powell200__iter50/cell_manifest.json	macro_only	chtc/phase3_optuna/input/paper_i_scaling_matrix_parent_powell200_20260710_v1/paper_i_scaling_matrix_code.tar.gz	d0982f4696eaecdde533aaf2194af0900fb5fa7c4adde301056cbab80354c3fb	raw_outputs/paper_i_scaling_matrix_parent_powell200_20260710_v1/paper_i_scaling_matrix_parent_powell200_20260710_v1__hh__hh_L3_nph2_scaling_weak_strong__snake__parent_powell200__iter50/result/hh_L3_nph2_scaling_weak_strong/json/current.json	weak-strong	b643395f1125699ef492dc32	chtc/phase3_optuna/input/paper_i_scaling_matrix_parent_powell200_20260710_v1/exact_energy_manifest.json	5fff8c67abff10a229a1ecd82dc08a25bc211d723727a82257930447d920d296	same_cutoff_exact_diagonalization	pipelines.exact_bench.static_reference_metrics.exact_energy_for_spec	10	-1.4624650950309868	2	50	hh	1	off	off		block_only_adjacent_repeat_after_full_pool_selection	full_meta_unfiltered	chtc/phase3_optuna/input/paper_i_scaling_matrix_parent_powell200_20260710_v1/hh_generator_registry_cache_v1	disk	true	chtc/phase3_optuna/input/paper_i_scaling_matrix_parent_powell200_20260710_v1/hh_pool_cache_v1	chtc/phase3_optuna/input/paper_i_scaling_matrix_parent_powell200_20260710_v1/hh_cache_prewarm_manifest.json	disk	true	exact	locked:hh_outer_iteration_50	corrected_geo_append_estimator_accounting_20260710_v1	chtc/phase3_optuna/input/paper_i_scaling_matrix_parent_powell200_20260710_v1/implementation_lock.json	737fc83467002beaa820f1e411563c9877b5eaafb3dc203027c1e0d56fddff05	paper_i_scaling_matrix_parent_only	finite_size_cutoff_scaling_parent_generator_comparison	50	snake	SNAKE	2	2	true	POWELL	full_meta_parent_macro_generators_only_all_methods	off	2	50	200	2	off	200	chtc/phase3_optuna/input/paper_i_scaling_matrix_parent_powell200_20260710_v1/paper_i_scaling_matrix_snake_policy.json	65f535e90f932615d3e448ca92807c90b0af4657f2776916865c81111a0bcc4b	200	full_meta_unfiltered	same_cutoff_abs_delta_e	paper_i_scaling_matrix_parent_powell200_20260710_v1__hh__hh_L3_nph2_scaling_weak_strong__snake__parent_powell200__iter50	raw_outputs/paper_i_scaling_matrix_parent_powell200_20260710_v1/paper_i_scaling_matrix_parent_powell200_20260710_v1__hh__hh_L3_nph2_scaling_weak_strong__snake__parent_powell200__iter50	4	61440	32768	1024	16	hh_12q_high_memory	raw_outputs/paper_i_scaling_matrix_parent_powell200_20260710_v1/paper_i_scaling_matrix_parent_powell200_20260710_v1__hh__hh_L3_nph2_scaling_weak_strong__snake__parent_powell200__iter50/result/generic_static_single.json	candidate	true	primary	-1.4624650950309868	outer_selector_iterations_not_guaranteed_ansatz_depth	L;n_ph_work;outer_iteration_horizon;new_output_identity	physics_from_table_i_scaling_profile;Powell200;full_meta;parent_only	1	off	off	true	off	1	off	off	adapt_pipeline_internal_exact_gs_same_numeric	user_locked_scaling_matrix_profile_no_visible_higher_size_anchor	raw_outputs/paper_i_scaling_matrix_parent_powell200_20260710_v1/paper_i_scaling_matrix_parent_powell200_20260710_v1__hh__hh_L3_nph2_scaling_weak_strong__snake__parent_powell200__iter50/stderr.log	raw_outputs/paper_i_scaling_matrix_parent_powell200_20260710_v1/paper_i_scaling_matrix_parent_powell200_20260710_v1__hh__hh_L3_nph2_scaling_weak_strong__snake__parent_powell200__iter50/stdout.log	paper_i_scaling_matrix_20260710_v1
3	true	not_applicable	powell	not_applicable	off	static_geo_adapt_vqe	append_only_with_replacement	paper_i_scaling_matrix_parent_powell200_20260710_v1		200	hh_L3_nph2_scaling_weak_strong	raw_outputs/paper_i_scaling_matrix_parent_powell200_20260710_v1/paper_i_scaling_matrix_parent_powell200_20260710_v1__hh__hh_L3_nph2_scaling_weak_strong__geo__parent_powell200__iter50/cell_manifest.json	macro_only	chtc/phase3_optuna/input/paper_i_scaling_matrix_parent_powell200_20260710_v1/paper_i_scaling_matrix_code.tar.gz	d0982f4696eaecdde533aaf2194af0900fb5fa7c4adde301056cbab80354c3fb	raw_outputs/paper_i_scaling_matrix_parent_powell200_20260710_v1/paper_i_scaling_matrix_parent_powell200_20260710_v1__hh__hh_L3_nph2_scaling_weak_strong__geo__parent_powell200__iter50/adapt_iteration_progress.jsonl	weak-strong	b643395f1125699ef492dc32	chtc/phase3_optuna/input/paper_i_scaling_matrix_parent_powell200_20260710_v1/exact_energy_manifest.json	5fff8c67abff10a229a1ecd82dc08a25bc211d723727a82257930447d920d296	same_cutoff_exact_diagonalization	pipelines.exact_bench.static_reference_metrics.exact_energy_for_spec	10	-1.4624650950309868	2	50	hh	1	off	off	fixed_horizon_no_target_v1	block_only_adjacent_repeat_after_full_pool_selection	full_meta_unfiltered	chtc/phase3_optuna/input/paper_i_scaling_matrix_parent_powell200_20260710_v1/hh_generator_registry_cache_v1	disk	true	chtc/phase3_optuna/input/paper_i_scaling_matrix_parent_powell200_20260710_v1/hh_pool_cache_v1	chtc/phase3_optuna/input/paper_i_scaling_matrix_parent_powell200_20260710_v1/hh_cache_prewarm_manifest.json	disk	true	exact	locked:hh_outer_iteration_50	corrected_geo_append_estimator_accounting_20260710_v1	chtc/phase3_optuna/input/paper_i_scaling_matrix_parent_powell200_20260710_v1/implementation_lock.json	737fc83467002beaa820f1e411563c9877b5eaafb3dc203027c1e0d56fddff05	paper_i_scaling_matrix_parent_only	finite_size_cutoff_scaling_parent_generator_comparison	50	geo	Geo-ADAPT	2	2	true	POWELL	full_meta_parent_macro_generators_only_all_methods	off		50	200		off	200			200	full_meta_unfiltered	same_cutoff_abs_delta_e	paper_i_scaling_matrix_parent_powell200_20260710_v1__hh__hh_L3_nph2_scaling_weak_strong__geo__parent_powell200__iter50	raw_outputs/paper_i_scaling_matrix_parent_powell200_20260710_v1/paper_i_scaling_matrix_parent_powell200_20260710_v1__hh__hh_L3_nph2_scaling_weak_strong__geo__parent_powell200__iter50	1	61440	32768	1024	16	hh_12q_high_memory	raw_outputs/paper_i_scaling_matrix_parent_powell200_20260710_v1/paper_i_scaling_matrix_parent_powell200_20260710_v1__hh__hh_L3_nph2_scaling_weak_strong__geo__parent_powell200__iter50/result/generic_static_single.json	candidate	true	primary	-1.4624650950309868	outer_selector_iterations_not_guaranteed_ansatz_depth	L;n_ph_work;outer_iteration_horizon;new_output_identity	physics_from_table_i_scaling_profile;Powell200;full_meta;parent_only	1	off	off	not_applicable	off	1	off	off	generic_static_exact_energy_env	user_locked_scaling_matrix_profile_no_visible_higher_size_anchor	raw_outputs/paper_i_scaling_matrix_parent_powell200_20260710_v1/paper_i_scaling_matrix_parent_powell200_20260710_v1__hh__hh_L3_nph2_scaling_weak_strong__geo__parent_powell200__iter50/stderr.log	raw_outputs/paper_i_scaling_matrix_parent_powell200_20260710_v1/paper_i_scaling_matrix_parent_powell200_20260710_v1__hh__hh_L3_nph2_scaling_weak_strong__geo__parent_powell200__iter50/stdout.log	paper_i_scaling_matrix_20260710_v1
3	true	not_applicable	powell	not_applicable	off	static_full_meta_append_adapt_vqe	append_only_with_replacement	paper_i_scaling_matrix_parent_powell200_20260710_v1		200	hh_L3_nph2_scaling_weak_strong	raw_outputs/paper_i_scaling_matrix_parent_powell200_20260710_v1/paper_i_scaling_matrix_parent_powell200_20260710_v1__hh__hh_L3_nph2_scaling_weak_strong__append__parent_powell200__iter50/cell_manifest.json	macro_only	chtc/phase3_optuna/input/paper_i_scaling_matrix_parent_powell200_20260710_v1/paper_i_scaling_matrix_code.tar.gz	d0982f4696eaecdde533aaf2194af0900fb5fa7c4adde301056cbab80354c3fb	raw_outputs/paper_i_scaling_matrix_parent_powell200_20260710_v1/paper_i_scaling_matrix_parent_powell200_20260710_v1__hh__hh_L3_nph2_scaling_weak_strong__append__parent_powell200__iter50/adapt_iteration_progress.jsonl	weak-strong	b643395f1125699ef492dc32	chtc/phase3_optuna/input/paper_i_scaling_matrix_parent_powell200_20260710_v1/exact_energy_manifest.json	5fff8c67abff10a229a1ecd82dc08a25bc211d723727a82257930447d920d296	same_cutoff_exact_diagonalization	pipelines.exact_bench.static_reference_metrics.exact_energy_for_spec	10	-1.4624650950309868	2	50	hh	1	off	off	fixed_horizon_no_target_v1	block_only_adjacent_repeat_after_full_pool_selection	full_meta_unfiltered	chtc/phase3_optuna/input/paper_i_scaling_matrix_parent_powell200_20260710_v1/hh_generator_registry_cache_v1	disk	true	chtc/phase3_optuna/input/paper_i_scaling_matrix_parent_powell200_20260710_v1/hh_pool_cache_v1	chtc/phase3_optuna/input/paper_i_scaling_matrix_parent_powell200_20260710_v1/hh_cache_prewarm_manifest.json	disk	true	exact	locked:hh_outer_iteration_50	corrected_geo_append_estimator_accounting_20260710_v1	chtc/phase3_optuna/input/paper_i_scaling_matrix_parent_powell200_20260710_v1/implementation_lock.json	737fc83467002beaa820f1e411563c9877b5eaafb3dc203027c1e0d56fddff05	paper_i_scaling_matrix_parent_only	finite_size_cutoff_scaling_parent_generator_comparison	50	append	Append-ADAPT	2	2	true	POWELL	full_meta_parent_macro_generators_only_all_methods	off		50	200		off	200			200	full_meta_unfiltered	same_cutoff_abs_delta_e	paper_i_scaling_matrix_parent_powell200_20260710_v1__hh__hh_L3_nph2_scaling_weak_strong__append__parent_powell200__iter50	raw_outputs/paper_i_scaling_matrix_parent_powell200_20260710_v1/paper_i_scaling_matrix_parent_powell200_20260710_v1__hh__hh_L3_nph2_scaling_weak_strong__append__parent_powell200__iter50	1	61440	32768	1024	16	hh_12q_high_memory	raw_outputs/paper_i_scaling_matrix_parent_powell200_20260710_v1/paper_i_scaling_matrix_parent_powell200_20260710_v1__hh__hh_L3_nph2_scaling_weak_strong__append__parent_powell200__iter50/result/generic_static_single.json	candidate	true	primary	-1.4624650950309868	outer_selector_iterations_not_guaranteed_ansatz_depth	L;n_ph_work;outer_iteration_horizon;new_output_identity	physics_from_table_i_scaling_profile;Powell200;full_meta;parent_only	1	off	off	not_applicable	off	1	off	off	generic_static_exact_energy_env	user_locked_scaling_matrix_profile_no_visible_higher_size_anchor	raw_outputs/paper_i_scaling_matrix_parent_powell200_20260710_v1/paper_i_scaling_matrix_parent_powell200_20260710_v1__hh__hh_L3_nph2_scaling_weak_strong__append__parent_powell200__iter50/stderr.log	raw_outputs/paper_i_scaling_matrix_parent_powell200_20260710_v1/paper_i_scaling_matrix_parent_powell200_20260710_v1__hh__hh_L3_nph2_scaling_weak_strong__append__parent_powell200__iter50/stdout.log	paper_i_scaling_matrix_20260710_v1
3	true	2	powell	2	off	static_family_native_adapt_phase3	append_only_with_replacement	paper_i_scaling_matrix_parent_powell200_20260710_v1		200	hh_L3_nph2_scaling_intermediate_strong	raw_outputs/paper_i_scaling_matrix_parent_powell200_20260710_v1/paper_i_scaling_matrix_parent_powell200_20260710_v1__hh__hh_L3_nph2_scaling_intermediate_strong__snake__parent_powell200__iter50/cell_manifest.json	macro_only	chtc/phase3_optuna/input/paper_i_scaling_matrix_parent_powell200_20260710_v1/paper_i_scaling_matrix_code.tar.gz	d0982f4696eaecdde533aaf2194af0900fb5fa7c4adde301056cbab80354c3fb	raw_outputs/paper_i_scaling_matrix_parent_powell200_20260710_v1/paper_i_scaling_matrix_parent_powell200_20260710_v1__hh__hh_L3_nph2_scaling_intermediate_strong__snake__parent_powell200__iter50/result/hh_L3_nph2_scaling_intermediate_strong/json/current.json	intermediate-strong	889803677f4adfb32ddc6eb1	chtc/phase3_optuna/input/paper_i_scaling_matrix_parent_powell200_20260710_v1/exact_energy_manifest.json	5fff8c67abff10a229a1ecd82dc08a25bc211d723727a82257930447d920d296	same_cutoff_exact_diagonalization	pipelines.exact_bench.static_reference_metrics.exact_energy_for_spec	10	-0.8338830589236457	2	50	hh	1	off	off		block_only_adjacent_repeat_after_full_pool_selection	full_meta_unfiltered	chtc/phase3_optuna/input/paper_i_scaling_matrix_parent_powell200_20260710_v1/hh_generator_registry_cache_v1	disk	true	chtc/phase3_optuna/input/paper_i_scaling_matrix_parent_powell200_20260710_v1/hh_pool_cache_v1	chtc/phase3_optuna/input/paper_i_scaling_matrix_parent_powell200_20260710_v1/hh_cache_prewarm_manifest.json	disk	true	exact	locked:hh_outer_iteration_50	corrected_geo_append_estimator_accounting_20260710_v1	chtc/phase3_optuna/input/paper_i_scaling_matrix_parent_powell200_20260710_v1/implementation_lock.json	737fc83467002beaa820f1e411563c9877b5eaafb3dc203027c1e0d56fddff05	paper_i_scaling_matrix_parent_only	finite_size_cutoff_scaling_parent_generator_comparison	50	snake	SNAKE	2	2	true	POWELL	full_meta_parent_macro_generators_only_all_methods	off	2	50	200	2	off	200	chtc/phase3_optuna/input/paper_i_scaling_matrix_parent_powell200_20260710_v1/paper_i_scaling_matrix_snake_policy.json	65f535e90f932615d3e448ca92807c90b0af4657f2776916865c81111a0bcc4b	200	full_meta_unfiltered	same_cutoff_abs_delta_e	paper_i_scaling_matrix_parent_powell200_20260710_v1__hh__hh_L3_nph2_scaling_intermediate_strong__snake__parent_powell200__iter50	raw_outputs/paper_i_scaling_matrix_parent_powell200_20260710_v1/paper_i_scaling_matrix_parent_powell200_20260710_v1__hh__hh_L3_nph2_scaling_intermediate_strong__snake__parent_powell200__iter50	4	61440	32768	1024	16	hh_12q_high_memory	raw_outputs/paper_i_scaling_matrix_parent_powell200_20260710_v1/paper_i_scaling_matrix_parent_powell200_20260710_v1__hh__hh_L3_nph2_scaling_intermediate_strong__snake__parent_powell200__iter50/result/generic_static_single.json	candidate	true	primary	-0.8338830589236457	outer_selector_iterations_not_guaranteed_ansatz_depth	L;n_ph_work;outer_iteration_horizon;new_output_identity	physics_from_table_i_scaling_profile;Powell200;full_meta;parent_only	1	off	off	true	off	1	off	off	adapt_pipeline_internal_exact_gs_same_numeric	user_locked_scaling_matrix_profile_no_visible_higher_size_anchor	raw_outputs/paper_i_scaling_matrix_parent_powell200_20260710_v1/paper_i_scaling_matrix_parent_powell200_20260710_v1__hh__hh_L3_nph2_scaling_intermediate_strong__snake__parent_powell200__iter50/stderr.log	raw_outputs/paper_i_scaling_matrix_parent_powell200_20260710_v1/paper_i_scaling_matrix_parent_powell200_20260710_v1__hh__hh_L3_nph2_scaling_intermediate_strong__snake__parent_powell200__iter50/stdout.log	paper_i_scaling_matrix_20260710_v1
3	true	not_applicable	powell	not_applicable	off	static_geo_adapt_vqe	append_only_with_replacement	paper_i_scaling_matrix_parent_powell200_20260710_v1		200	hh_L3_nph2_scaling_intermediate_strong	raw_outputs/paper_i_scaling_matrix_parent_powell200_20260710_v1/paper_i_scaling_matrix_parent_powell200_20260710_v1__hh__hh_L3_nph2_scaling_intermediate_strong__geo__parent_powell200__iter50/cell_manifest.json	macro_only	chtc/phase3_optuna/input/paper_i_scaling_matrix_parent_powell200_20260710_v1/paper_i_scaling_matrix_code.tar.gz	d0982f4696eaecdde533aaf2194af0900fb5fa7c4adde301056cbab80354c3fb	raw_outputs/paper_i_scaling_matrix_parent_powell200_20260710_v1/paper_i_scaling_matrix_parent_powell200_20260710_v1__hh__hh_L3_nph2_scaling_intermediate_strong__geo__parent_powell200__iter50/adapt_iteration_progress.jsonl	intermediate-strong	889803677f4adfb32ddc6eb1	chtc/phase3_optuna/input/paper_i_scaling_matrix_parent_powell200_20260710_v1/exact_energy_manifest.json	5fff8c67abff10a229a1ecd82dc08a25bc211d723727a82257930447d920d296	same_cutoff_exact_diagonalization	pipelines.exact_bench.static_reference_metrics.exact_energy_for_spec	10	-0.8338830589236457	2	50	hh	1	off	off	fixed_horizon_no_target_v1	block_only_adjacent_repeat_after_full_pool_selection	full_meta_unfiltered	chtc/phase3_optuna/input/paper_i_scaling_matrix_parent_powell200_20260710_v1/hh_generator_registry_cache_v1	disk	true	chtc/phase3_optuna/input/paper_i_scaling_matrix_parent_powell200_20260710_v1/hh_pool_cache_v1	chtc/phase3_optuna/input/paper_i_scaling_matrix_parent_powell200_20260710_v1/hh_cache_prewarm_manifest.json	disk	true	exact	locked:hh_outer_iteration_50	corrected_geo_append_estimator_accounting_20260710_v1	chtc/phase3_optuna/input/paper_i_scaling_matrix_parent_powell200_20260710_v1/implementation_lock.json	737fc83467002beaa820f1e411563c9877b5eaafb3dc203027c1e0d56fddff05	paper_i_scaling_matrix_parent_only	finite_size_cutoff_scaling_parent_generator_comparison	50	geo	Geo-ADAPT	2	2	true	POWELL	full_meta_parent_macro_generators_only_all_methods	off		50	200		off	200			200	full_meta_unfiltered	same_cutoff_abs_delta_e	paper_i_scaling_matrix_parent_powell200_20260710_v1__hh__hh_L3_nph2_scaling_intermediate_strong__geo__parent_powell200__iter50	raw_outputs/paper_i_scaling_matrix_parent_powell200_20260710_v1/paper_i_scaling_matrix_parent_powell200_20260710_v1__hh__hh_L3_nph2_scaling_intermediate_strong__geo__parent_powell200__iter50	1	61440	32768	1024	16	hh_12q_high_memory	raw_outputs/paper_i_scaling_matrix_parent_powell200_20260710_v1/paper_i_scaling_matrix_parent_powell200_20260710_v1__hh__hh_L3_nph2_scaling_intermediate_strong__geo__parent_powell200__iter50/result/generic_static_single.json	candidate	true	primary	-0.8338830589236457	outer_selector_iterations_not_guaranteed_ansatz_depth	L;n_ph_work;outer_iteration_horizon;new_output_identity	physics_from_table_i_scaling_profile;Powell200;full_meta;parent_only	1	off	off	not_applicable	off	1	off	off	generic_static_exact_energy_env	user_locked_scaling_matrix_profile_no_visible_higher_size_anchor	raw_outputs/paper_i_scaling_matrix_parent_powell200_20260710_v1/paper_i_scaling_matrix_parent_powell200_20260710_v1__hh__hh_L3_nph2_scaling_intermediate_strong__geo__parent_powell200__iter50/stderr.log	raw_outputs/paper_i_scaling_matrix_parent_powell200_20260710_v1/paper_i_scaling_matrix_parent_powell200_20260710_v1__hh__hh_L3_nph2_scaling_intermediate_strong__geo__parent_powell200__iter50/stdout.log	paper_i_scaling_matrix_20260710_v1
3	true	not_applicable	powell	not_applicable	off	static_full_meta_append_adapt_vqe	append_only_with_replacement	paper_i_scaling_matrix_parent_powell200_20260710_v1		200	hh_L3_nph2_scaling_intermediate_strong	raw_outputs/paper_i_scaling_matrix_parent_powell200_20260710_v1/paper_i_scaling_matrix_parent_powell200_20260710_v1__hh__hh_L3_nph2_scaling_intermediate_strong__append__parent_powell200__iter50/cell_manifest.json	macro_only	chtc/phase3_optuna/input/paper_i_scaling_matrix_parent_powell200_20260710_v1/paper_i_scaling_matrix_code.tar.gz	d0982f4696eaecdde533aaf2194af0900fb5fa7c4adde301056cbab80354c3fb	raw_outputs/paper_i_scaling_matrix_parent_powell200_20260710_v1/paper_i_scaling_matrix_parent_powell200_20260710_v1__hh__hh_L3_nph2_scaling_intermediate_strong__append__parent_powell200__iter50/adapt_iteration_progress.jsonl	intermediate-strong	889803677f4adfb32ddc6eb1	chtc/phase3_optuna/input/paper_i_scaling_matrix_parent_powell200_20260710_v1/exact_energy_manifest.json	5fff8c67abff10a229a1ecd82dc08a25bc211d723727a82257930447d920d296	same_cutoff_exact_diagonalization	pipelines.exact_bench.static_reference_metrics.exact_energy_for_spec	10	-0.8338830589236457	2	50	hh	1	off	off	fixed_horizon_no_target_v1	block_only_adjacent_repeat_after_full_pool_selection	full_meta_unfiltered	chtc/phase3_optuna/input/paper_i_scaling_matrix_parent_powell200_20260710_v1/hh_generator_registry_cache_v1	disk	true	chtc/phase3_optuna/input/paper_i_scaling_matrix_parent_powell200_20260710_v1/hh_pool_cache_v1	chtc/phase3_optuna/input/paper_i_scaling_matrix_parent_powell200_20260710_v1/hh_cache_prewarm_manifest.json	disk	true	exact	locked:hh_outer_iteration_50	corrected_geo_append_estimator_accounting_20260710_v1	chtc/phase3_optuna/input/paper_i_scaling_matrix_parent_powell200_20260710_v1/implementation_lock.json	737fc83467002beaa820f1e411563c9877b5eaafb3dc203027c1e0d56fddff05	paper_i_scaling_matrix_parent_only	finite_size_cutoff_scaling_parent_generator_comparison	50	append	Append-ADAPT	2	2	true	POWELL	full_meta_parent_macro_generators_only_all_methods	off		50	200		off	200			200	full_meta_unfiltered	same_cutoff_abs_delta_e	paper_i_scaling_matrix_parent_powell200_20260710_v1__hh__hh_L3_nph2_scaling_intermediate_strong__append__parent_powell200__iter50	raw_outputs/paper_i_scaling_matrix_parent_powell200_20260710_v1/paper_i_scaling_matrix_parent_powell200_20260710_v1__hh__hh_L3_nph2_scaling_intermediate_strong__append__parent_powell200__iter50	1	61440	32768	1024	16	hh_12q_high_memory	raw_outputs/paper_i_scaling_matrix_parent_powell200_20260710_v1/paper_i_scaling_matrix_parent_powell200_20260710_v1__hh__hh_L3_nph2_scaling_intermediate_strong__append__parent_powell200__iter50/result/generic_static_single.json	candidate	true	primary	-0.8338830589236457	outer_selector_iterations_not_guaranteed_ansatz_depth	L;n_ph_work;outer_iteration_horizon;new_output_identity	physics_from_table_i_scaling_profile;Powell200;full_meta;parent_only	1	off	off	not_applicable	off	1	off	off	generic_static_exact_energy_env	user_locked_scaling_matrix_profile_no_visible_higher_size_anchor	raw_outputs/paper_i_scaling_matrix_parent_powell200_20260710_v1/paper_i_scaling_matrix_parent_powell200_20260710_v1__hh__hh_L3_nph2_scaling_intermediate_strong__append__parent_powell200__iter50/stderr.log	raw_outputs/paper_i_scaling_matrix_parent_powell200_20260710_v1/paper_i_scaling_matrix_parent_powell200_20260710_v1__hh__hh_L3_nph2_scaling_intermediate_strong__append__parent_powell200__iter50/stdout.log	paper_i_scaling_matrix_20260710_v1
3	true	2	powell	2	off	static_family_native_adapt_phase3	append_only_with_replacement	paper_i_scaling_matrix_parent_powell200_20260710_v1		200	hh_L3_nph2_scaling_strong_strong	raw_outputs/paper_i_scaling_matrix_parent_powell200_20260710_v1/paper_i_scaling_matrix_parent_powell200_20260710_v1__hh__hh_L3_nph2_scaling_strong_strong__snake__parent_powell200__iter50/cell_manifest.json	macro_only	chtc/phase3_optuna/input/paper_i_scaling_matrix_parent_powell200_20260710_v1/paper_i_scaling_matrix_code.tar.gz	d0982f4696eaecdde533aaf2194af0900fb5fa7c4adde301056cbab80354c3fb	raw_outputs/paper_i_scaling_matrix_parent_powell200_20260710_v1/paper_i_scaling_matrix_parent_powell200_20260710_v1__hh__hh_L3_nph2_scaling_strong_strong__snake__parent_powell200__iter50/result/hh_L3_nph2_scaling_strong_strong/json/current.json	strong-strong	63eecd162844ace88d31692e	chtc/phase3_optuna/input/paper_i_scaling_matrix_parent_powell200_20260710_v1/exact_energy_manifest.json	5fff8c67abff10a229a1ecd82dc08a25bc211d723727a82257930447d920d296	same_cutoff_exact_diagonalization	pipelines.exact_bench.static_reference_metrics.exact_energy_for_spec	10	0.7813438363183984	2	50	hh	1	off	off		block_only_adjacent_repeat_after_full_pool_selection	full_meta_unfiltered	chtc/phase3_optuna/input/paper_i_scaling_matrix_parent_powell200_20260710_v1/hh_generator_registry_cache_v1	disk	true	chtc/phase3_optuna/input/paper_i_scaling_matrix_parent_powell200_20260710_v1/hh_pool_cache_v1	chtc/phase3_optuna/input/paper_i_scaling_matrix_parent_powell200_20260710_v1/hh_cache_prewarm_manifest.json	disk	true	exact	locked:hh_outer_iteration_50	corrected_geo_append_estimator_accounting_20260710_v1	chtc/phase3_optuna/input/paper_i_scaling_matrix_parent_powell200_20260710_v1/implementation_lock.json	737fc83467002beaa820f1e411563c9877b5eaafb3dc203027c1e0d56fddff05	paper_i_scaling_matrix_parent_only	finite_size_cutoff_scaling_parent_generator_comparison	50	snake	SNAKE	2	2	true	POWELL	full_meta_parent_macro_generators_only_all_methods	off	2	50	200	2	off	200	chtc/phase3_optuna/input/paper_i_scaling_matrix_parent_powell200_20260710_v1/paper_i_scaling_matrix_snake_policy.json	65f535e90f932615d3e448ca92807c90b0af4657f2776916865c81111a0bcc4b	200	full_meta_unfiltered	same_cutoff_abs_delta_e	paper_i_scaling_matrix_parent_powell200_20260710_v1__hh__hh_L3_nph2_scaling_strong_strong__snake__parent_powell200__iter50	raw_outputs/paper_i_scaling_matrix_parent_powell200_20260710_v1/paper_i_scaling_matrix_parent_powell200_20260710_v1__hh__hh_L3_nph2_scaling_strong_strong__snake__parent_powell200__iter50	4	61440	32768	1024	16	hh_12q_high_memory	raw_outputs/paper_i_scaling_matrix_parent_powell200_20260710_v1/paper_i_scaling_matrix_parent_powell200_20260710_v1__hh__hh_L3_nph2_scaling_strong_strong__snake__parent_powell200__iter50/result/generic_static_single.json	candidate	true	primary	0.7813438363183984	outer_selector_iterations_not_guaranteed_ansatz_depth	L;n_ph_work;outer_iteration_horizon;new_output_identity	physics_from_table_i_scaling_profile;Powell200;full_meta;parent_only	1	off	off	true	off	1	off	off	adapt_pipeline_internal_exact_gs_same_numeric	user_locked_scaling_matrix_profile_no_visible_higher_size_anchor	raw_outputs/paper_i_scaling_matrix_parent_powell200_20260710_v1/paper_i_scaling_matrix_parent_powell200_20260710_v1__hh__hh_L3_nph2_scaling_strong_strong__snake__parent_powell200__iter50/stderr.log	raw_outputs/paper_i_scaling_matrix_parent_powell200_20260710_v1/paper_i_scaling_matrix_parent_powell200_20260710_v1__hh__hh_L3_nph2_scaling_strong_strong__snake__parent_powell200__iter50/stdout.log	paper_i_scaling_matrix_20260710_v1
3	true	not_applicable	powell	not_applicable	off	static_geo_adapt_vqe	append_only_with_replacement	paper_i_scaling_matrix_parent_powell200_20260710_v1		200	hh_L3_nph2_scaling_strong_strong	raw_outputs/paper_i_scaling_matrix_parent_powell200_20260710_v1/paper_i_scaling_matrix_parent_powell200_20260710_v1__hh__hh_L3_nph2_scaling_strong_strong__geo__parent_powell200__iter50/cell_manifest.json	macro_only	chtc/phase3_optuna/input/paper_i_scaling_matrix_parent_powell200_20260710_v1/paper_i_scaling_matrix_code.tar.gz	d0982f4696eaecdde533aaf2194af0900fb5fa7c4adde301056cbab80354c3fb	raw_outputs/paper_i_scaling_matrix_parent_powell200_20260710_v1/paper_i_scaling_matrix_parent_powell200_20260710_v1__hh__hh_L3_nph2_scaling_strong_strong__geo__parent_powell200__iter50/adapt_iteration_progress.jsonl	strong-strong	63eecd162844ace88d31692e	chtc/phase3_optuna/input/paper_i_scaling_matrix_parent_powell200_20260710_v1/exact_energy_manifest.json	5fff8c67abff10a229a1ecd82dc08a25bc211d723727a82257930447d920d296	same_cutoff_exact_diagonalization	pipelines.exact_bench.static_reference_metrics.exact_energy_for_spec	10	0.7813438363183984	2	50	hh	1	off	off	fixed_horizon_no_target_v1	block_only_adjacent_repeat_after_full_pool_selection	full_meta_unfiltered	chtc/phase3_optuna/input/paper_i_scaling_matrix_parent_powell200_20260710_v1/hh_generator_registry_cache_v1	disk	true	chtc/phase3_optuna/input/paper_i_scaling_matrix_parent_powell200_20260710_v1/hh_pool_cache_v1	chtc/phase3_optuna/input/paper_i_scaling_matrix_parent_powell200_20260710_v1/hh_cache_prewarm_manifest.json	disk	true	exact	locked:hh_outer_iteration_50	corrected_geo_append_estimator_accounting_20260710_v1	chtc/phase3_optuna/input/paper_i_scaling_matrix_parent_powell200_20260710_v1/implementation_lock.json	737fc83467002beaa820f1e411563c9877b5eaafb3dc203027c1e0d56fddff05	paper_i_scaling_matrix_parent_only	finite_size_cutoff_scaling_parent_generator_comparison	50	geo	Geo-ADAPT	2	2	true	POWELL	full_meta_parent_macro_generators_only_all_methods	off		50	200		off	200			200	full_meta_unfiltered	same_cutoff_abs_delta_e	paper_i_scaling_matrix_parent_powell200_20260710_v1__hh__hh_L3_nph2_scaling_strong_strong__geo__parent_powell200__iter50	raw_outputs/paper_i_scaling_matrix_parent_powell200_20260710_v1/paper_i_scaling_matrix_parent_powell200_20260710_v1__hh__hh_L3_nph2_scaling_strong_strong__geo__parent_powell200__iter50	1	61440	32768	1024	16	hh_12q_high_memory	raw_outputs/paper_i_scaling_matrix_parent_powell200_20260710_v1/paper_i_scaling_matrix_parent_powell200_20260710_v1__hh__hh_L3_nph2_scaling_strong_strong__geo__parent_powell200__iter50/result/generic_static_single.json	candidate	true	primary	0.7813438363183984	outer_selector_iterations_not_guaranteed_ansatz_depth	L;n_ph_work;outer_iteration_horizon;new_output_identity	physics_from_table_i_scaling_profile;Powell200;full_meta;parent_only	1	off	off	not_applicable	off	1	off	off	generic_static_exact_energy_env	user_locked_scaling_matrix_profile_no_visible_higher_size_anchor	raw_outputs/paper_i_scaling_matrix_parent_powell200_20260710_v1/paper_i_scaling_matrix_parent_powell200_20260710_v1__hh__hh_L3_nph2_scaling_strong_strong__geo__parent_powell200__iter50/stderr.log	raw_outputs/paper_i_scaling_matrix_parent_powell200_20260710_v1/paper_i_scaling_matrix_parent_powell200_20260710_v1__hh__hh_L3_nph2_scaling_strong_strong__geo__parent_powell200__iter50/stdout.log	paper_i_scaling_matrix_20260710_v1
3	true	not_applicable	powell	not_applicable	off	static_full_meta_append_adapt_vqe	append_only_with_replacement	paper_i_scaling_matrix_parent_powell200_20260710_v1		200	hh_L3_nph2_scaling_strong_strong	raw_outputs/paper_i_scaling_matrix_parent_powell200_20260710_v1/paper_i_scaling_matrix_parent_powell200_20260710_v1__hh__hh_L3_nph2_scaling_strong_strong__append__parent_powell200__iter50/cell_manifest.json	macro_only	chtc/phase3_optuna/input/paper_i_scaling_matrix_parent_powell200_20260710_v1/paper_i_scaling_matrix_code.tar.gz	d0982f4696eaecdde533aaf2194af0900fb5fa7c4adde301056cbab80354c3fb	raw_outputs/paper_i_scaling_matrix_parent_powell200_20260710_v1/paper_i_scaling_matrix_parent_powell200_20260710_v1__hh__hh_L3_nph2_scaling_strong_strong__append__parent_powell200__iter50/adapt_iteration_progress.jsonl	strong-strong	63eecd162844ace88d31692e	chtc/phase3_optuna/input/paper_i_scaling_matrix_parent_powell200_20260710_v1/exact_energy_manifest.json	5fff8c67abff10a229a1ecd82dc08a25bc211d723727a82257930447d920d296	same_cutoff_exact_diagonalization	pipelines.exact_bench.static_reference_metrics.exact_energy_for_spec	10	0.7813438363183984	2	50	hh	1	off	off	fixed_horizon_no_target_v1	block_only_adjacent_repeat_after_full_pool_selection	full_meta_unfiltered	chtc/phase3_optuna/input/paper_i_scaling_matrix_parent_powell200_20260710_v1/hh_generator_registry_cache_v1	disk	true	chtc/phase3_optuna/input/paper_i_scaling_matrix_parent_powell200_20260710_v1/hh_pool_cache_v1	chtc/phase3_optuna/input/paper_i_scaling_matrix_parent_powell200_20260710_v1/hh_cache_prewarm_manifest.json	disk	true	exact	locked:hh_outer_iteration_50	corrected_geo_append_estimator_accounting_20260710_v1	chtc/phase3_optuna/input/paper_i_scaling_matrix_parent_powell200_20260710_v1/implementation_lock.json	737fc83467002beaa820f1e411563c9877b5eaafb3dc203027c1e0d56fddff05	paper_i_scaling_matrix_parent_only	finite_size_cutoff_scaling_parent_generator_comparison	50	append	Append-ADAPT	2	2	true	POWELL	full_meta_parent_macro_generators_only_all_methods	off		50	200		off	200			200	full_meta_unfiltered	same_cutoff_abs_delta_e	paper_i_scaling_matrix_parent_powell200_20260710_v1__hh__hh_L3_nph2_scaling_strong_strong__append__parent_powell200__iter50	raw_outputs/paper_i_scaling_matrix_parent_powell200_20260710_v1/paper_i_scaling_matrix_parent_powell200_20260710_v1__hh__hh_L3_nph2_scaling_strong_strong__append__parent_powell200__iter50	1	61440	32768	1024	16	hh_12q_high_memory	raw_outputs/paper_i_scaling_matrix_parent_powell200_20260710_v1/paper_i_scaling_matrix_parent_powell200_20260710_v1__hh__hh_L3_nph2_scaling_strong_strong__append__parent_powell200__iter50/result/generic_static_single.json	candidate	true	primary	0.7813438363183984	outer_selector_iterations_not_guaranteed_ansatz_depth	L;n_ph_work;outer_iteration_horizon;new_output_identity	physics_from_table_i_scaling_profile;Powell200;full_meta;parent_only	1	off	off	not_applicable	off	1	off	off	generic_static_exact_energy_env	user_locked_scaling_matrix_profile_no_visible_higher_size_anchor	raw_outputs/paper_i_scaling_matrix_parent_powell200_20260710_v1/paper_i_scaling_matrix_parent_powell200_20260710_v1__hh__hh_L3_nph2_scaling_strong_strong__append__parent_powell200__iter50/stderr.log	raw_outputs/paper_i_scaling_matrix_parent_powell200_20260710_v1/paper_i_scaling_matrix_parent_powell200_20260710_v1__hh__hh_L3_nph2_scaling_strong_strong__append__parent_powell200__iter50/stdout.log	paper_i_scaling_matrix_20260710_v1
4	true	2	powell	2	off	static_family_native_adapt_phase3	append_only_with_replacement	paper_i_scaling_matrix_parent_powell200_20260710_v1		200	hh_L4_nph1_scaling_weak_weak	raw_outputs/paper_i_scaling_matrix_parent_powell200_20260710_v1/paper_i_scaling_matrix_parent_powell200_20260710_v1__hh__hh_L4_nph1_scaling_weak_weak__snake__parent_powell200__iter50/cell_manifest.json	macro_only	chtc/phase3_optuna/input/paper_i_scaling_matrix_parent_powell200_20260710_v1/paper_i_scaling_matrix_code.tar.gz	d0982f4696eaecdde533aaf2194af0900fb5fa7c4adde301056cbab80354c3fb	raw_outputs/paper_i_scaling_matrix_parent_powell200_20260710_v1/paper_i_scaling_matrix_parent_powell200_20260710_v1__hh__hh_L4_nph1_scaling_weak_weak__snake__parent_powell200__iter50/result/hh_L4_nph1_scaling_weak_weak/json/current.json	weak-weak	6afec225c633ee4f6eda41ae	chtc/phase3_optuna/input/paper_i_scaling_matrix_parent_powell200_20260710_v1/exact_energy_manifest.json	5fff8c67abff10a229a1ecd82dc08a25bc211d723727a82257930447d920d296	same_cutoff_exact_diagonalization	pipelines.exact_bench.static_reference_metrics.exact_energy_for_spec	10	-2.304828570542063	1	50	hh	1	off	off		block_only_adjacent_repeat_after_full_pool_selection	full_meta_unfiltered	chtc/phase3_optuna/input/paper_i_scaling_matrix_parent_powell200_20260710_v1/hh_generator_registry_cache_v1	disk	true	chtc/phase3_optuna/input/paper_i_scaling_matrix_parent_powell200_20260710_v1/hh_pool_cache_v1	chtc/phase3_optuna/input/paper_i_scaling_matrix_parent_powell200_20260710_v1/hh_cache_prewarm_manifest.json	disk	true	exact	locked:hh_outer_iteration_50	corrected_geo_append_estimator_accounting_20260710_v1	chtc/phase3_optuna/input/paper_i_scaling_matrix_parent_powell200_20260710_v1/implementation_lock.json	737fc83467002beaa820f1e411563c9877b5eaafb3dc203027c1e0d56fddff05	paper_i_scaling_matrix_parent_only	finite_size_cutoff_scaling_parent_generator_comparison	50	snake	SNAKE	1	1	true	POWELL	full_meta_parent_macro_generators_only_all_methods	off	2	50	200	2	off	200	chtc/phase3_optuna/input/paper_i_scaling_matrix_parent_powell200_20260710_v1/paper_i_scaling_matrix_snake_policy.json	65f535e90f932615d3e448ca92807c90b0af4657f2776916865c81111a0bcc4b	200	full_meta_unfiltered	same_cutoff_abs_delta_e	paper_i_scaling_matrix_parent_powell200_20260710_v1__hh__hh_L4_nph1_scaling_weak_weak__snake__parent_powell200__iter50	raw_outputs/paper_i_scaling_matrix_parent_powell200_20260710_v1/paper_i_scaling_matrix_parent_powell200_20260710_v1__hh__hh_L4_nph1_scaling_weak_weak__snake__parent_powell200__iter50	4	61440	32768	1024	16	hh_12q_high_memory	raw_outputs/paper_i_scaling_matrix_parent_powell200_20260710_v1/paper_i_scaling_matrix_parent_powell200_20260710_v1__hh__hh_L4_nph1_scaling_weak_weak__snake__parent_powell200__iter50/result/generic_static_single.json	candidate	true	primary	-2.304828570542063	outer_selector_iterations_not_guaranteed_ansatz_depth	L;n_ph_work;outer_iteration_horizon;new_output_identity	physics_from_table_i_scaling_profile;Powell200;full_meta;parent_only	1	off	off	true	off	1	off	off	adapt_pipeline_internal_exact_gs_same_numeric	user_locked_scaling_matrix_profile_no_visible_higher_size_anchor	raw_outputs/paper_i_scaling_matrix_parent_powell200_20260710_v1/paper_i_scaling_matrix_parent_powell200_20260710_v1__hh__hh_L4_nph1_scaling_weak_weak__snake__parent_powell200__iter50/stderr.log	raw_outputs/paper_i_scaling_matrix_parent_powell200_20260710_v1/paper_i_scaling_matrix_parent_powell200_20260710_v1__hh__hh_L4_nph1_scaling_weak_weak__snake__parent_powell200__iter50/stdout.log	paper_i_scaling_matrix_20260710_v1
4	true	not_applicable	powell	not_applicable	off	static_geo_adapt_vqe	append_only_with_replacement	paper_i_scaling_matrix_parent_powell200_20260710_v1		200	hh_L4_nph1_scaling_weak_weak	raw_outputs/paper_i_scaling_matrix_parent_powell200_20260710_v1/paper_i_scaling_matrix_parent_powell200_20260710_v1__hh__hh_L4_nph1_scaling_weak_weak__geo__parent_powell200__iter50/cell_manifest.json	macro_only	chtc/phase3_optuna/input/paper_i_scaling_matrix_parent_powell200_20260710_v1/paper_i_scaling_matrix_code.tar.gz	d0982f4696eaecdde533aaf2194af0900fb5fa7c4adde301056cbab80354c3fb	raw_outputs/paper_i_scaling_matrix_parent_powell200_20260710_v1/paper_i_scaling_matrix_parent_powell200_20260710_v1__hh__hh_L4_nph1_scaling_weak_weak__geo__parent_powell200__iter50/adapt_iteration_progress.jsonl	weak-weak	6afec225c633ee4f6eda41ae	chtc/phase3_optuna/input/paper_i_scaling_matrix_parent_powell200_20260710_v1/exact_energy_manifest.json	5fff8c67abff10a229a1ecd82dc08a25bc211d723727a82257930447d920d296	same_cutoff_exact_diagonalization	pipelines.exact_bench.static_reference_metrics.exact_energy_for_spec	10	-2.304828570542063	1	50	hh	1	off	off	fixed_horizon_no_target_v1	block_only_adjacent_repeat_after_full_pool_selection	full_meta_unfiltered	chtc/phase3_optuna/input/paper_i_scaling_matrix_parent_powell200_20260710_v1/hh_generator_registry_cache_v1	disk	true	chtc/phase3_optuna/input/paper_i_scaling_matrix_parent_powell200_20260710_v1/hh_pool_cache_v1	chtc/phase3_optuna/input/paper_i_scaling_matrix_parent_powell200_20260710_v1/hh_cache_prewarm_manifest.json	disk	true	exact	locked:hh_outer_iteration_50	corrected_geo_append_estimator_accounting_20260710_v1	chtc/phase3_optuna/input/paper_i_scaling_matrix_parent_powell200_20260710_v1/implementation_lock.json	737fc83467002beaa820f1e411563c9877b5eaafb3dc203027c1e0d56fddff05	paper_i_scaling_matrix_parent_only	finite_size_cutoff_scaling_parent_generator_comparison	50	geo	Geo-ADAPT	1	1	true	POWELL	full_meta_parent_macro_generators_only_all_methods	off		50	200		off	200			200	full_meta_unfiltered	same_cutoff_abs_delta_e	paper_i_scaling_matrix_parent_powell200_20260710_v1__hh__hh_L4_nph1_scaling_weak_weak__geo__parent_powell200__iter50	raw_outputs/paper_i_scaling_matrix_parent_powell200_20260710_v1/paper_i_scaling_matrix_parent_powell200_20260710_v1__hh__hh_L4_nph1_scaling_weak_weak__geo__parent_powell200__iter50	1	61440	32768	1024	16	hh_12q_high_memory	raw_outputs/paper_i_scaling_matrix_parent_powell200_20260710_v1/paper_i_scaling_matrix_parent_powell200_20260710_v1__hh__hh_L4_nph1_scaling_weak_weak__geo__parent_powell200__iter50/result/generic_static_single.json	candidate	true	primary	-2.304828570542063	outer_selector_iterations_not_guaranteed_ansatz_depth	L;n_ph_work;outer_iteration_horizon;new_output_identity	physics_from_table_i_scaling_profile;Powell200;full_meta;parent_only	1	off	off	not_applicable	off	1	off	off	generic_static_exact_energy_env	user_locked_scaling_matrix_profile_no_visible_higher_size_anchor	raw_outputs/paper_i_scaling_matrix_parent_powell200_20260710_v1/paper_i_scaling_matrix_parent_powell200_20260710_v1__hh__hh_L4_nph1_scaling_weak_weak__geo__parent_powell200__iter50/stderr.log	raw_outputs/paper_i_scaling_matrix_parent_powell200_20260710_v1/paper_i_scaling_matrix_parent_powell200_20260710_v1__hh__hh_L4_nph1_scaling_weak_weak__geo__parent_powell200__iter50/stdout.log	paper_i_scaling_matrix_20260710_v1
4	true	not_applicable	powell	not_applicable	off	static_full_meta_append_adapt_vqe	append_only_with_replacement	paper_i_scaling_matrix_parent_powell200_20260710_v1		200	hh_L4_nph1_scaling_weak_weak	raw_outputs/paper_i_scaling_matrix_parent_powell200_20260710_v1/paper_i_scaling_matrix_parent_powell200_20260710_v1__hh__hh_L4_nph1_scaling_weak_weak__append__parent_powell200__iter50/cell_manifest.json	macro_only	chtc/phase3_optuna/input/paper_i_scaling_matrix_parent_powell200_20260710_v1/paper_i_scaling_matrix_code.tar.gz	d0982f4696eaecdde533aaf2194af0900fb5fa7c4adde301056cbab80354c3fb	raw_outputs/paper_i_scaling_matrix_parent_powell200_20260710_v1/paper_i_scaling_matrix_parent_powell200_20260710_v1__hh__hh_L4_nph1_scaling_weak_weak__append__parent_powell200__iter50/adapt_iteration_progress.jsonl	weak-weak	6afec225c633ee4f6eda41ae	chtc/phase3_optuna/input/paper_i_scaling_matrix_parent_powell200_20260710_v1/exact_energy_manifest.json	5fff8c67abff10a229a1ecd82dc08a25bc211d723727a82257930447d920d296	same_cutoff_exact_diagonalization	pipelines.exact_bench.static_reference_metrics.exact_energy_for_spec	10	-2.304828570542063	1	50	hh	1	off	off	fixed_horizon_no_target_v1	block_only_adjacent_repeat_after_full_pool_selection	full_meta_unfiltered	chtc/phase3_optuna/input/paper_i_scaling_matrix_parent_powell200_20260710_v1/hh_generator_registry_cache_v1	disk	true	chtc/phase3_optuna/input/paper_i_scaling_matrix_parent_powell200_20260710_v1/hh_pool_cache_v1	chtc/phase3_optuna/input/paper_i_scaling_matrix_parent_powell200_20260710_v1/hh_cache_prewarm_manifest.json	disk	true	exact	locked:hh_outer_iteration_50	corrected_geo_append_estimator_accounting_20260710_v1	chtc/phase3_optuna/input/paper_i_scaling_matrix_parent_powell200_20260710_v1/implementation_lock.json	737fc83467002beaa820f1e411563c9877b5eaafb3dc203027c1e0d56fddff05	paper_i_scaling_matrix_parent_only	finite_size_cutoff_scaling_parent_generator_comparison	50	append	Append-ADAPT	1	1	true	POWELL	full_meta_parent_macro_generators_only_all_methods	off		50	200		off	200			200	full_meta_unfiltered	same_cutoff_abs_delta_e	paper_i_scaling_matrix_parent_powell200_20260710_v1__hh__hh_L4_nph1_scaling_weak_weak__append__parent_powell200__iter50	raw_outputs/paper_i_scaling_matrix_parent_powell200_20260710_v1/paper_i_scaling_matrix_parent_powell200_20260710_v1__hh__hh_L4_nph1_scaling_weak_weak__append__parent_powell200__iter50	1	61440	32768	1024	16	hh_12q_high_memory	raw_outputs/paper_i_scaling_matrix_parent_powell200_20260710_v1/paper_i_scaling_matrix_parent_powell200_20260710_v1__hh__hh_L4_nph1_scaling_weak_weak__append__parent_powell200__iter50/result/generic_static_single.json	candidate	true	primary	-2.304828570542063	outer_selector_iterations_not_guaranteed_ansatz_depth	L;n_ph_work;outer_iteration_horizon;new_output_identity	physics_from_table_i_scaling_profile;Powell200;full_meta;parent_only	1	off	off	not_applicable	off	1	off	off	generic_static_exact_energy_env	user_locked_scaling_matrix_profile_no_visible_higher_size_anchor	raw_outputs/paper_i_scaling_matrix_parent_powell200_20260710_v1/paper_i_scaling_matrix_parent_powell200_20260710_v1__hh__hh_L4_nph1_scaling_weak_weak__append__parent_powell200__iter50/stderr.log	raw_outputs/paper_i_scaling_matrix_parent_powell200_20260710_v1/paper_i_scaling_matrix_parent_powell200_20260710_v1__hh__hh_L4_nph1_scaling_weak_weak__append__parent_powell200__iter50/stdout.log	paper_i_scaling_matrix_20260710_v1
4	true	2	powell	2	off	static_family_native_adapt_phase3	append_only_with_replacement	paper_i_scaling_matrix_parent_powell200_20260710_v1		200	hh_L4_nph1_scaling_intermediate_weak	raw_outputs/paper_i_scaling_matrix_parent_powell200_20260710_v1/paper_i_scaling_matrix_parent_powell200_20260710_v1__hh__hh_L4_nph1_scaling_intermediate_weak__snake__parent_powell200__iter50/cell_manifest.json	macro_only	chtc/phase3_optuna/input/paper_i_scaling_matrix_parent_powell200_20260710_v1/paper_i_scaling_matrix_code.tar.gz	d0982f4696eaecdde533aaf2194af0900fb5fa7c4adde301056cbab80354c3fb	raw_outputs/paper_i_scaling_matrix_parent_powell200_20260710_v1/paper_i_scaling_matrix_parent_powell200_20260710_v1__hh__hh_L4_nph1_scaling_intermediate_weak__snake__parent_powell200__iter50/result/hh_L4_nph1_scaling_intermediate_weak/json/current.json	intermediate-weak	51427f68812dba5c5799afa5	chtc/phase3_optuna/input/paper_i_scaling_matrix_parent_powell200_20260710_v1/exact_energy_manifest.json	5fff8c67abff10a229a1ecd82dc08a25bc211d723727a82257930447d920d296	same_cutoff_exact_diagonalization	pipelines.exact_bench.static_reference_metrics.exact_energy_for_spec	10	-1.433726322469954	1	50	hh	1	off	off		block_only_adjacent_repeat_after_full_pool_selection	full_meta_unfiltered	chtc/phase3_optuna/input/paper_i_scaling_matrix_parent_powell200_20260710_v1/hh_generator_registry_cache_v1	disk	true	chtc/phase3_optuna/input/paper_i_scaling_matrix_parent_powell200_20260710_v1/hh_pool_cache_v1	chtc/phase3_optuna/input/paper_i_scaling_matrix_parent_powell200_20260710_v1/hh_cache_prewarm_manifest.json	disk	true	exact	locked:hh_outer_iteration_50	corrected_geo_append_estimator_accounting_20260710_v1	chtc/phase3_optuna/input/paper_i_scaling_matrix_parent_powell200_20260710_v1/implementation_lock.json	737fc83467002beaa820f1e411563c9877b5eaafb3dc203027c1e0d56fddff05	paper_i_scaling_matrix_parent_only	finite_size_cutoff_scaling_parent_generator_comparison	50	snake	SNAKE	1	1	true	POWELL	full_meta_parent_macro_generators_only_all_methods	off	2	50	200	2	off	200	chtc/phase3_optuna/input/paper_i_scaling_matrix_parent_powell200_20260710_v1/paper_i_scaling_matrix_snake_policy.json	65f535e90f932615d3e448ca92807c90b0af4657f2776916865c81111a0bcc4b	200	full_meta_unfiltered	same_cutoff_abs_delta_e	paper_i_scaling_matrix_parent_powell200_20260710_v1__hh__hh_L4_nph1_scaling_intermediate_weak__snake__parent_powell200__iter50	raw_outputs/paper_i_scaling_matrix_parent_powell200_20260710_v1/paper_i_scaling_matrix_parent_powell200_20260710_v1__hh__hh_L4_nph1_scaling_intermediate_weak__snake__parent_powell200__iter50	4	61440	32768	1024	16	hh_12q_high_memory	raw_outputs/paper_i_scaling_matrix_parent_powell200_20260710_v1/paper_i_scaling_matrix_parent_powell200_20260710_v1__hh__hh_L4_nph1_scaling_intermediate_weak__snake__parent_powell200__iter50/result/generic_static_single.json	candidate	true	primary	-1.433726322469954	outer_selector_iterations_not_guaranteed_ansatz_depth	L;n_ph_work;outer_iteration_horizon;new_output_identity	physics_from_table_i_scaling_profile;Powell200;full_meta;parent_only	1	off	off	true	off	1	off	off	adapt_pipeline_internal_exact_gs_same_numeric	user_locked_scaling_matrix_profile_no_visible_higher_size_anchor	raw_outputs/paper_i_scaling_matrix_parent_powell200_20260710_v1/paper_i_scaling_matrix_parent_powell200_20260710_v1__hh__hh_L4_nph1_scaling_intermediate_weak__snake__parent_powell200__iter50/stderr.log	raw_outputs/paper_i_scaling_matrix_parent_powell200_20260710_v1/paper_i_scaling_matrix_parent_powell200_20260710_v1__hh__hh_L4_nph1_scaling_intermediate_weak__snake__parent_powell200__iter50/stdout.log	paper_i_scaling_matrix_20260710_v1
4	true	not_applicable	powell	not_applicable	off	static_geo_adapt_vqe	append_only_with_replacement	paper_i_scaling_matrix_parent_powell200_20260710_v1		200	hh_L4_nph1_scaling_intermediate_weak	raw_outputs/paper_i_scaling_matrix_parent_powell200_20260710_v1/paper_i_scaling_matrix_parent_powell200_20260710_v1__hh__hh_L4_nph1_scaling_intermediate_weak__geo__parent_powell200__iter50/cell_manifest.json	macro_only	chtc/phase3_optuna/input/paper_i_scaling_matrix_parent_powell200_20260710_v1/paper_i_scaling_matrix_code.tar.gz	d0982f4696eaecdde533aaf2194af0900fb5fa7c4adde301056cbab80354c3fb	raw_outputs/paper_i_scaling_matrix_parent_powell200_20260710_v1/paper_i_scaling_matrix_parent_powell200_20260710_v1__hh__hh_L4_nph1_scaling_intermediate_weak__geo__parent_powell200__iter50/adapt_iteration_progress.jsonl	intermediate-weak	51427f68812dba5c5799afa5	chtc/phase3_optuna/input/paper_i_scaling_matrix_parent_powell200_20260710_v1/exact_energy_manifest.json	5fff8c67abff10a229a1ecd82dc08a25bc211d723727a82257930447d920d296	same_cutoff_exact_diagonalization	pipelines.exact_bench.static_reference_metrics.exact_energy_for_spec	10	-1.433726322469954	1	50	hh	1	off	off	fixed_horizon_no_target_v1	block_only_adjacent_repeat_after_full_pool_selection	full_meta_unfiltered	chtc/phase3_optuna/input/paper_i_scaling_matrix_parent_powell200_20260710_v1/hh_generator_registry_cache_v1	disk	true	chtc/phase3_optuna/input/paper_i_scaling_matrix_parent_powell200_20260710_v1/hh_pool_cache_v1	chtc/phase3_optuna/input/paper_i_scaling_matrix_parent_powell200_20260710_v1/hh_cache_prewarm_manifest.json	disk	true	exact	locked:hh_outer_iteration_50	corrected_geo_append_estimator_accounting_20260710_v1	chtc/phase3_optuna/input/paper_i_scaling_matrix_parent_powell200_20260710_v1/implementation_lock.json	737fc83467002beaa820f1e411563c9877b5eaafb3dc203027c1e0d56fddff05	paper_i_scaling_matrix_parent_only	finite_size_cutoff_scaling_parent_generator_comparison	50	geo	Geo-ADAPT	1	1	true	POWELL	full_meta_parent_macro_generators_only_all_methods	off		50	200		off	200			200	full_meta_unfiltered	same_cutoff_abs_delta_e	paper_i_scaling_matrix_parent_powell200_20260710_v1__hh__hh_L4_nph1_scaling_intermediate_weak__geo__parent_powell200__iter50	raw_outputs/paper_i_scaling_matrix_parent_powell200_20260710_v1/paper_i_scaling_matrix_parent_powell200_20260710_v1__hh__hh_L4_nph1_scaling_intermediate_weak__geo__parent_powell200__iter50	1	61440	32768	1024	16	hh_12q_high_memory	raw_outputs/paper_i_scaling_matrix_parent_powell200_20260710_v1/paper_i_scaling_matrix_parent_powell200_20260710_v1__hh__hh_L4_nph1_scaling_intermediate_weak__geo__parent_powell200__iter50/result/generic_static_single.json	candidate	true	primary	-1.433726322469954	outer_selector_iterations_not_guaranteed_ansatz_depth	L;n_ph_work;outer_iteration_horizon;new_output_identity	physics_from_table_i_scaling_profile;Powell200;full_meta;parent_only	1	off	off	not_applicable	off	1	off	off	generic_static_exact_energy_env	user_locked_scaling_matrix_profile_no_visible_higher_size_anchor	raw_outputs/paper_i_scaling_matrix_parent_powell200_20260710_v1/paper_i_scaling_matrix_parent_powell200_20260710_v1__hh__hh_L4_nph1_scaling_intermediate_weak__geo__parent_powell200__iter50/stderr.log	raw_outputs/paper_i_scaling_matrix_parent_powell200_20260710_v1/paper_i_scaling_matrix_parent_powell200_20260710_v1__hh__hh_L4_nph1_scaling_intermediate_weak__geo__parent_powell200__iter50/stdout.log	paper_i_scaling_matrix_20260710_v1
4	true	not_applicable	powell	not_applicable	off	static_full_meta_append_adapt_vqe	append_only_with_replacement	paper_i_scaling_matrix_parent_powell200_20260710_v1		200	hh_L4_nph1_scaling_intermediate_weak	raw_outputs/paper_i_scaling_matrix_parent_powell200_20260710_v1/paper_i_scaling_matrix_parent_powell200_20260710_v1__hh__hh_L4_nph1_scaling_intermediate_weak__append__parent_powell200__iter50/cell_manifest.json	macro_only	chtc/phase3_optuna/input/paper_i_scaling_matrix_parent_powell200_20260710_v1/paper_i_scaling_matrix_code.tar.gz	d0982f4696eaecdde533aaf2194af0900fb5fa7c4adde301056cbab80354c3fb	raw_outputs/paper_i_scaling_matrix_parent_powell200_20260710_v1/paper_i_scaling_matrix_parent_powell200_20260710_v1__hh__hh_L4_nph1_scaling_intermediate_weak__append__parent_powell200__iter50/adapt_iteration_progress.jsonl	intermediate-weak	51427f68812dba5c5799afa5	chtc/phase3_optuna/input/paper_i_scaling_matrix_parent_powell200_20260710_v1/exact_energy_manifest.json	5fff8c67abff10a229a1ecd82dc08a25bc211d723727a82257930447d920d296	same_cutoff_exact_diagonalization	pipelines.exact_bench.static_reference_metrics.exact_energy_for_spec	10	-1.433726322469954	1	50	hh	1	off	off	fixed_horizon_no_target_v1	block_only_adjacent_repeat_after_full_pool_selection	full_meta_unfiltered	chtc/phase3_optuna/input/paper_i_scaling_matrix_parent_powell200_20260710_v1/hh_generator_registry_cache_v1	disk	true	chtc/phase3_optuna/input/paper_i_scaling_matrix_parent_powell200_20260710_v1/hh_pool_cache_v1	chtc/phase3_optuna/input/paper_i_scaling_matrix_parent_powell200_20260710_v1/hh_cache_prewarm_manifest.json	disk	true	exact	locked:hh_outer_iteration_50	corrected_geo_append_estimator_accounting_20260710_v1	chtc/phase3_optuna/input/paper_i_scaling_matrix_parent_powell200_20260710_v1/implementation_lock.json	737fc83467002beaa820f1e411563c9877b5eaafb3dc203027c1e0d56fddff05	paper_i_scaling_matrix_parent_only	finite_size_cutoff_scaling_parent_generator_comparison	50	append	Append-ADAPT	1	1	true	POWELL	full_meta_parent_macro_generators_only_all_methods	off		50	200		off	200			200	full_meta_unfiltered	same_cutoff_abs_delta_e	paper_i_scaling_matrix_parent_powell200_20260710_v1__hh__hh_L4_nph1_scaling_intermediate_weak__append__parent_powell200__iter50	raw_outputs/paper_i_scaling_matrix_parent_powell200_20260710_v1/paper_i_scaling_matrix_parent_powell200_20260710_v1__hh__hh_L4_nph1_scaling_intermediate_weak__append__parent_powell200__iter50	1	61440	32768	1024	16	hh_12q_high_memory	raw_outputs/paper_i_scaling_matrix_parent_powell200_20260710_v1/paper_i_scaling_matrix_parent_powell200_20260710_v1__hh__hh_L4_nph1_scaling_intermediate_weak__append__parent_powell200__iter50/result/generic_static_single.json	candidate	true	primary	-1.433726322469954	outer_selector_iterations_not_guaranteed_ansatz_depth	L;n_ph_work;outer_iteration_horizon;new_output_identity	physics_from_table_i_scaling_profile;Powell200;full_meta;parent_only	1	off	off	not_applicable	off	1	off	off	generic_static_exact_energy_env	user_locked_scaling_matrix_profile_no_visible_higher_size_anchor	raw_outputs/paper_i_scaling_matrix_parent_powell200_20260710_v1/paper_i_scaling_matrix_parent_powell200_20260710_v1__hh__hh_L4_nph1_scaling_intermediate_weak__append__parent_powell200__iter50/stderr.log	raw_outputs/paper_i_scaling_matrix_parent_powell200_20260710_v1/paper_i_scaling_matrix_parent_powell200_20260710_v1__hh__hh_L4_nph1_scaling_intermediate_weak__append__parent_powell200__iter50/stdout.log	paper_i_scaling_matrix_20260710_v1
4	true	2	powell	2	off	static_family_native_adapt_phase3	append_only_with_replacement	paper_i_scaling_matrix_parent_powell200_20260710_v1		200	hh_L4_nph1_scaling_strong_weak	raw_outputs/paper_i_scaling_matrix_parent_powell200_20260710_v1/paper_i_scaling_matrix_parent_powell200_20260710_v1__hh__hh_L4_nph1_scaling_strong_weak__snake__parent_powell200__iter50/cell_manifest.json	macro_only	chtc/phase3_optuna/input/paper_i_scaling_matrix_parent_powell200_20260710_v1/paper_i_scaling_matrix_code.tar.gz	d0982f4696eaecdde533aaf2194af0900fb5fa7c4adde301056cbab80354c3fb	raw_outputs/paper_i_scaling_matrix_parent_powell200_20260710_v1/paper_i_scaling_matrix_parent_powell200_20260710_v1__hh__hh_L4_nph1_scaling_strong_weak__snake__parent_powell200__iter50/result/hh_L4_nph1_scaling_strong_weak/json/current.json	strong-weak	0a5ae9b243ee5e620ed3ac56	chtc/phase3_optuna/input/paper_i_scaling_matrix_parent_powell200_20260710_v1/exact_energy_manifest.json	5fff8c67abff10a229a1ecd82dc08a25bc211d723727a82257930447d920d296	same_cutoff_exact_diagonalization	pipelines.exact_bench.static_reference_metrics.exact_energy_for_spec	10	0.8794946903883498	1	50	hh	1	off	off		block_only_adjacent_repeat_after_full_pool_selection	full_meta_unfiltered	chtc/phase3_optuna/input/paper_i_scaling_matrix_parent_powell200_20260710_v1/hh_generator_registry_cache_v1	disk	true	chtc/phase3_optuna/input/paper_i_scaling_matrix_parent_powell200_20260710_v1/hh_pool_cache_v1	chtc/phase3_optuna/input/paper_i_scaling_matrix_parent_powell200_20260710_v1/hh_cache_prewarm_manifest.json	disk	true	exact	locked:hh_outer_iteration_50	corrected_geo_append_estimator_accounting_20260710_v1	chtc/phase3_optuna/input/paper_i_scaling_matrix_parent_powell200_20260710_v1/implementation_lock.json	737fc83467002beaa820f1e411563c9877b5eaafb3dc203027c1e0d56fddff05	paper_i_scaling_matrix_parent_only	finite_size_cutoff_scaling_parent_generator_comparison	50	snake	SNAKE	1	1	true	POWELL	full_meta_parent_macro_generators_only_all_methods	off	2	50	200	2	off	200	chtc/phase3_optuna/input/paper_i_scaling_matrix_parent_powell200_20260710_v1/paper_i_scaling_matrix_snake_policy.json	65f535e90f932615d3e448ca92807c90b0af4657f2776916865c81111a0bcc4b	200	full_meta_unfiltered	same_cutoff_abs_delta_e	paper_i_scaling_matrix_parent_powell200_20260710_v1__hh__hh_L4_nph1_scaling_strong_weak__snake__parent_powell200__iter50	raw_outputs/paper_i_scaling_matrix_parent_powell200_20260710_v1/paper_i_scaling_matrix_parent_powell200_20260710_v1__hh__hh_L4_nph1_scaling_strong_weak__snake__parent_powell200__iter50	4	61440	32768	1024	16	hh_12q_high_memory	raw_outputs/paper_i_scaling_matrix_parent_powell200_20260710_v1/paper_i_scaling_matrix_parent_powell200_20260710_v1__hh__hh_L4_nph1_scaling_strong_weak__snake__parent_powell200__iter50/result/generic_static_single.json	candidate	true	primary	0.8794946903883498	outer_selector_iterations_not_guaranteed_ansatz_depth	L;n_ph_work;outer_iteration_horizon;new_output_identity	physics_from_table_i_scaling_profile;Powell200;full_meta;parent_only	1	off	off	true	off	1	off	off	adapt_pipeline_internal_exact_gs_same_numeric	user_locked_scaling_matrix_profile_no_visible_higher_size_anchor	raw_outputs/paper_i_scaling_matrix_parent_powell200_20260710_v1/paper_i_scaling_matrix_parent_powell200_20260710_v1__hh__hh_L4_nph1_scaling_strong_weak__snake__parent_powell200__iter50/stderr.log	raw_outputs/paper_i_scaling_matrix_parent_powell200_20260710_v1/paper_i_scaling_matrix_parent_powell200_20260710_v1__hh__hh_L4_nph1_scaling_strong_weak__snake__parent_powell200__iter50/stdout.log	paper_i_scaling_matrix_20260710_v1
4	true	not_applicable	powell	not_applicable	off	static_geo_adapt_vqe	append_only_with_replacement	paper_i_scaling_matrix_parent_powell200_20260710_v1		200	hh_L4_nph1_scaling_strong_weak	raw_outputs/paper_i_scaling_matrix_parent_powell200_20260710_v1/paper_i_scaling_matrix_parent_powell200_20260710_v1__hh__hh_L4_nph1_scaling_strong_weak__geo__parent_powell200__iter50/cell_manifest.json	macro_only	chtc/phase3_optuna/input/paper_i_scaling_matrix_parent_powell200_20260710_v1/paper_i_scaling_matrix_code.tar.gz	d0982f4696eaecdde533aaf2194af0900fb5fa7c4adde301056cbab80354c3fb	raw_outputs/paper_i_scaling_matrix_parent_powell200_20260710_v1/paper_i_scaling_matrix_parent_powell200_20260710_v1__hh__hh_L4_nph1_scaling_strong_weak__geo__parent_powell200__iter50/adapt_iteration_progress.jsonl	strong-weak	0a5ae9b243ee5e620ed3ac56	chtc/phase3_optuna/input/paper_i_scaling_matrix_parent_powell200_20260710_v1/exact_energy_manifest.json	5fff8c67abff10a229a1ecd82dc08a25bc211d723727a82257930447d920d296	same_cutoff_exact_diagonalization	pipelines.exact_bench.static_reference_metrics.exact_energy_for_spec	10	0.8794946903883498	1	50	hh	1	off	off	fixed_horizon_no_target_v1	block_only_adjacent_repeat_after_full_pool_selection	full_meta_unfiltered	chtc/phase3_optuna/input/paper_i_scaling_matrix_parent_powell200_20260710_v1/hh_generator_registry_cache_v1	disk	true	chtc/phase3_optuna/input/paper_i_scaling_matrix_parent_powell200_20260710_v1/hh_pool_cache_v1	chtc/phase3_optuna/input/paper_i_scaling_matrix_parent_powell200_20260710_v1/hh_cache_prewarm_manifest.json	disk	true	exact	locked:hh_outer_iteration_50	corrected_geo_append_estimator_accounting_20260710_v1	chtc/phase3_optuna/input/paper_i_scaling_matrix_parent_powell200_20260710_v1/implementation_lock.json	737fc83467002beaa820f1e411563c9877b5eaafb3dc203027c1e0d56fddff05	paper_i_scaling_matrix_parent_only	finite_size_cutoff_scaling_parent_generator_comparison	50	geo	Geo-ADAPT	1	1	true	POWELL	full_meta_parent_macro_generators_only_all_methods	off		50	200		off	200			200	full_meta_unfiltered	same_cutoff_abs_delta_e	paper_i_scaling_matrix_parent_powell200_20260710_v1__hh__hh_L4_nph1_scaling_strong_weak__geo__parent_powell200__iter50	raw_outputs/paper_i_scaling_matrix_parent_powell200_20260710_v1/paper_i_scaling_matrix_parent_powell200_20260710_v1__hh__hh_L4_nph1_scaling_strong_weak__geo__parent_powell200__iter50	1	61440	32768	1024	16	hh_12q_high_memory	raw_outputs/paper_i_scaling_matrix_parent_powell200_20260710_v1/paper_i_scaling_matrix_parent_powell200_20260710_v1__hh__hh_L4_nph1_scaling_strong_weak__geo__parent_powell200__iter50/result/generic_static_single.json	candidate	true	primary	0.8794946903883498	outer_selector_iterations_not_guaranteed_ansatz_depth	L;n_ph_work;outer_iteration_horizon;new_output_identity	physics_from_table_i_scaling_profile;Powell200;full_meta;parent_only	1	off	off	not_applicable	off	1	off	off	generic_static_exact_energy_env	user_locked_scaling_matrix_profile_no_visible_higher_size_anchor	raw_outputs/paper_i_scaling_matrix_parent_powell200_20260710_v1/paper_i_scaling_matrix_parent_powell200_20260710_v1__hh__hh_L4_nph1_scaling_strong_weak__geo__parent_powell200__iter50/stderr.log	raw_outputs/paper_i_scaling_matrix_parent_powell200_20260710_v1/paper_i_scaling_matrix_parent_powell200_20260710_v1__hh__hh_L4_nph1_scaling_strong_weak__geo__parent_powell200__iter50/stdout.log	paper_i_scaling_matrix_20260710_v1
4	true	not_applicable	powell	not_applicable	off	static_full_meta_append_adapt_vqe	append_only_with_replacement	paper_i_scaling_matrix_parent_powell200_20260710_v1		200	hh_L4_nph1_scaling_strong_weak	raw_outputs/paper_i_scaling_matrix_parent_powell200_20260710_v1/paper_i_scaling_matrix_parent_powell200_20260710_v1__hh__hh_L4_nph1_scaling_strong_weak__append__parent_powell200__iter50/cell_manifest.json	macro_only	chtc/phase3_optuna/input/paper_i_scaling_matrix_parent_powell200_20260710_v1/paper_i_scaling_matrix_code.tar.gz	d0982f4696eaecdde533aaf2194af0900fb5fa7c4adde301056cbab80354c3fb	raw_outputs/paper_i_scaling_matrix_parent_powell200_20260710_v1/paper_i_scaling_matrix_parent_powell200_20260710_v1__hh__hh_L4_nph1_scaling_strong_weak__append__parent_powell200__iter50/adapt_iteration_progress.jsonl	strong-weak	0a5ae9b243ee5e620ed3ac56	chtc/phase3_optuna/input/paper_i_scaling_matrix_parent_powell200_20260710_v1/exact_energy_manifest.json	5fff8c67abff10a229a1ecd82dc08a25bc211d723727a82257930447d920d296	same_cutoff_exact_diagonalization	pipelines.exact_bench.static_reference_metrics.exact_energy_for_spec	10	0.8794946903883498	1	50	hh	1	off	off	fixed_horizon_no_target_v1	block_only_adjacent_repeat_after_full_pool_selection	full_meta_unfiltered	chtc/phase3_optuna/input/paper_i_scaling_matrix_parent_powell200_20260710_v1/hh_generator_registry_cache_v1	disk	true	chtc/phase3_optuna/input/paper_i_scaling_matrix_parent_powell200_20260710_v1/hh_pool_cache_v1	chtc/phase3_optuna/input/paper_i_scaling_matrix_parent_powell200_20260710_v1/hh_cache_prewarm_manifest.json	disk	true	exact	locked:hh_outer_iteration_50	corrected_geo_append_estimator_accounting_20260710_v1	chtc/phase3_optuna/input/paper_i_scaling_matrix_parent_powell200_20260710_v1/implementation_lock.json	737fc83467002beaa820f1e411563c9877b5eaafb3dc203027c1e0d56fddff05	paper_i_scaling_matrix_parent_only	finite_size_cutoff_scaling_parent_generator_comparison	50	append	Append-ADAPT	1	1	true	POWELL	full_meta_parent_macro_generators_only_all_methods	off		50	200		off	200			200	full_meta_unfiltered	same_cutoff_abs_delta_e	paper_i_scaling_matrix_parent_powell200_20260710_v1__hh__hh_L4_nph1_scaling_strong_weak__append__parent_powell200__iter50	raw_outputs/paper_i_scaling_matrix_parent_powell200_20260710_v1/paper_i_scaling_matrix_parent_powell200_20260710_v1__hh__hh_L4_nph1_scaling_strong_weak__append__parent_powell200__iter50	1	61440	32768	1024	16	hh_12q_high_memory	raw_outputs/paper_i_scaling_matrix_parent_powell200_20260710_v1/paper_i_scaling_matrix_parent_powell200_20260710_v1__hh__hh_L4_nph1_scaling_strong_weak__append__parent_powell200__iter50/result/generic_static_single.json	candidate	true	primary	0.8794946903883498	outer_selector_iterations_not_guaranteed_ansatz_depth	L;n_ph_work;outer_iteration_horizon;new_output_identity	physics_from_table_i_scaling_profile;Powell200;full_meta;parent_only	1	off	off	not_applicable	off	1	off	off	generic_static_exact_energy_env	user_locked_scaling_matrix_profile_no_visible_higher_size_anchor	raw_outputs/paper_i_scaling_matrix_parent_powell200_20260710_v1/paper_i_scaling_matrix_parent_powell200_20260710_v1__hh__hh_L4_nph1_scaling_strong_weak__append__parent_powell200__iter50/stderr.log	raw_outputs/paper_i_scaling_matrix_parent_powell200_20260710_v1/paper_i_scaling_matrix_parent_powell200_20260710_v1__hh__hh_L4_nph1_scaling_strong_weak__append__parent_powell200__iter50/stdout.log	paper_i_scaling_matrix_20260710_v1
4	true	2	powell	2	off	static_family_native_adapt_phase3	append_only_with_replacement	paper_i_scaling_matrix_parent_powell200_20260710_v1		200	hh_L4_nph1_scaling_weak_strong	raw_outputs/paper_i_scaling_matrix_parent_powell200_20260710_v1/paper_i_scaling_matrix_parent_powell200_20260710_v1__hh__hh_L4_nph1_scaling_weak_strong__snake__parent_powell200__iter50/cell_manifest.json	macro_only	chtc/phase3_optuna/input/paper_i_scaling_matrix_parent_powell200_20260710_v1/paper_i_scaling_matrix_code.tar.gz	d0982f4696eaecdde533aaf2194af0900fb5fa7c4adde301056cbab80354c3fb	raw_outputs/paper_i_scaling_matrix_parent_powell200_20260710_v1/paper_i_scaling_matrix_parent_powell200_20260710_v1__hh__hh_L4_nph1_scaling_weak_strong__snake__parent_powell200__iter50/result/hh_L4_nph1_scaling_weak_strong/json/current.json	weak-strong	72ca58b50fdd3dc00d562246	chtc/phase3_optuna/input/paper_i_scaling_matrix_parent_powell200_20260710_v1/exact_energy_manifest.json	5fff8c67abff10a229a1ecd82dc08a25bc211d723727a82257930447d920d296	same_cutoff_exact_diagonalization	pipelines.exact_bench.static_reference_metrics.exact_energy_for_spec	10	-2.6346367619632134	1	50	hh	1	off	off		block_only_adjacent_repeat_after_full_pool_selection	full_meta_unfiltered	chtc/phase3_optuna/input/paper_i_scaling_matrix_parent_powell200_20260710_v1/hh_generator_registry_cache_v1	disk	true	chtc/phase3_optuna/input/paper_i_scaling_matrix_parent_powell200_20260710_v1/hh_pool_cache_v1	chtc/phase3_optuna/input/paper_i_scaling_matrix_parent_powell200_20260710_v1/hh_cache_prewarm_manifest.json	disk	true	exact	locked:hh_outer_iteration_50	corrected_geo_append_estimator_accounting_20260710_v1	chtc/phase3_optuna/input/paper_i_scaling_matrix_parent_powell200_20260710_v1/implementation_lock.json	737fc83467002beaa820f1e411563c9877b5eaafb3dc203027c1e0d56fddff05	paper_i_scaling_matrix_parent_only	finite_size_cutoff_scaling_parent_generator_comparison	50	snake	SNAKE	1	1	true	POWELL	full_meta_parent_macro_generators_only_all_methods	off	2	50	200	2	off	200	chtc/phase3_optuna/input/paper_i_scaling_matrix_parent_powell200_20260710_v1/paper_i_scaling_matrix_snake_policy.json	65f535e90f932615d3e448ca92807c90b0af4657f2776916865c81111a0bcc4b	200	full_meta_unfiltered	same_cutoff_abs_delta_e	paper_i_scaling_matrix_parent_powell200_20260710_v1__hh__hh_L4_nph1_scaling_weak_strong__snake__parent_powell200__iter50	raw_outputs/paper_i_scaling_matrix_parent_powell200_20260710_v1/paper_i_scaling_matrix_parent_powell200_20260710_v1__hh__hh_L4_nph1_scaling_weak_strong__snake__parent_powell200__iter50	4	61440	32768	1024	16	hh_12q_high_memory	raw_outputs/paper_i_scaling_matrix_parent_powell200_20260710_v1/paper_i_scaling_matrix_parent_powell200_20260710_v1__hh__hh_L4_nph1_scaling_weak_strong__snake__parent_powell200__iter50/result/generic_static_single.json	candidate	true	primary	-2.6346367619632134	outer_selector_iterations_not_guaranteed_ansatz_depth	L;n_ph_work;outer_iteration_horizon;new_output_identity	physics_from_table_i_scaling_profile;Powell200;full_meta;parent_only	1	off	off	true	off	1	off	off	adapt_pipeline_internal_exact_gs_same_numeric	user_locked_scaling_matrix_profile_no_visible_higher_size_anchor	raw_outputs/paper_i_scaling_matrix_parent_powell200_20260710_v1/paper_i_scaling_matrix_parent_powell200_20260710_v1__hh__hh_L4_nph1_scaling_weak_strong__snake__parent_powell200__iter50/stderr.log	raw_outputs/paper_i_scaling_matrix_parent_powell200_20260710_v1/paper_i_scaling_matrix_parent_powell200_20260710_v1__hh__hh_L4_nph1_scaling_weak_strong__snake__parent_powell200__iter50/stdout.log	paper_i_scaling_matrix_20260710_v1
4	true	not_applicable	powell	not_applicable	off	static_geo_adapt_vqe	append_only_with_replacement	paper_i_scaling_matrix_parent_powell200_20260710_v1		200	hh_L4_nph1_scaling_weak_strong	raw_outputs/paper_i_scaling_matrix_parent_powell200_20260710_v1/paper_i_scaling_matrix_parent_powell200_20260710_v1__hh__hh_L4_nph1_scaling_weak_strong__geo__parent_powell200__iter50/cell_manifest.json	macro_only	chtc/phase3_optuna/input/paper_i_scaling_matrix_parent_powell200_20260710_v1/paper_i_scaling_matrix_code.tar.gz	d0982f4696eaecdde533aaf2194af0900fb5fa7c4adde301056cbab80354c3fb	raw_outputs/paper_i_scaling_matrix_parent_powell200_20260710_v1/paper_i_scaling_matrix_parent_powell200_20260710_v1__hh__hh_L4_nph1_scaling_weak_strong__geo__parent_powell200__iter50/adapt_iteration_progress.jsonl	weak-strong	72ca58b50fdd3dc00d562246	chtc/phase3_optuna/input/paper_i_scaling_matrix_parent_powell200_20260710_v1/exact_energy_manifest.json	5fff8c67abff10a229a1ecd82dc08a25bc211d723727a82257930447d920d296	same_cutoff_exact_diagonalization	pipelines.exact_bench.static_reference_metrics.exact_energy_for_spec	10	-2.6346367619632134	1	50	hh	1	off	off	fixed_horizon_no_target_v1	block_only_adjacent_repeat_after_full_pool_selection	full_meta_unfiltered	chtc/phase3_optuna/input/paper_i_scaling_matrix_parent_powell200_20260710_v1/hh_generator_registry_cache_v1	disk	true	chtc/phase3_optuna/input/paper_i_scaling_matrix_parent_powell200_20260710_v1/hh_pool_cache_v1	chtc/phase3_optuna/input/paper_i_scaling_matrix_parent_powell200_20260710_v1/hh_cache_prewarm_manifest.json	disk	true	exact	locked:hh_outer_iteration_50	corrected_geo_append_estimator_accounting_20260710_v1	chtc/phase3_optuna/input/paper_i_scaling_matrix_parent_powell200_20260710_v1/implementation_lock.json	737fc83467002beaa820f1e411563c9877b5eaafb3dc203027c1e0d56fddff05	paper_i_scaling_matrix_parent_only	finite_size_cutoff_scaling_parent_generator_comparison	50	geo	Geo-ADAPT	1	1	true	POWELL	full_meta_parent_macro_generators_only_all_methods	off		50	200		off	200			200	full_meta_unfiltered	same_cutoff_abs_delta_e	paper_i_scaling_matrix_parent_powell200_20260710_v1__hh__hh_L4_nph1_scaling_weak_strong__geo__parent_powell200__iter50	raw_outputs/paper_i_scaling_matrix_parent_powell200_20260710_v1/paper_i_scaling_matrix_parent_powell200_20260710_v1__hh__hh_L4_nph1_scaling_weak_strong__geo__parent_powell200__iter50	1	61440	32768	1024	16	hh_12q_high_memory	raw_outputs/paper_i_scaling_matrix_parent_powell200_20260710_v1/paper_i_scaling_matrix_parent_powell200_20260710_v1__hh__hh_L4_nph1_scaling_weak_strong__geo__parent_powell200__iter50/result/generic_static_single.json	candidate	true	primary	-2.6346367619632134	outer_selector_iterations_not_guaranteed_ansatz_depth	L;n_ph_work;outer_iteration_horizon;new_output_identity	physics_from_table_i_scaling_profile;Powell200;full_meta;parent_only	1	off	off	not_applicable	off	1	off	off	generic_static_exact_energy_env	user_locked_scaling_matrix_profile_no_visible_higher_size_anchor	raw_outputs/paper_i_scaling_matrix_parent_powell200_20260710_v1/paper_i_scaling_matrix_parent_powell200_20260710_v1__hh__hh_L4_nph1_scaling_weak_strong__geo__parent_powell200__iter50/stderr.log	raw_outputs/paper_i_scaling_matrix_parent_powell200_20260710_v1/paper_i_scaling_matrix_parent_powell200_20260710_v1__hh__hh_L4_nph1_scaling_weak_strong__geo__parent_powell200__iter50/stdout.log	paper_i_scaling_matrix_20260710_v1
4	true	not_applicable	powell	not_applicable	off	static_full_meta_append_adapt_vqe	append_only_with_replacement	paper_i_scaling_matrix_parent_powell200_20260710_v1		200	hh_L4_nph1_scaling_weak_strong	raw_outputs/paper_i_scaling_matrix_parent_powell200_20260710_v1/paper_i_scaling_matrix_parent_powell200_20260710_v1__hh__hh_L4_nph1_scaling_weak_strong__append__parent_powell200__iter50/cell_manifest.json	macro_only	chtc/phase3_optuna/input/paper_i_scaling_matrix_parent_powell200_20260710_v1/paper_i_scaling_matrix_code.tar.gz	d0982f4696eaecdde533aaf2194af0900fb5fa7c4adde301056cbab80354c3fb	raw_outputs/paper_i_scaling_matrix_parent_powell200_20260710_v1/paper_i_scaling_matrix_parent_powell200_20260710_v1__hh__hh_L4_nph1_scaling_weak_strong__append__parent_powell200__iter50/adapt_iteration_progress.jsonl	weak-strong	72ca58b50fdd3dc00d562246	chtc/phase3_optuna/input/paper_i_scaling_matrix_parent_powell200_20260710_v1/exact_energy_manifest.json	5fff8c67abff10a229a1ecd82dc08a25bc211d723727a82257930447d920d296	same_cutoff_exact_diagonalization	pipelines.exact_bench.static_reference_metrics.exact_energy_for_spec	10	-2.6346367619632134	1	50	hh	1	off	off	fixed_horizon_no_target_v1	block_only_adjacent_repeat_after_full_pool_selection	full_meta_unfiltered	chtc/phase3_optuna/input/paper_i_scaling_matrix_parent_powell200_20260710_v1/hh_generator_registry_cache_v1	disk	true	chtc/phase3_optuna/input/paper_i_scaling_matrix_parent_powell200_20260710_v1/hh_pool_cache_v1	chtc/phase3_optuna/input/paper_i_scaling_matrix_parent_powell200_20260710_v1/hh_cache_prewarm_manifest.json	disk	true	exact	locked:hh_outer_iteration_50	corrected_geo_append_estimator_accounting_20260710_v1	chtc/phase3_optuna/input/paper_i_scaling_matrix_parent_powell200_20260710_v1/implementation_lock.json	737fc83467002beaa820f1e411563c9877b5eaafb3dc203027c1e0d56fddff05	paper_i_scaling_matrix_parent_only	finite_size_cutoff_scaling_parent_generator_comparison	50	append	Append-ADAPT	1	1	true	POWELL	full_meta_parent_macro_generators_only_all_methods	off		50	200		off	200			200	full_meta_unfiltered	same_cutoff_abs_delta_e	paper_i_scaling_matrix_parent_powell200_20260710_v1__hh__hh_L4_nph1_scaling_weak_strong__append__parent_powell200__iter50	raw_outputs/paper_i_scaling_matrix_parent_powell200_20260710_v1/paper_i_scaling_matrix_parent_powell200_20260710_v1__hh__hh_L4_nph1_scaling_weak_strong__append__parent_powell200__iter50	1	61440	32768	1024	16	hh_12q_high_memory	raw_outputs/paper_i_scaling_matrix_parent_powell200_20260710_v1/paper_i_scaling_matrix_parent_powell200_20260710_v1__hh__hh_L4_nph1_scaling_weak_strong__append__parent_powell200__iter50/result/generic_static_single.json	candidate	true	primary	-2.6346367619632134	outer_selector_iterations_not_guaranteed_ansatz_depth	L;n_ph_work;outer_iteration_horizon;new_output_identity	physics_from_table_i_scaling_profile;Powell200;full_meta;parent_only	1	off	off	not_applicable	off	1	off	off	generic_static_exact_energy_env	user_locked_scaling_matrix_profile_no_visible_higher_size_anchor	raw_outputs/paper_i_scaling_matrix_parent_powell200_20260710_v1/paper_i_scaling_matrix_parent_powell200_20260710_v1__hh__hh_L4_nph1_scaling_weak_strong__append__parent_powell200__iter50/stderr.log	raw_outputs/paper_i_scaling_matrix_parent_powell200_20260710_v1/paper_i_scaling_matrix_parent_powell200_20260710_v1__hh__hh_L4_nph1_scaling_weak_strong__append__parent_powell200__iter50/stdout.log	paper_i_scaling_matrix_20260710_v1
4	true	2	powell	2	off	static_family_native_adapt_phase3	append_only_with_replacement	paper_i_scaling_matrix_parent_powell200_20260710_v1		200	hh_L4_nph1_scaling_intermediate_strong	raw_outputs/paper_i_scaling_matrix_parent_powell200_20260710_v1/paper_i_scaling_matrix_parent_powell200_20260710_v1__hh__hh_L4_nph1_scaling_intermediate_strong__snake__parent_powell200__iter50/cell_manifest.json	macro_only	chtc/phase3_optuna/input/paper_i_scaling_matrix_parent_powell200_20260710_v1/paper_i_scaling_matrix_code.tar.gz	d0982f4696eaecdde533aaf2194af0900fb5fa7c4adde301056cbab80354c3fb	raw_outputs/paper_i_scaling_matrix_parent_powell200_20260710_v1/paper_i_scaling_matrix_parent_powell200_20260710_v1__hh__hh_L4_nph1_scaling_intermediate_strong__snake__parent_powell200__iter50/result/hh_L4_nph1_scaling_intermediate_strong/json/current.json	intermediate-strong	2b05b5daedbe05ede60a12bc	chtc/phase3_optuna/input/paper_i_scaling_matrix_parent_powell200_20260710_v1/exact_energy_manifest.json	5fff8c67abff10a229a1ecd82dc08a25bc211d723727a82257930447d920d296	same_cutoff_exact_diagonalization	pipelines.exact_bench.static_reference_metrics.exact_energy_for_spec	10	-1.655459805225905	1	50	hh	1	off	off		block_only_adjacent_repeat_after_full_pool_selection	full_meta_unfiltered	chtc/phase3_optuna/input/paper_i_scaling_matrix_parent_powell200_20260710_v1/hh_generator_registry_cache_v1	disk	true	chtc/phase3_optuna/input/paper_i_scaling_matrix_parent_powell200_20260710_v1/hh_pool_cache_v1	chtc/phase3_optuna/input/paper_i_scaling_matrix_parent_powell200_20260710_v1/hh_cache_prewarm_manifest.json	disk	true	exact	locked:hh_outer_iteration_50	corrected_geo_append_estimator_accounting_20260710_v1	chtc/phase3_optuna/input/paper_i_scaling_matrix_parent_powell200_20260710_v1/implementation_lock.json	737fc83467002beaa820f1e411563c9877b5eaafb3dc203027c1e0d56fddff05	paper_i_scaling_matrix_parent_only	finite_size_cutoff_scaling_parent_generator_comparison	50	snake	SNAKE	1	1	true	POWELL	full_meta_parent_macro_generators_only_all_methods	off	2	50	200	2	off	200	chtc/phase3_optuna/input/paper_i_scaling_matrix_parent_powell200_20260710_v1/paper_i_scaling_matrix_snake_policy.json	65f535e90f932615d3e448ca92807c90b0af4657f2776916865c81111a0bcc4b	200	full_meta_unfiltered	same_cutoff_abs_delta_e	paper_i_scaling_matrix_parent_powell200_20260710_v1__hh__hh_L4_nph1_scaling_intermediate_strong__snake__parent_powell200__iter50	raw_outputs/paper_i_scaling_matrix_parent_powell200_20260710_v1/paper_i_scaling_matrix_parent_powell200_20260710_v1__hh__hh_L4_nph1_scaling_intermediate_strong__snake__parent_powell200__iter50	4	61440	32768	1024	16	hh_12q_high_memory	raw_outputs/paper_i_scaling_matrix_parent_powell200_20260710_v1/paper_i_scaling_matrix_parent_powell200_20260710_v1__hh__hh_L4_nph1_scaling_intermediate_strong__snake__parent_powell200__iter50/result/generic_static_single.json	candidate	true	primary	-1.655459805225905	outer_selector_iterations_not_guaranteed_ansatz_depth	L;n_ph_work;outer_iteration_horizon;new_output_identity	physics_from_table_i_scaling_profile;Powell200;full_meta;parent_only	1	off	off	true	off	1	off	off	adapt_pipeline_internal_exact_gs_same_numeric	user_locked_scaling_matrix_profile_no_visible_higher_size_anchor	raw_outputs/paper_i_scaling_matrix_parent_powell200_20260710_v1/paper_i_scaling_matrix_parent_powell200_20260710_v1__hh__hh_L4_nph1_scaling_intermediate_strong__snake__parent_powell200__iter50/stderr.log	raw_outputs/paper_i_scaling_matrix_parent_powell200_20260710_v1/paper_i_scaling_matrix_parent_powell200_20260710_v1__hh__hh_L4_nph1_scaling_intermediate_strong__snake__parent_powell200__iter50/stdout.log	paper_i_scaling_matrix_20260710_v1
4	true	not_applicable	powell	not_applicable	off	static_geo_adapt_vqe	append_only_with_replacement	paper_i_scaling_matrix_parent_powell200_20260710_v1		200	hh_L4_nph1_scaling_intermediate_strong	raw_outputs/paper_i_scaling_matrix_parent_powell200_20260710_v1/paper_i_scaling_matrix_parent_powell200_20260710_v1__hh__hh_L4_nph1_scaling_intermediate_strong__geo__parent_powell200__iter50/cell_manifest.json	macro_only	chtc/phase3_optuna/input/paper_i_scaling_matrix_parent_powell200_20260710_v1/paper_i_scaling_matrix_code.tar.gz	d0982f4696eaecdde533aaf2194af0900fb5fa7c4adde301056cbab80354c3fb	raw_outputs/paper_i_scaling_matrix_parent_powell200_20260710_v1/paper_i_scaling_matrix_parent_powell200_20260710_v1__hh__hh_L4_nph1_scaling_intermediate_strong__geo__parent_powell200__iter50/adapt_iteration_progress.jsonl	intermediate-strong	2b05b5daedbe05ede60a12bc	chtc/phase3_optuna/input/paper_i_scaling_matrix_parent_powell200_20260710_v1/exact_energy_manifest.json	5fff8c67abff10a229a1ecd82dc08a25bc211d723727a82257930447d920d296	same_cutoff_exact_diagonalization	pipelines.exact_bench.static_reference_metrics.exact_energy_for_spec	10	-1.655459805225905	1	50	hh	1	off	off	fixed_horizon_no_target_v1	block_only_adjacent_repeat_after_full_pool_selection	full_meta_unfiltered	chtc/phase3_optuna/input/paper_i_scaling_matrix_parent_powell200_20260710_v1/hh_generator_registry_cache_v1	disk	true	chtc/phase3_optuna/input/paper_i_scaling_matrix_parent_powell200_20260710_v1/hh_pool_cache_v1	chtc/phase3_optuna/input/paper_i_scaling_matrix_parent_powell200_20260710_v1/hh_cache_prewarm_manifest.json	disk	true	exact	locked:hh_outer_iteration_50	corrected_geo_append_estimator_accounting_20260710_v1	chtc/phase3_optuna/input/paper_i_scaling_matrix_parent_powell200_20260710_v1/implementation_lock.json	737fc83467002beaa820f1e411563c9877b5eaafb3dc203027c1e0d56fddff05	paper_i_scaling_matrix_parent_only	finite_size_cutoff_scaling_parent_generator_comparison	50	geo	Geo-ADAPT	1	1	true	POWELL	full_meta_parent_macro_generators_only_all_methods	off		50	200		off	200			200	full_meta_unfiltered	same_cutoff_abs_delta_e	paper_i_scaling_matrix_parent_powell200_20260710_v1__hh__hh_L4_nph1_scaling_intermediate_strong__geo__parent_powell200__iter50	raw_outputs/paper_i_scaling_matrix_parent_powell200_20260710_v1/paper_i_scaling_matrix_parent_powell200_20260710_v1__hh__hh_L4_nph1_scaling_intermediate_strong__geo__parent_powell200__iter50	1	61440	32768	1024	16	hh_12q_high_memory	raw_outputs/paper_i_scaling_matrix_parent_powell200_20260710_v1/paper_i_scaling_matrix_parent_powell200_20260710_v1__hh__hh_L4_nph1_scaling_intermediate_strong__geo__parent_powell200__iter50/result/generic_static_single.json	candidate	true	primary	-1.655459805225905	outer_selector_iterations_not_guaranteed_ansatz_depth	L;n_ph_work;outer_iteration_horizon;new_output_identity	physics_from_table_i_scaling_profile;Powell200;full_meta;parent_only	1	off	off	not_applicable	off	1	off	off	generic_static_exact_energy_env	user_locked_scaling_matrix_profile_no_visible_higher_size_anchor	raw_outputs/paper_i_scaling_matrix_parent_powell200_20260710_v1/paper_i_scaling_matrix_parent_powell200_20260710_v1__hh__hh_L4_nph1_scaling_intermediate_strong__geo__parent_powell200__iter50/stderr.log	raw_outputs/paper_i_scaling_matrix_parent_powell200_20260710_v1/paper_i_scaling_matrix_parent_powell200_20260710_v1__hh__hh_L4_nph1_scaling_intermediate_strong__geo__parent_powell200__iter50/stdout.log	paper_i_scaling_matrix_20260710_v1
4	true	not_applicable	powell	not_applicable	off	static_full_meta_append_adapt_vqe	append_only_with_replacement	paper_i_scaling_matrix_parent_powell200_20260710_v1		200	hh_L4_nph1_scaling_intermediate_strong	raw_outputs/paper_i_scaling_matrix_parent_powell200_20260710_v1/paper_i_scaling_matrix_parent_powell200_20260710_v1__hh__hh_L4_nph1_scaling_intermediate_strong__append__parent_powell200__iter50/cell_manifest.json	macro_only	chtc/phase3_optuna/input/paper_i_scaling_matrix_parent_powell200_20260710_v1/paper_i_scaling_matrix_code.tar.gz	d0982f4696eaecdde533aaf2194af0900fb5fa7c4adde301056cbab80354c3fb	raw_outputs/paper_i_scaling_matrix_parent_powell200_20260710_v1/paper_i_scaling_matrix_parent_powell200_20260710_v1__hh__hh_L4_nph1_scaling_intermediate_strong__append__parent_powell200__iter50/adapt_iteration_progress.jsonl	intermediate-strong	2b05b5daedbe05ede60a12bc	chtc/phase3_optuna/input/paper_i_scaling_matrix_parent_powell200_20260710_v1/exact_energy_manifest.json	5fff8c67abff10a229a1ecd82dc08a25bc211d723727a82257930447d920d296	same_cutoff_exact_diagonalization	pipelines.exact_bench.static_reference_metrics.exact_energy_for_spec	10	-1.655459805225905	1	50	hh	1	off	off	fixed_horizon_no_target_v1	block_only_adjacent_repeat_after_full_pool_selection	full_meta_unfiltered	chtc/phase3_optuna/input/paper_i_scaling_matrix_parent_powell200_20260710_v1/hh_generator_registry_cache_v1	disk	true	chtc/phase3_optuna/input/paper_i_scaling_matrix_parent_powell200_20260710_v1/hh_pool_cache_v1	chtc/phase3_optuna/input/paper_i_scaling_matrix_parent_powell200_20260710_v1/hh_cache_prewarm_manifest.json	disk	true	exact	locked:hh_outer_iteration_50	corrected_geo_append_estimator_accounting_20260710_v1	chtc/phase3_optuna/input/paper_i_scaling_matrix_parent_powell200_20260710_v1/implementation_lock.json	737fc83467002beaa820f1e411563c9877b5eaafb3dc203027c1e0d56fddff05	paper_i_scaling_matrix_parent_only	finite_size_cutoff_scaling_parent_generator_comparison	50	append	Append-ADAPT	1	1	true	POWELL	full_meta_parent_macro_generators_only_all_methods	off		50	200		off	200			200	full_meta_unfiltered	same_cutoff_abs_delta_e	paper_i_scaling_matrix_parent_powell200_20260710_v1__hh__hh_L4_nph1_scaling_intermediate_strong__append__parent_powell200__iter50	raw_outputs/paper_i_scaling_matrix_parent_powell200_20260710_v1/paper_i_scaling_matrix_parent_powell200_20260710_v1__hh__hh_L4_nph1_scaling_intermediate_strong__append__parent_powell200__iter50	1	61440	32768	1024	16	hh_12q_high_memory	raw_outputs/paper_i_scaling_matrix_parent_powell200_20260710_v1/paper_i_scaling_matrix_parent_powell200_20260710_v1__hh__hh_L4_nph1_scaling_intermediate_strong__append__parent_powell200__iter50/result/generic_static_single.json	candidate	true	primary	-1.655459805225905	outer_selector_iterations_not_guaranteed_ansatz_depth	L;n_ph_work;outer_iteration_horizon;new_output_identity	physics_from_table_i_scaling_profile;Powell200;full_meta;parent_only	1	off	off	not_applicable	off	1	off	off	generic_static_exact_energy_env	user_locked_scaling_matrix_profile_no_visible_higher_size_anchor	raw_outputs/paper_i_scaling_matrix_parent_powell200_20260710_v1/paper_i_scaling_matrix_parent_powell200_20260710_v1__hh__hh_L4_nph1_scaling_intermediate_strong__append__parent_powell200__iter50/stderr.log	raw_outputs/paper_i_scaling_matrix_parent_powell200_20260710_v1/paper_i_scaling_matrix_parent_powell200_20260710_v1__hh__hh_L4_nph1_scaling_intermediate_strong__append__parent_powell200__iter50/stdout.log	paper_i_scaling_matrix_20260710_v1
4	true	2	powell	2	off	static_family_native_adapt_phase3	append_only_with_replacement	paper_i_scaling_matrix_parent_powell200_20260710_v1		200	hh_L4_nph1_scaling_strong_strong	raw_outputs/paper_i_scaling_matrix_parent_powell200_20260710_v1/paper_i_scaling_matrix_parent_powell200_20260710_v1__hh__hh_L4_nph1_scaling_strong_strong__snake__parent_powell200__iter50/cell_manifest.json	macro_only	chtc/phase3_optuna/input/paper_i_scaling_matrix_parent_powell200_20260710_v1/paper_i_scaling_matrix_code.tar.gz	d0982f4696eaecdde533aaf2194af0900fb5fa7c4adde301056cbab80354c3fb	raw_outputs/paper_i_scaling_matrix_parent_powell200_20260710_v1/paper_i_scaling_matrix_parent_powell200_20260710_v1__hh__hh_L4_nph1_scaling_strong_strong__snake__parent_powell200__iter50/result/hh_L4_nph1_scaling_strong_strong/json/current.json	strong-strong	9a3fa7ec3fd5f7213c30b83b	chtc/phase3_optuna/input/paper_i_scaling_matrix_parent_powell200_20260710_v1/exact_energy_manifest.json	5fff8c67abff10a229a1ecd82dc08a25bc211d723727a82257930447d920d296	same_cutoff_exact_diagonalization	pipelines.exact_bench.static_reference_metrics.exact_energy_for_spec	10	0.8657815466399901	1	50	hh	1	off	off		block_only_adjacent_repeat_after_full_pool_selection	full_meta_unfiltered	chtc/phase3_optuna/input/paper_i_scaling_matrix_parent_powell200_20260710_v1/hh_generator_registry_cache_v1	disk	true	chtc/phase3_optuna/input/paper_i_scaling_matrix_parent_powell200_20260710_v1/hh_pool_cache_v1	chtc/phase3_optuna/input/paper_i_scaling_matrix_parent_powell200_20260710_v1/hh_cache_prewarm_manifest.json	disk	true	exact	locked:hh_outer_iteration_50	corrected_geo_append_estimator_accounting_20260710_v1	chtc/phase3_optuna/input/paper_i_scaling_matrix_parent_powell200_20260710_v1/implementation_lock.json	737fc83467002beaa820f1e411563c9877b5eaafb3dc203027c1e0d56fddff05	paper_i_scaling_matrix_parent_only	finite_size_cutoff_scaling_parent_generator_comparison	50	snake	SNAKE	1	1	true	POWELL	full_meta_parent_macro_generators_only_all_methods	off	2	50	200	2	off	200	chtc/phase3_optuna/input/paper_i_scaling_matrix_parent_powell200_20260710_v1/paper_i_scaling_matrix_snake_policy.json	65f535e90f932615d3e448ca92807c90b0af4657f2776916865c81111a0bcc4b	200	full_meta_unfiltered	same_cutoff_abs_delta_e	paper_i_scaling_matrix_parent_powell200_20260710_v1__hh__hh_L4_nph1_scaling_strong_strong__snake__parent_powell200__iter50	raw_outputs/paper_i_scaling_matrix_parent_powell200_20260710_v1/paper_i_scaling_matrix_parent_powell200_20260710_v1__hh__hh_L4_nph1_scaling_strong_strong__snake__parent_powell200__iter50	4	61440	32768	1024	16	hh_12q_high_memory	raw_outputs/paper_i_scaling_matrix_parent_powell200_20260710_v1/paper_i_scaling_matrix_parent_powell200_20260710_v1__hh__hh_L4_nph1_scaling_strong_strong__snake__parent_powell200__iter50/result/generic_static_single.json	candidate	true	primary	0.8657815466399901	outer_selector_iterations_not_guaranteed_ansatz_depth	L;n_ph_work;outer_iteration_horizon;new_output_identity	physics_from_table_i_scaling_profile;Powell200;full_meta;parent_only	1	off	off	true	off	1	off	off	adapt_pipeline_internal_exact_gs_same_numeric	user_locked_scaling_matrix_profile_no_visible_higher_size_anchor	raw_outputs/paper_i_scaling_matrix_parent_powell200_20260710_v1/paper_i_scaling_matrix_parent_powell200_20260710_v1__hh__hh_L4_nph1_scaling_strong_strong__snake__parent_powell200__iter50/stderr.log	raw_outputs/paper_i_scaling_matrix_parent_powell200_20260710_v1/paper_i_scaling_matrix_parent_powell200_20260710_v1__hh__hh_L4_nph1_scaling_strong_strong__snake__parent_powell200__iter50/stdout.log	paper_i_scaling_matrix_20260710_v1
4	true	not_applicable	powell	not_applicable	off	static_geo_adapt_vqe	append_only_with_replacement	paper_i_scaling_matrix_parent_powell200_20260710_v1		200	hh_L4_nph1_scaling_strong_strong	raw_outputs/paper_i_scaling_matrix_parent_powell200_20260710_v1/paper_i_scaling_matrix_parent_powell200_20260710_v1__hh__hh_L4_nph1_scaling_strong_strong__geo__parent_powell200__iter50/cell_manifest.json	macro_only	chtc/phase3_optuna/input/paper_i_scaling_matrix_parent_powell200_20260710_v1/paper_i_scaling_matrix_code.tar.gz	d0982f4696eaecdde533aaf2194af0900fb5fa7c4adde301056cbab80354c3fb	raw_outputs/paper_i_scaling_matrix_parent_powell200_20260710_v1/paper_i_scaling_matrix_parent_powell200_20260710_v1__hh__hh_L4_nph1_scaling_strong_strong__geo__parent_powell200__iter50/adapt_iteration_progress.jsonl	strong-strong	9a3fa7ec3fd5f7213c30b83b	chtc/phase3_optuna/input/paper_i_scaling_matrix_parent_powell200_20260710_v1/exact_energy_manifest.json	5fff8c67abff10a229a1ecd82dc08a25bc211d723727a82257930447d920d296	same_cutoff_exact_diagonalization	pipelines.exact_bench.static_reference_metrics.exact_energy_for_spec	10	0.8657815466399901	1	50	hh	1	off	off	fixed_horizon_no_target_v1	block_only_adjacent_repeat_after_full_pool_selection	full_meta_unfiltered	chtc/phase3_optuna/input/paper_i_scaling_matrix_parent_powell200_20260710_v1/hh_generator_registry_cache_v1	disk	true	chtc/phase3_optuna/input/paper_i_scaling_matrix_parent_powell200_20260710_v1/hh_pool_cache_v1	chtc/phase3_optuna/input/paper_i_scaling_matrix_parent_powell200_20260710_v1/hh_cache_prewarm_manifest.json	disk	true	exact	locked:hh_outer_iteration_50	corrected_geo_append_estimator_accounting_20260710_v1	chtc/phase3_optuna/input/paper_i_scaling_matrix_parent_powell200_20260710_v1/implementation_lock.json	737fc83467002beaa820f1e411563c9877b5eaafb3dc203027c1e0d56fddff05	paper_i_scaling_matrix_parent_only	finite_size_cutoff_scaling_parent_generator_comparison	50	geo	Geo-ADAPT	1	1	true	POWELL	full_meta_parent_macro_generators_only_all_methods	off		50	200		off	200			200	full_meta_unfiltered	same_cutoff_abs_delta_e	paper_i_scaling_matrix_parent_powell200_20260710_v1__hh__hh_L4_nph1_scaling_strong_strong__geo__parent_powell200__iter50	raw_outputs/paper_i_scaling_matrix_parent_powell200_20260710_v1/paper_i_scaling_matrix_parent_powell200_20260710_v1__hh__hh_L4_nph1_scaling_strong_strong__geo__parent_powell200__iter50	1	61440	32768	1024	16	hh_12q_high_memory	raw_outputs/paper_i_scaling_matrix_parent_powell200_20260710_v1/paper_i_scaling_matrix_parent_powell200_20260710_v1__hh__hh_L4_nph1_scaling_strong_strong__geo__parent_powell200__iter50/result/generic_static_single.json	candidate	true	primary	0.8657815466399901	outer_selector_iterations_not_guaranteed_ansatz_depth	L;n_ph_work;outer_iteration_horizon;new_output_identity	physics_from_table_i_scaling_profile;Powell200;full_meta;parent_only	1	off	off	not_applicable	off	1	off	off	generic_static_exact_energy_env	user_locked_scaling_matrix_profile_no_visible_higher_size_anchor	raw_outputs/paper_i_scaling_matrix_parent_powell200_20260710_v1/paper_i_scaling_matrix_parent_powell200_20260710_v1__hh__hh_L4_nph1_scaling_strong_strong__geo__parent_powell200__iter50/stderr.log	raw_outputs/paper_i_scaling_matrix_parent_powell200_20260710_v1/paper_i_scaling_matrix_parent_powell200_20260710_v1__hh__hh_L4_nph1_scaling_strong_strong__geo__parent_powell200__iter50/stdout.log	paper_i_scaling_matrix_20260710_v1
4	true	not_applicable	powell	not_applicable	off	static_full_meta_append_adapt_vqe	append_only_with_replacement	paper_i_scaling_matrix_parent_powell200_20260710_v1		200	hh_L4_nph1_scaling_strong_strong	raw_outputs/paper_i_scaling_matrix_parent_powell200_20260710_v1/paper_i_scaling_matrix_parent_powell200_20260710_v1__hh__hh_L4_nph1_scaling_strong_strong__append__parent_powell200__iter50/cell_manifest.json	macro_only	chtc/phase3_optuna/input/paper_i_scaling_matrix_parent_powell200_20260710_v1/paper_i_scaling_matrix_code.tar.gz	d0982f4696eaecdde533aaf2194af0900fb5fa7c4adde301056cbab80354c3fb	raw_outputs/paper_i_scaling_matrix_parent_powell200_20260710_v1/paper_i_scaling_matrix_parent_powell200_20260710_v1__hh__hh_L4_nph1_scaling_strong_strong__append__parent_powell200__iter50/adapt_iteration_progress.jsonl	strong-strong	9a3fa7ec3fd5f7213c30b83b	chtc/phase3_optuna/input/paper_i_scaling_matrix_parent_powell200_20260710_v1/exact_energy_manifest.json	5fff8c67abff10a229a1ecd82dc08a25bc211d723727a82257930447d920d296	same_cutoff_exact_diagonalization	pipelines.exact_bench.static_reference_metrics.exact_energy_for_spec	10	0.8657815466399901	1	50	hh	1	off	off	fixed_horizon_no_target_v1	block_only_adjacent_repeat_after_full_pool_selection	full_meta_unfiltered	chtc/phase3_optuna/input/paper_i_scaling_matrix_parent_powell200_20260710_v1/hh_generator_registry_cache_v1	disk	true	chtc/phase3_optuna/input/paper_i_scaling_matrix_parent_powell200_20260710_v1/hh_pool_cache_v1	chtc/phase3_optuna/input/paper_i_scaling_matrix_parent_powell200_20260710_v1/hh_cache_prewarm_manifest.json	disk	true	exact	locked:hh_outer_iteration_50	corrected_geo_append_estimator_accounting_20260710_v1	chtc/phase3_optuna/input/paper_i_scaling_matrix_parent_powell200_20260710_v1/implementation_lock.json	737fc83467002beaa820f1e411563c9877b5eaafb3dc203027c1e0d56fddff05	paper_i_scaling_matrix_parent_only	finite_size_cutoff_scaling_parent_generator_comparison	50	append	Append-ADAPT	1	1	true	POWELL	full_meta_parent_macro_generators_only_all_methods	off		50	200		off	200			200	full_meta_unfiltered	same_cutoff_abs_delta_e	paper_i_scaling_matrix_parent_powell200_20260710_v1__hh__hh_L4_nph1_scaling_strong_strong__append__parent_powell200__iter50	raw_outputs/paper_i_scaling_matrix_parent_powell200_20260710_v1/paper_i_scaling_matrix_parent_powell200_20260710_v1__hh__hh_L4_nph1_scaling_strong_strong__append__parent_powell200__iter50	1	61440	32768	1024	16	hh_12q_high_memory	raw_outputs/paper_i_scaling_matrix_parent_powell200_20260710_v1/paper_i_scaling_matrix_parent_powell200_20260710_v1__hh__hh_L4_nph1_scaling_strong_strong__append__parent_powell200__iter50/result/generic_static_single.json	candidate	true	primary	0.8657815466399901	outer_selector_iterations_not_guaranteed_ansatz_depth	L;n_ph_work;outer_iteration_horizon;new_output_identity	physics_from_table_i_scaling_profile;Powell200;full_meta;parent_only	1	off	off	not_applicable	off	1	off	off	generic_static_exact_energy_env	user_locked_scaling_matrix_profile_no_visible_higher_size_anchor	raw_outputs/paper_i_scaling_matrix_parent_powell200_20260710_v1/paper_i_scaling_matrix_parent_powell200_20260710_v1__hh__hh_L4_nph1_scaling_strong_strong__append__parent_powell200__iter50/stderr.log	raw_outputs/paper_i_scaling_matrix_parent_powell200_20260710_v1/paper_i_scaling_matrix_parent_powell200_20260710_v1__hh__hh_L4_nph1_scaling_strong_strong__append__parent_powell200__iter50/stdout.log	paper_i_scaling_matrix_20260710_v1
2	true	2	powell	2	off	static_family_native_adapt_phase3	append_only_with_replacement	paper_i_scaling_matrix_parent_powell200_20260710_v1		200	hubbard_L2_scaling_weak	raw_outputs/paper_i_scaling_matrix_parent_powell200_20260710_v1/paper_i_scaling_matrix_parent_powell200_20260710_v1__hubbard__hubbard_L2_scaling_weak__snake__parent_powell200__iter20/cell_manifest.json	macro_only	chtc/phase3_optuna/input/paper_i_scaling_matrix_parent_powell200_20260710_v1/paper_i_scaling_matrix_code.tar.gz	d0982f4696eaecdde533aaf2194af0900fb5fa7c4adde301056cbab80354c3fb	raw_outputs/paper_i_scaling_matrix_parent_powell200_20260710_v1/paper_i_scaling_matrix_parent_powell200_20260710_v1__hubbard__hubbard_L2_scaling_weak__snake__parent_powell200__iter20/result/hubbard_L2_scaling_weak/json/current.json	weak	3f7dff2f633c87851c53e0eb	chtc/phase3_optuna/input/paper_i_scaling_matrix_parent_powell200_20260710_v1/exact_energy_manifest.json	5fff8c67abff10a229a1ecd82dc08a25bc211d723727a82257930447d920d296	same_cutoff_exact_diagonalization	pipelines.exact_bench.static_reference_metrics.exact_energy_for_spec	10	-1.8789024427351741		20	hubbard	1	off	off		block_only_adjacent_repeat_after_full_pool_selection	not_applicable		not_applicable	false			not_applicable	false	not_applicable	locked:hubbard_L2_outer_iteration_20	corrected_geo_append_estimator_accounting_20260710_v1	chtc/phase3_optuna/input/paper_i_scaling_matrix_parent_powell200_20260710_v1/implementation_lock.json	737fc83467002beaa820f1e411563c9877b5eaafb3dc203027c1e0d56fddff05	paper_i_scaling_matrix_parent_only	finite_size_cutoff_scaling_parent_generator_comparison	20	snake	SNAKE			true	POWELL	full_meta_parent_macro_generators_only_all_methods	off	2	20	200	2	off	200	chtc/phase3_optuna/input/paper_i_scaling_matrix_parent_powell200_20260710_v1/paper_i_scaling_matrix_snake_policy.json	65f535e90f932615d3e448ca92807c90b0af4657f2776916865c81111a0bcc4b	200	full_meta_unfiltered	same_cutoff_abs_delta_e	paper_i_scaling_matrix_parent_powell200_20260710_v1__hubbard__hubbard_L2_scaling_weak__snake__parent_powell200__iter20	raw_outputs/paper_i_scaling_matrix_parent_powell200_20260710_v1/paper_i_scaling_matrix_parent_powell200_20260710_v1__hubbard__hubbard_L2_scaling_weak__snake__parent_powell200__iter20	4	32768	16384	1024	16	appendix_standard	raw_outputs/paper_i_scaling_matrix_parent_powell200_20260710_v1/paper_i_scaling_matrix_parent_powell200_20260710_v1__hubbard__hubbard_L2_scaling_weak__snake__parent_powell200__iter20/result/generic_static_single.json	candidate	true	primary	-1.8789024427351741	outer_selector_iterations_not_guaranteed_ansatz_depth	L;n_ph_work;outer_iteration_horizon;new_output_identity	physics_from_table_i_scaling_profile;Powell200;full_meta;parent_only	1	off	off	true	off	1	off	off	adapt_pipeline_internal_exact_gs_same_numeric	user_locked_scaling_matrix_profile_no_visible_higher_size_anchor	raw_outputs/paper_i_scaling_matrix_parent_powell200_20260710_v1/paper_i_scaling_matrix_parent_powell200_20260710_v1__hubbard__hubbard_L2_scaling_weak__snake__parent_powell200__iter20/stderr.log	raw_outputs/paper_i_scaling_matrix_parent_powell200_20260710_v1/paper_i_scaling_matrix_parent_powell200_20260710_v1__hubbard__hubbard_L2_scaling_weak__snake__parent_powell200__iter20/stdout.log	paper_i_scaling_matrix_20260710_v1
2	true	not_applicable	powell	not_applicable	off	static_geo_adapt_vqe	append_only_with_replacement	paper_i_scaling_matrix_parent_powell200_20260710_v1		200	hubbard_L2_scaling_weak	raw_outputs/paper_i_scaling_matrix_parent_powell200_20260710_v1/paper_i_scaling_matrix_parent_powell200_20260710_v1__hubbard__hubbard_L2_scaling_weak__geo__parent_powell200__iter20/cell_manifest.json	macro_only	chtc/phase3_optuna/input/paper_i_scaling_matrix_parent_powell200_20260710_v1/paper_i_scaling_matrix_code.tar.gz	d0982f4696eaecdde533aaf2194af0900fb5fa7c4adde301056cbab80354c3fb	raw_outputs/paper_i_scaling_matrix_parent_powell200_20260710_v1/paper_i_scaling_matrix_parent_powell200_20260710_v1__hubbard__hubbard_L2_scaling_weak__geo__parent_powell200__iter20/adapt_iteration_progress.jsonl	weak	3f7dff2f633c87851c53e0eb	chtc/phase3_optuna/input/paper_i_scaling_matrix_parent_powell200_20260710_v1/exact_energy_manifest.json	5fff8c67abff10a229a1ecd82dc08a25bc211d723727a82257930447d920d296	same_cutoff_exact_diagonalization	pipelines.exact_bench.static_reference_metrics.exact_energy_for_spec	10	-1.8789024427351741		20	hubbard	1	off	off	fixed_horizon_no_target_v1	block_only_adjacent_repeat_after_full_pool_selection	not_applicable		not_applicable	false			not_applicable	false	not_applicable	locked:hubbard_L2_outer_iteration_20	corrected_geo_append_estimator_accounting_20260710_v1	chtc/phase3_optuna/input/paper_i_scaling_matrix_parent_powell200_20260710_v1/implementation_lock.json	737fc83467002beaa820f1e411563c9877b5eaafb3dc203027c1e0d56fddff05	paper_i_scaling_matrix_parent_only	finite_size_cutoff_scaling_parent_generator_comparison	20	geo	Geo-ADAPT			true	POWELL	full_meta_parent_macro_generators_only_all_methods	off		20	200		off	200			200	full_meta_unfiltered	same_cutoff_abs_delta_e	paper_i_scaling_matrix_parent_powell200_20260710_v1__hubbard__hubbard_L2_scaling_weak__geo__parent_powell200__iter20	raw_outputs/paper_i_scaling_matrix_parent_powell200_20260710_v1/paper_i_scaling_matrix_parent_powell200_20260710_v1__hubbard__hubbard_L2_scaling_weak__geo__parent_powell200__iter20	1	32768	16384	1024	16	appendix_standard	raw_outputs/paper_i_scaling_matrix_parent_powell200_20260710_v1/paper_i_scaling_matrix_parent_powell200_20260710_v1__hubbard__hubbard_L2_scaling_weak__geo__parent_powell200__iter20/result/generic_static_single.json	candidate	true	primary	-1.8789024427351741	outer_selector_iterations_not_guaranteed_ansatz_depth	L;n_ph_work;outer_iteration_horizon;new_output_identity	physics_from_table_i_scaling_profile;Powell200;full_meta;parent_only	1	off	off	not_applicable	off	1	off	off	generic_static_exact_energy_env	user_locked_scaling_matrix_profile_no_visible_higher_size_anchor	raw_outputs/paper_i_scaling_matrix_parent_powell200_20260710_v1/paper_i_scaling_matrix_parent_powell200_20260710_v1__hubbard__hubbard_L2_scaling_weak__geo__parent_powell200__iter20/stderr.log	raw_outputs/paper_i_scaling_matrix_parent_powell200_20260710_v1/paper_i_scaling_matrix_parent_powell200_20260710_v1__hubbard__hubbard_L2_scaling_weak__geo__parent_powell200__iter20/stdout.log	paper_i_scaling_matrix_20260710_v1
2	true	not_applicable	powell	not_applicable	off	static_full_meta_append_adapt_vqe	append_only_with_replacement	paper_i_scaling_matrix_parent_powell200_20260710_v1		200	hubbard_L2_scaling_weak	raw_outputs/paper_i_scaling_matrix_parent_powell200_20260710_v1/paper_i_scaling_matrix_parent_powell200_20260710_v1__hubbard__hubbard_L2_scaling_weak__append__parent_powell200__iter20/cell_manifest.json	macro_only	chtc/phase3_optuna/input/paper_i_scaling_matrix_parent_powell200_20260710_v1/paper_i_scaling_matrix_code.tar.gz	d0982f4696eaecdde533aaf2194af0900fb5fa7c4adde301056cbab80354c3fb	raw_outputs/paper_i_scaling_matrix_parent_powell200_20260710_v1/paper_i_scaling_matrix_parent_powell200_20260710_v1__hubbard__hubbard_L2_scaling_weak__append__parent_powell200__iter20/adapt_iteration_progress.jsonl	weak	3f7dff2f633c87851c53e0eb	chtc/phase3_optuna/input/paper_i_scaling_matrix_parent_powell200_20260710_v1/exact_energy_manifest.json	5fff8c67abff10a229a1ecd82dc08a25bc211d723727a82257930447d920d296	same_cutoff_exact_diagonalization	pipelines.exact_bench.static_reference_metrics.exact_energy_for_spec	10	-1.8789024427351741		20	hubbard	1	off	off	fixed_horizon_no_target_v1	block_only_adjacent_repeat_after_full_pool_selection	not_applicable		not_applicable	false			not_applicable	false	not_applicable	locked:hubbard_L2_outer_iteration_20	corrected_geo_append_estimator_accounting_20260710_v1	chtc/phase3_optuna/input/paper_i_scaling_matrix_parent_powell200_20260710_v1/implementation_lock.json	737fc83467002beaa820f1e411563c9877b5eaafb3dc203027c1e0d56fddff05	paper_i_scaling_matrix_parent_only	finite_size_cutoff_scaling_parent_generator_comparison	20	append	Append-ADAPT			true	POWELL	full_meta_parent_macro_generators_only_all_methods	off		20	200		off	200			200	full_meta_unfiltered	same_cutoff_abs_delta_e	paper_i_scaling_matrix_parent_powell200_20260710_v1__hubbard__hubbard_L2_scaling_weak__append__parent_powell200__iter20	raw_outputs/paper_i_scaling_matrix_parent_powell200_20260710_v1/paper_i_scaling_matrix_parent_powell200_20260710_v1__hubbard__hubbard_L2_scaling_weak__append__parent_powell200__iter20	1	32768	16384	1024	16	appendix_standard	raw_outputs/paper_i_scaling_matrix_parent_powell200_20260710_v1/paper_i_scaling_matrix_parent_powell200_20260710_v1__hubbard__hubbard_L2_scaling_weak__append__parent_powell200__iter20/result/generic_static_single.json	candidate	true	primary	-1.8789024427351741	outer_selector_iterations_not_guaranteed_ansatz_depth	L;n_ph_work;outer_iteration_horizon;new_output_identity	physics_from_table_i_scaling_profile;Powell200;full_meta;parent_only	1	off	off	not_applicable	off	1	off	off	generic_static_exact_energy_env	user_locked_scaling_matrix_profile_no_visible_higher_size_anchor	raw_outputs/paper_i_scaling_matrix_parent_powell200_20260710_v1/paper_i_scaling_matrix_parent_powell200_20260710_v1__hubbard__hubbard_L2_scaling_weak__append__parent_powell200__iter20/stderr.log	raw_outputs/paper_i_scaling_matrix_parent_powell200_20260710_v1/paper_i_scaling_matrix_parent_powell200_20260710_v1__hubbard__hubbard_L2_scaling_weak__append__parent_powell200__iter20/stdout.log	paper_i_scaling_matrix_20260710_v1
2	true	2	powell	2	off	static_family_native_adapt_phase3	append_only_with_replacement	paper_i_scaling_matrix_parent_powell200_20260710_v1		200	hubbard_L2_scaling_strong	raw_outputs/paper_i_scaling_matrix_parent_powell200_20260710_v1/paper_i_scaling_matrix_parent_powell200_20260710_v1__hubbard__hubbard_L2_scaling_strong__snake__parent_powell200__iter20/cell_manifest.json	macro_only	chtc/phase3_optuna/input/paper_i_scaling_matrix_parent_powell200_20260710_v1/paper_i_scaling_matrix_code.tar.gz	d0982f4696eaecdde533aaf2194af0900fb5fa7c4adde301056cbab80354c3fb	raw_outputs/paper_i_scaling_matrix_parent_powell200_20260710_v1/paper_i_scaling_matrix_parent_powell200_20260710_v1__hubbard__hubbard_L2_scaling_strong__snake__parent_powell200__iter20/result/hubbard_L2_scaling_strong/json/current.json	strong	5dc531a5961186fb6780c405	chtc/phase3_optuna/input/paper_i_scaling_matrix_parent_powell200_20260710_v1/exact_energy_manifest.json	5fff8c67abff10a229a1ecd82dc08a25bc211d723727a82257930447d920d296	same_cutoff_exact_diagonalization	pipelines.exact_bench.static_reference_metrics.exact_energy_for_spec	10	-0.47213595499957944		20	hubbard	1	off	off		block_only_adjacent_repeat_after_full_pool_selection	not_applicable		not_applicable	false			not_applicable	false	not_applicable	locked:hubbard_L2_outer_iteration_20	corrected_geo_append_estimator_accounting_20260710_v1	chtc/phase3_optuna/input/paper_i_scaling_matrix_parent_powell200_20260710_v1/implementation_lock.json	737fc83467002beaa820f1e411563c9877b5eaafb3dc203027c1e0d56fddff05	paper_i_scaling_matrix_parent_only	finite_size_cutoff_scaling_parent_generator_comparison	20	snake	SNAKE			true	POWELL	full_meta_parent_macro_generators_only_all_methods	off	2	20	200	2	off	200	chtc/phase3_optuna/input/paper_i_scaling_matrix_parent_powell200_20260710_v1/paper_i_scaling_matrix_snake_policy.json	65f535e90f932615d3e448ca92807c90b0af4657f2776916865c81111a0bcc4b	200	full_meta_unfiltered	same_cutoff_abs_delta_e	paper_i_scaling_matrix_parent_powell200_20260710_v1__hubbard__hubbard_L2_scaling_strong__snake__parent_powell200__iter20	raw_outputs/paper_i_scaling_matrix_parent_powell200_20260710_v1/paper_i_scaling_matrix_parent_powell200_20260710_v1__hubbard__hubbard_L2_scaling_strong__snake__parent_powell200__iter20	4	32768	16384	1024	16	appendix_standard	raw_outputs/paper_i_scaling_matrix_parent_powell200_20260710_v1/paper_i_scaling_matrix_parent_powell200_20260710_v1__hubbard__hubbard_L2_scaling_strong__snake__parent_powell200__iter20/result/generic_static_single.json	candidate	true	primary	-0.47213595499957944	outer_selector_iterations_not_guaranteed_ansatz_depth	L;n_ph_work;outer_iteration_horizon;new_output_identity	physics_from_table_i_scaling_profile;Powell200;full_meta;parent_only	1	off	off	true	off	1	off	off	adapt_pipeline_internal_exact_gs_same_numeric	user_locked_scaling_matrix_profile_no_visible_higher_size_anchor	raw_outputs/paper_i_scaling_matrix_parent_powell200_20260710_v1/paper_i_scaling_matrix_parent_powell200_20260710_v1__hubbard__hubbard_L2_scaling_strong__snake__parent_powell200__iter20/stderr.log	raw_outputs/paper_i_scaling_matrix_parent_powell200_20260710_v1/paper_i_scaling_matrix_parent_powell200_20260710_v1__hubbard__hubbard_L2_scaling_strong__snake__parent_powell200__iter20/stdout.log	paper_i_scaling_matrix_20260710_v1
2	true	not_applicable	powell	not_applicable	off	static_geo_adapt_vqe	append_only_with_replacement	paper_i_scaling_matrix_parent_powell200_20260710_v1		200	hubbard_L2_scaling_strong	raw_outputs/paper_i_scaling_matrix_parent_powell200_20260710_v1/paper_i_scaling_matrix_parent_powell200_20260710_v1__hubbard__hubbard_L2_scaling_strong__geo__parent_powell200__iter20/cell_manifest.json	macro_only	chtc/phase3_optuna/input/paper_i_scaling_matrix_parent_powell200_20260710_v1/paper_i_scaling_matrix_code.tar.gz	d0982f4696eaecdde533aaf2194af0900fb5fa7c4adde301056cbab80354c3fb	raw_outputs/paper_i_scaling_matrix_parent_powell200_20260710_v1/paper_i_scaling_matrix_parent_powell200_20260710_v1__hubbard__hubbard_L2_scaling_strong__geo__parent_powell200__iter20/adapt_iteration_progress.jsonl	strong	5dc531a5961186fb6780c405	chtc/phase3_optuna/input/paper_i_scaling_matrix_parent_powell200_20260710_v1/exact_energy_manifest.json	5fff8c67abff10a229a1ecd82dc08a25bc211d723727a82257930447d920d296	same_cutoff_exact_diagonalization	pipelines.exact_bench.static_reference_metrics.exact_energy_for_spec	10	-0.47213595499957944		20	hubbard	1	off	off	fixed_horizon_no_target_v1	block_only_adjacent_repeat_after_full_pool_selection	not_applicable		not_applicable	false			not_applicable	false	not_applicable	locked:hubbard_L2_outer_iteration_20	corrected_geo_append_estimator_accounting_20260710_v1	chtc/phase3_optuna/input/paper_i_scaling_matrix_parent_powell200_20260710_v1/implementation_lock.json	737fc83467002beaa820f1e411563c9877b5eaafb3dc203027c1e0d56fddff05	paper_i_scaling_matrix_parent_only	finite_size_cutoff_scaling_parent_generator_comparison	20	geo	Geo-ADAPT			true	POWELL	full_meta_parent_macro_generators_only_all_methods	off		20	200		off	200			200	full_meta_unfiltered	same_cutoff_abs_delta_e	paper_i_scaling_matrix_parent_powell200_20260710_v1__hubbard__hubbard_L2_scaling_strong__geo__parent_powell200__iter20	raw_outputs/paper_i_scaling_matrix_parent_powell200_20260710_v1/paper_i_scaling_matrix_parent_powell200_20260710_v1__hubbard__hubbard_L2_scaling_strong__geo__parent_powell200__iter20	1	32768	16384	1024	16	appendix_standard	raw_outputs/paper_i_scaling_matrix_parent_powell200_20260710_v1/paper_i_scaling_matrix_parent_powell200_20260710_v1__hubbard__hubbard_L2_scaling_strong__geo__parent_powell200__iter20/result/generic_static_single.json	candidate	true	primary	-0.47213595499957944	outer_selector_iterations_not_guaranteed_ansatz_depth	L;n_ph_work;outer_iteration_horizon;new_output_identity	physics_from_table_i_scaling_profile;Powell200;full_meta;parent_only	1	off	off	not_applicable	off	1	off	off	generic_static_exact_energy_env	user_locked_scaling_matrix_profile_no_visible_higher_size_anchor	raw_outputs/paper_i_scaling_matrix_parent_powell200_20260710_v1/paper_i_scaling_matrix_parent_powell200_20260710_v1__hubbard__hubbard_L2_scaling_strong__geo__parent_powell200__iter20/stderr.log	raw_outputs/paper_i_scaling_matrix_parent_powell200_20260710_v1/paper_i_scaling_matrix_parent_powell200_20260710_v1__hubbard__hubbard_L2_scaling_strong__geo__parent_powell200__iter20/stdout.log	paper_i_scaling_matrix_20260710_v1
2	true	not_applicable	powell	not_applicable	off	static_full_meta_append_adapt_vqe	append_only_with_replacement	paper_i_scaling_matrix_parent_powell200_20260710_v1		200	hubbard_L2_scaling_strong	raw_outputs/paper_i_scaling_matrix_parent_powell200_20260710_v1/paper_i_scaling_matrix_parent_powell200_20260710_v1__hubbard__hubbard_L2_scaling_strong__append__parent_powell200__iter20/cell_manifest.json	macro_only	chtc/phase3_optuna/input/paper_i_scaling_matrix_parent_powell200_20260710_v1/paper_i_scaling_matrix_code.tar.gz	d0982f4696eaecdde533aaf2194af0900fb5fa7c4adde301056cbab80354c3fb	raw_outputs/paper_i_scaling_matrix_parent_powell200_20260710_v1/paper_i_scaling_matrix_parent_powell200_20260710_v1__hubbard__hubbard_L2_scaling_strong__append__parent_powell200__iter20/adapt_iteration_progress.jsonl	strong	5dc531a5961186fb6780c405	chtc/phase3_optuna/input/paper_i_scaling_matrix_parent_powell200_20260710_v1/exact_energy_manifest.json	5fff8c67abff10a229a1ecd82dc08a25bc211d723727a82257930447d920d296	same_cutoff_exact_diagonalization	pipelines.exact_bench.static_reference_metrics.exact_energy_for_spec	10	-0.47213595499957944		20	hubbard	1	off	off	fixed_horizon_no_target_v1	block_only_adjacent_repeat_after_full_pool_selection	not_applicable		not_applicable	false			not_applicable	false	not_applicable	locked:hubbard_L2_outer_iteration_20	corrected_geo_append_estimator_accounting_20260710_v1	chtc/phase3_optuna/input/paper_i_scaling_matrix_parent_powell200_20260710_v1/implementation_lock.json	737fc83467002beaa820f1e411563c9877b5eaafb3dc203027c1e0d56fddff05	paper_i_scaling_matrix_parent_only	finite_size_cutoff_scaling_parent_generator_comparison	20	append	Append-ADAPT			true	POWELL	full_meta_parent_macro_generators_only_all_methods	off		20	200		off	200			200	full_meta_unfiltered	same_cutoff_abs_delta_e	paper_i_scaling_matrix_parent_powell200_20260710_v1__hubbard__hubbard_L2_scaling_strong__append__parent_powell200__iter20	raw_outputs/paper_i_scaling_matrix_parent_powell200_20260710_v1/paper_i_scaling_matrix_parent_powell200_20260710_v1__hubbard__hubbard_L2_scaling_strong__append__parent_powell200__iter20	1	32768	16384	1024	16	appendix_standard	raw_outputs/paper_i_scaling_matrix_parent_powell200_20260710_v1/paper_i_scaling_matrix_parent_powell200_20260710_v1__hubbard__hubbard_L2_scaling_strong__append__parent_powell200__iter20/result/generic_static_single.json	candidate	true	primary	-0.47213595499957944	outer_selector_iterations_not_guaranteed_ansatz_depth	L;n_ph_work;outer_iteration_horizon;new_output_identity	physics_from_table_i_scaling_profile;Powell200;full_meta;parent_only	1	off	off	not_applicable	off	1	off	off	generic_static_exact_energy_env	user_locked_scaling_matrix_profile_no_visible_higher_size_anchor	raw_outputs/paper_i_scaling_matrix_parent_powell200_20260710_v1/paper_i_scaling_matrix_parent_powell200_20260710_v1__hubbard__hubbard_L2_scaling_strong__append__parent_powell200__iter20/stderr.log	raw_outputs/paper_i_scaling_matrix_parent_powell200_20260710_v1/paper_i_scaling_matrix_parent_powell200_20260710_v1__hubbard__hubbard_L2_scaling_strong__append__parent_powell200__iter20/stdout.log	paper_i_scaling_matrix_20260710_v1
3	true	2	powell	2	off	static_family_native_adapt_phase3	append_only_with_replacement	paper_i_scaling_matrix_parent_powell200_20260710_v1		200	hubbard_L3_scaling_weak	raw_outputs/paper_i_scaling_matrix_parent_powell200_20260710_v1/paper_i_scaling_matrix_parent_powell200_20260710_v1__hubbard__hubbard_L3_scaling_weak__snake__parent_powell200__iter30/cell_manifest.json	macro_only	chtc/phase3_optuna/input/paper_i_scaling_matrix_parent_powell200_20260710_v1/paper_i_scaling_matrix_code.tar.gz	d0982f4696eaecdde533aaf2194af0900fb5fa7c4adde301056cbab80354c3fb	raw_outputs/paper_i_scaling_matrix_parent_powell200_20260710_v1/paper_i_scaling_matrix_parent_powell200_20260710_v1__hubbard__hubbard_L3_scaling_weak__snake__parent_powell200__iter30/result/hubbard_L3_scaling_weak/json/current.json	weak	945ed8e16baade9d391c6d2c	chtc/phase3_optuna/input/paper_i_scaling_matrix_parent_powell200_20260710_v1/exact_energy_manifest.json	5fff8c67abff10a229a1ecd82dc08a25bc211d723727a82257930447d920d296	same_cutoff_exact_diagonalization	pipelines.exact_bench.static_reference_metrics.exact_energy_for_spec	10	-2.6758452676191875		30	hubbard	1	off	off		block_only_adjacent_repeat_after_full_pool_selection	not_applicable		not_applicable	false			not_applicable	false	not_applicable	locked:hubbard_L3_L4_outer_iteration_30	corrected_geo_append_estimator_accounting_20260710_v1	chtc/phase3_optuna/input/paper_i_scaling_matrix_parent_powell200_20260710_v1/implementation_lock.json	737fc83467002beaa820f1e411563c9877b5eaafb3dc203027c1e0d56fddff05	paper_i_scaling_matrix_parent_only	finite_size_cutoff_scaling_parent_generator_comparison	30	snake	SNAKE			true	POWELL	full_meta_parent_macro_generators_only_all_methods	off	2	30	200	2	off	200	chtc/phase3_optuna/input/paper_i_scaling_matrix_parent_powell200_20260710_v1/paper_i_scaling_matrix_snake_policy.json	65f535e90f932615d3e448ca92807c90b0af4657f2776916865c81111a0bcc4b	200	full_meta_unfiltered	same_cutoff_abs_delta_e	paper_i_scaling_matrix_parent_powell200_20260710_v1__hubbard__hubbard_L3_scaling_weak__snake__parent_powell200__iter30	raw_outputs/paper_i_scaling_matrix_parent_powell200_20260710_v1/paper_i_scaling_matrix_parent_powell200_20260710_v1__hubbard__hubbard_L3_scaling_weak__snake__parent_powell200__iter30	4	32768	16384	1024	16	appendix_standard	raw_outputs/paper_i_scaling_matrix_parent_powell200_20260710_v1/paper_i_scaling_matrix_parent_powell200_20260710_v1__hubbard__hubbard_L3_scaling_weak__snake__parent_powell200__iter30/result/generic_static_single.json	candidate	true	primary	-2.6758452676191875	outer_selector_iterations_not_guaranteed_ansatz_depth	L;n_ph_work;outer_iteration_horizon;new_output_identity	physics_from_table_i_scaling_profile;Powell200;full_meta;parent_only	1	off	off	true	off	1	off	off	adapt_pipeline_internal_exact_gs_same_numeric	user_locked_scaling_matrix_profile_no_visible_higher_size_anchor	raw_outputs/paper_i_scaling_matrix_parent_powell200_20260710_v1/paper_i_scaling_matrix_parent_powell200_20260710_v1__hubbard__hubbard_L3_scaling_weak__snake__parent_powell200__iter30/stderr.log	raw_outputs/paper_i_scaling_matrix_parent_powell200_20260710_v1/paper_i_scaling_matrix_parent_powell200_20260710_v1__hubbard__hubbard_L3_scaling_weak__snake__parent_powell200__iter30/stdout.log	paper_i_scaling_matrix_20260710_v1
3	true	not_applicable	powell	not_applicable	off	static_geo_adapt_vqe	append_only_with_replacement	paper_i_scaling_matrix_parent_powell200_20260710_v1		200	hubbard_L3_scaling_weak	raw_outputs/paper_i_scaling_matrix_parent_powell200_20260710_v1/paper_i_scaling_matrix_parent_powell200_20260710_v1__hubbard__hubbard_L3_scaling_weak__geo__parent_powell200__iter30/cell_manifest.json	macro_only	chtc/phase3_optuna/input/paper_i_scaling_matrix_parent_powell200_20260710_v1/paper_i_scaling_matrix_code.tar.gz	d0982f4696eaecdde533aaf2194af0900fb5fa7c4adde301056cbab80354c3fb	raw_outputs/paper_i_scaling_matrix_parent_powell200_20260710_v1/paper_i_scaling_matrix_parent_powell200_20260710_v1__hubbard__hubbard_L3_scaling_weak__geo__parent_powell200__iter30/adapt_iteration_progress.jsonl	weak	945ed8e16baade9d391c6d2c	chtc/phase3_optuna/input/paper_i_scaling_matrix_parent_powell200_20260710_v1/exact_energy_manifest.json	5fff8c67abff10a229a1ecd82dc08a25bc211d723727a82257930447d920d296	same_cutoff_exact_diagonalization	pipelines.exact_bench.static_reference_metrics.exact_energy_for_spec	10	-2.6758452676191875		30	hubbard	1	off	off	fixed_horizon_no_target_v1	block_only_adjacent_repeat_after_full_pool_selection	not_applicable		not_applicable	false			not_applicable	false	not_applicable	locked:hubbard_L3_L4_outer_iteration_30	corrected_geo_append_estimator_accounting_20260710_v1	chtc/phase3_optuna/input/paper_i_scaling_matrix_parent_powell200_20260710_v1/implementation_lock.json	737fc83467002beaa820f1e411563c9877b5eaafb3dc203027c1e0d56fddff05	paper_i_scaling_matrix_parent_only	finite_size_cutoff_scaling_parent_generator_comparison	30	geo	Geo-ADAPT			true	POWELL	full_meta_parent_macro_generators_only_all_methods	off		30	200		off	200			200	full_meta_unfiltered	same_cutoff_abs_delta_e	paper_i_scaling_matrix_parent_powell200_20260710_v1__hubbard__hubbard_L3_scaling_weak__geo__parent_powell200__iter30	raw_outputs/paper_i_scaling_matrix_parent_powell200_20260710_v1/paper_i_scaling_matrix_parent_powell200_20260710_v1__hubbard__hubbard_L3_scaling_weak__geo__parent_powell200__iter30	1	32768	16384	1024	16	appendix_standard	raw_outputs/paper_i_scaling_matrix_parent_powell200_20260710_v1/paper_i_scaling_matrix_parent_powell200_20260710_v1__hubbard__hubbard_L3_scaling_weak__geo__parent_powell200__iter30/result/generic_static_single.json	candidate	true	primary	-2.6758452676191875	outer_selector_iterations_not_guaranteed_ansatz_depth	L;n_ph_work;outer_iteration_horizon;new_output_identity	physics_from_table_i_scaling_profile;Powell200;full_meta;parent_only	1	off	off	not_applicable	off	1	off	off	generic_static_exact_energy_env	user_locked_scaling_matrix_profile_no_visible_higher_size_anchor	raw_outputs/paper_i_scaling_matrix_parent_powell200_20260710_v1/paper_i_scaling_matrix_parent_powell200_20260710_v1__hubbard__hubbard_L3_scaling_weak__geo__parent_powell200__iter30/stderr.log	raw_outputs/paper_i_scaling_matrix_parent_powell200_20260710_v1/paper_i_scaling_matrix_parent_powell200_20260710_v1__hubbard__hubbard_L3_scaling_weak__geo__parent_powell200__iter30/stdout.log	paper_i_scaling_matrix_20260710_v1
3	true	not_applicable	powell	not_applicable	off	static_full_meta_append_adapt_vqe	append_only_with_replacement	paper_i_scaling_matrix_parent_powell200_20260710_v1		200	hubbard_L3_scaling_weak	raw_outputs/paper_i_scaling_matrix_parent_powell200_20260710_v1/paper_i_scaling_matrix_parent_powell200_20260710_v1__hubbard__hubbard_L3_scaling_weak__append__parent_powell200__iter30/cell_manifest.json	macro_only	chtc/phase3_optuna/input/paper_i_scaling_matrix_parent_powell200_20260710_v1/paper_i_scaling_matrix_code.tar.gz	d0982f4696eaecdde533aaf2194af0900fb5fa7c4adde301056cbab80354c3fb	raw_outputs/paper_i_scaling_matrix_parent_powell200_20260710_v1/paper_i_scaling_matrix_parent_powell200_20260710_v1__hubbard__hubbard_L3_scaling_weak__append__parent_powell200__iter30/adapt_iteration_progress.jsonl	weak	945ed8e16baade9d391c6d2c	chtc/phase3_optuna/input/paper_i_scaling_matrix_parent_powell200_20260710_v1/exact_energy_manifest.json	5fff8c67abff10a229a1ecd82dc08a25bc211d723727a82257930447d920d296	same_cutoff_exact_diagonalization	pipelines.exact_bench.static_reference_metrics.exact_energy_for_spec	10	-2.6758452676191875		30	hubbard	1	off	off	fixed_horizon_no_target_v1	block_only_adjacent_repeat_after_full_pool_selection	not_applicable		not_applicable	false			not_applicable	false	not_applicable	locked:hubbard_L3_L4_outer_iteration_30	corrected_geo_append_estimator_accounting_20260710_v1	chtc/phase3_optuna/input/paper_i_scaling_matrix_parent_powell200_20260710_v1/implementation_lock.json	737fc83467002beaa820f1e411563c9877b5eaafb3dc203027c1e0d56fddff05	paper_i_scaling_matrix_parent_only	finite_size_cutoff_scaling_parent_generator_comparison	30	append	Append-ADAPT			true	POWELL	full_meta_parent_macro_generators_only_all_methods	off		30	200		off	200			200	full_meta_unfiltered	same_cutoff_abs_delta_e	paper_i_scaling_matrix_parent_powell200_20260710_v1__hubbard__hubbard_L3_scaling_weak__append__parent_powell200__iter30	raw_outputs/paper_i_scaling_matrix_parent_powell200_20260710_v1/paper_i_scaling_matrix_parent_powell200_20260710_v1__hubbard__hubbard_L3_scaling_weak__append__parent_powell200__iter30	1	32768	16384	1024	16	appendix_standard	raw_outputs/paper_i_scaling_matrix_parent_powell200_20260710_v1/paper_i_scaling_matrix_parent_powell200_20260710_v1__hubbard__hubbard_L3_scaling_weak__append__parent_powell200__iter30/result/generic_static_single.json	candidate	true	primary	-2.6758452676191875	outer_selector_iterations_not_guaranteed_ansatz_depth	L;n_ph_work;outer_iteration_horizon;new_output_identity	physics_from_table_i_scaling_profile;Powell200;full_meta;parent_only	1	off	off	not_applicable	off	1	off	off	generic_static_exact_energy_env	user_locked_scaling_matrix_profile_no_visible_higher_size_anchor	raw_outputs/paper_i_scaling_matrix_parent_powell200_20260710_v1/paper_i_scaling_matrix_parent_powell200_20260710_v1__hubbard__hubbard_L3_scaling_weak__append__parent_powell200__iter30/stderr.log	raw_outputs/paper_i_scaling_matrix_parent_powell200_20260710_v1/paper_i_scaling_matrix_parent_powell200_20260710_v1__hubbard__hubbard_L3_scaling_weak__append__parent_powell200__iter30/stdout.log	paper_i_scaling_matrix_20260710_v1
3	true	2	powell	2	off	static_family_native_adapt_phase3	append_only_with_replacement	paper_i_scaling_matrix_parent_powell200_20260710_v1		200	hubbard_L3_scaling_strong	raw_outputs/paper_i_scaling_matrix_parent_powell200_20260710_v1/paper_i_scaling_matrix_parent_powell200_20260710_v1__hubbard__hubbard_L3_scaling_strong__snake__parent_powell200__iter30/cell_manifest.json	macro_only	chtc/phase3_optuna/input/paper_i_scaling_matrix_parent_powell200_20260710_v1/paper_i_scaling_matrix_code.tar.gz	d0982f4696eaecdde533aaf2194af0900fb5fa7c4adde301056cbab80354c3fb	raw_outputs/paper_i_scaling_matrix_parent_powell200_20260710_v1/paper_i_scaling_matrix_parent_powell200_20260710_v1__hubbard__hubbard_L3_scaling_strong__snake__parent_powell200__iter30/result/hubbard_L3_scaling_strong/json/current.json	strong	cecdb208cef463cf6d4dc7d8	chtc/phase3_optuna/input/paper_i_scaling_matrix_parent_powell200_20260710_v1/exact_energy_manifest.json	5fff8c67abff10a229a1ecd82dc08a25bc211d723727a82257930447d920d296	same_cutoff_exact_diagonalization	pipelines.exact_bench.static_reference_metrics.exact_energy_for_spec	10	-0.7077115708616566		30	hubbard	1	off	off		block_only_adjacent_repeat_after_full_pool_selection	not_applicable		not_applicable	false			not_applicable	false	not_applicable	locked:hubbard_L3_L4_outer_iteration_30	corrected_geo_append_estimator_accounting_20260710_v1	chtc/phase3_optuna/input/paper_i_scaling_matrix_parent_powell200_20260710_v1/implementation_lock.json	737fc83467002beaa820f1e411563c9877b5eaafb3dc203027c1e0d56fddff05	paper_i_scaling_matrix_parent_only	finite_size_cutoff_scaling_parent_generator_comparison	30	snake	SNAKE			true	POWELL	full_meta_parent_macro_generators_only_all_methods	off	2	30	200	2	off	200	chtc/phase3_optuna/input/paper_i_scaling_matrix_parent_powell200_20260710_v1/paper_i_scaling_matrix_snake_policy.json	65f535e90f932615d3e448ca92807c90b0af4657f2776916865c81111a0bcc4b	200	full_meta_unfiltered	same_cutoff_abs_delta_e	paper_i_scaling_matrix_parent_powell200_20260710_v1__hubbard__hubbard_L3_scaling_strong__snake__parent_powell200__iter30	raw_outputs/paper_i_scaling_matrix_parent_powell200_20260710_v1/paper_i_scaling_matrix_parent_powell200_20260710_v1__hubbard__hubbard_L3_scaling_strong__snake__parent_powell200__iter30	4	32768	16384	1024	16	appendix_standard	raw_outputs/paper_i_scaling_matrix_parent_powell200_20260710_v1/paper_i_scaling_matrix_parent_powell200_20260710_v1__hubbard__hubbard_L3_scaling_strong__snake__parent_powell200__iter30/result/generic_static_single.json	candidate	true	primary	-0.7077115708616566	outer_selector_iterations_not_guaranteed_ansatz_depth	L;n_ph_work;outer_iteration_horizon;new_output_identity	physics_from_table_i_scaling_profile;Powell200;full_meta;parent_only	1	off	off	true	off	1	off	off	adapt_pipeline_internal_exact_gs_same_numeric	user_locked_scaling_matrix_profile_no_visible_higher_size_anchor	raw_outputs/paper_i_scaling_matrix_parent_powell200_20260710_v1/paper_i_scaling_matrix_parent_powell200_20260710_v1__hubbard__hubbard_L3_scaling_strong__snake__parent_powell200__iter30/stderr.log	raw_outputs/paper_i_scaling_matrix_parent_powell200_20260710_v1/paper_i_scaling_matrix_parent_powell200_20260710_v1__hubbard__hubbard_L3_scaling_strong__snake__parent_powell200__iter30/stdout.log	paper_i_scaling_matrix_20260710_v1
3	true	not_applicable	powell	not_applicable	off	static_geo_adapt_vqe	append_only_with_replacement	paper_i_scaling_matrix_parent_powell200_20260710_v1		200	hubbard_L3_scaling_strong	raw_outputs/paper_i_scaling_matrix_parent_powell200_20260710_v1/paper_i_scaling_matrix_parent_powell200_20260710_v1__hubbard__hubbard_L3_scaling_strong__geo__parent_powell200__iter30/cell_manifest.json	macro_only	chtc/phase3_optuna/input/paper_i_scaling_matrix_parent_powell200_20260710_v1/paper_i_scaling_matrix_code.tar.gz	d0982f4696eaecdde533aaf2194af0900fb5fa7c4adde301056cbab80354c3fb	raw_outputs/paper_i_scaling_matrix_parent_powell200_20260710_v1/paper_i_scaling_matrix_parent_powell200_20260710_v1__hubbard__hubbard_L3_scaling_strong__geo__parent_powell200__iter30/adapt_iteration_progress.jsonl	strong	cecdb208cef463cf6d4dc7d8	chtc/phase3_optuna/input/paper_i_scaling_matrix_parent_powell200_20260710_v1/exact_energy_manifest.json	5fff8c67abff10a229a1ecd82dc08a25bc211d723727a82257930447d920d296	same_cutoff_exact_diagonalization	pipelines.exact_bench.static_reference_metrics.exact_energy_for_spec	10	-0.7077115708616566		30	hubbard	1	off	off	fixed_horizon_no_target_v1	block_only_adjacent_repeat_after_full_pool_selection	not_applicable		not_applicable	false			not_applicable	false	not_applicable	locked:hubbard_L3_L4_outer_iteration_30	corrected_geo_append_estimator_accounting_20260710_v1	chtc/phase3_optuna/input/paper_i_scaling_matrix_parent_powell200_20260710_v1/implementation_lock.json	737fc83467002beaa820f1e411563c9877b5eaafb3dc203027c1e0d56fddff05	paper_i_scaling_matrix_parent_only	finite_size_cutoff_scaling_parent_generator_comparison	30	geo	Geo-ADAPT			true	POWELL	full_meta_parent_macro_generators_only_all_methods	off		30	200		off	200			200	full_meta_unfiltered	same_cutoff_abs_delta_e	paper_i_scaling_matrix_parent_powell200_20260710_v1__hubbard__hubbard_L3_scaling_strong__geo__parent_powell200__iter30	raw_outputs/paper_i_scaling_matrix_parent_powell200_20260710_v1/paper_i_scaling_matrix_parent_powell200_20260710_v1__hubbard__hubbard_L3_scaling_strong__geo__parent_powell200__iter30	1	32768	16384	1024	16	appendix_standard	raw_outputs/paper_i_scaling_matrix_parent_powell200_20260710_v1/paper_i_scaling_matrix_parent_powell200_20260710_v1__hubbard__hubbard_L3_scaling_strong__geo__parent_powell200__iter30/result/generic_static_single.json	candidate	true	primary	-0.7077115708616566	outer_selector_iterations_not_guaranteed_ansatz_depth	L;n_ph_work;outer_iteration_horizon;new_output_identity	physics_from_table_i_scaling_profile;Powell200;full_meta;parent_only	1	off	off	not_applicable	off	1	off	off	generic_static_exact_energy_env	user_locked_scaling_matrix_profile_no_visible_higher_size_anchor	raw_outputs/paper_i_scaling_matrix_parent_powell200_20260710_v1/paper_i_scaling_matrix_parent_powell200_20260710_v1__hubbard__hubbard_L3_scaling_strong__geo__parent_powell200__iter30/stderr.log	raw_outputs/paper_i_scaling_matrix_parent_powell200_20260710_v1/paper_i_scaling_matrix_parent_powell200_20260710_v1__hubbard__hubbard_L3_scaling_strong__geo__parent_powell200__iter30/stdout.log	paper_i_scaling_matrix_20260710_v1
3	true	not_applicable	powell	not_applicable	off	static_full_meta_append_adapt_vqe	append_only_with_replacement	paper_i_scaling_matrix_parent_powell200_20260710_v1		200	hubbard_L3_scaling_strong	raw_outputs/paper_i_scaling_matrix_parent_powell200_20260710_v1/paper_i_scaling_matrix_parent_powell200_20260710_v1__hubbard__hubbard_L3_scaling_strong__append__parent_powell200__iter30/cell_manifest.json	macro_only	chtc/phase3_optuna/input/paper_i_scaling_matrix_parent_powell200_20260710_v1/paper_i_scaling_matrix_code.tar.gz	d0982f4696eaecdde533aaf2194af0900fb5fa7c4adde301056cbab80354c3fb	raw_outputs/paper_i_scaling_matrix_parent_powell200_20260710_v1/paper_i_scaling_matrix_parent_powell200_20260710_v1__hubbard__hubbard_L3_scaling_strong__append__parent_powell200__iter30/adapt_iteration_progress.jsonl	strong	cecdb208cef463cf6d4dc7d8	chtc/phase3_optuna/input/paper_i_scaling_matrix_parent_powell200_20260710_v1/exact_energy_manifest.json	5fff8c67abff10a229a1ecd82dc08a25bc211d723727a82257930447d920d296	same_cutoff_exact_diagonalization	pipelines.exact_bench.static_reference_metrics.exact_energy_for_spec	10	-0.7077115708616566		30	hubbard	1	off	off	fixed_horizon_no_target_v1	block_only_adjacent_repeat_after_full_pool_selection	not_applicable		not_applicable	false			not_applicable	false	not_applicable	locked:hubbard_L3_L4_outer_iteration_30	corrected_geo_append_estimator_accounting_20260710_v1	chtc/phase3_optuna/input/paper_i_scaling_matrix_parent_powell200_20260710_v1/implementation_lock.json	737fc83467002beaa820f1e411563c9877b5eaafb3dc203027c1e0d56fddff05	paper_i_scaling_matrix_parent_only	finite_size_cutoff_scaling_parent_generator_comparison	30	append	Append-ADAPT			true	POWELL	full_meta_parent_macro_generators_only_all_methods	off		30	200		off	200			200	full_meta_unfiltered	same_cutoff_abs_delta_e	paper_i_scaling_matrix_parent_powell200_20260710_v1__hubbard__hubbard_L3_scaling_strong__append__parent_powell200__iter30	raw_outputs/paper_i_scaling_matrix_parent_powell200_20260710_v1/paper_i_scaling_matrix_parent_powell200_20260710_v1__hubbard__hubbard_L3_scaling_strong__append__parent_powell200__iter30	1	32768	16384	1024	16	appendix_standard	raw_outputs/paper_i_scaling_matrix_parent_powell200_20260710_v1/paper_i_scaling_matrix_parent_powell200_20260710_v1__hubbard__hubbard_L3_scaling_strong__append__parent_powell200__iter30/result/generic_static_single.json	candidate	true	primary	-0.7077115708616566	outer_selector_iterations_not_guaranteed_ansatz_depth	L;n_ph_work;outer_iteration_horizon;new_output_identity	physics_from_table_i_scaling_profile;Powell200;full_meta;parent_only	1	off	off	not_applicable	off	1	off	off	generic_static_exact_energy_env	user_locked_scaling_matrix_profile_no_visible_higher_size_anchor	raw_outputs/paper_i_scaling_matrix_parent_powell200_20260710_v1/paper_i_scaling_matrix_parent_powell200_20260710_v1__hubbard__hubbard_L3_scaling_strong__append__parent_powell200__iter30/stderr.log	raw_outputs/paper_i_scaling_matrix_parent_powell200_20260710_v1/paper_i_scaling_matrix_parent_powell200_20260710_v1__hubbard__hubbard_L3_scaling_strong__append__parent_powell200__iter30/stdout.log	paper_i_scaling_matrix_20260710_v1
4	true	2	powell	2	off	static_family_native_adapt_phase3	append_only_with_replacement	paper_i_scaling_matrix_parent_powell200_20260710_v1		200	hubbard_L4_scaling_weak	raw_outputs/paper_i_scaling_matrix_parent_powell200_20260710_v1/paper_i_scaling_matrix_parent_powell200_20260710_v1__hubbard__hubbard_L4_scaling_weak__snake__parent_powell200__iter30/cell_manifest.json	macro_only	chtc/phase3_optuna/input/paper_i_scaling_matrix_parent_powell200_20260710_v1/paper_i_scaling_matrix_code.tar.gz	d0982f4696eaecdde533aaf2194af0900fb5fa7c4adde301056cbab80354c3fb	raw_outputs/paper_i_scaling_matrix_parent_powell200_20260710_v1/paper_i_scaling_matrix_parent_powell200_20260710_v1__hubbard__hubbard_L4_scaling_weak__snake__parent_powell200__iter30/result/hubbard_L4_scaling_weak/json/current.json	weak	e512571656c96d0b1cb1d0f9	chtc/phase3_optuna/input/paper_i_scaling_matrix_parent_powell200_20260710_v1/exact_energy_manifest.json	5fff8c67abff10a229a1ecd82dc08a25bc211d723727a82257930447d920d296	same_cutoff_exact_diagonalization	pipelines.exact_bench.static_reference_metrics.exact_energy_for_spec	10	-4.228631633274617		30	hubbard	1	off	off		block_only_adjacent_repeat_after_full_pool_selection	not_applicable		not_applicable	false			not_applicable	false	not_applicable	locked:hubbard_L3_L4_outer_iteration_30	corrected_geo_append_estimator_accounting_20260710_v1	chtc/phase3_optuna/input/paper_i_scaling_matrix_parent_powell200_20260710_v1/implementation_lock.json	737fc83467002beaa820f1e411563c9877b5eaafb3dc203027c1e0d56fddff05	paper_i_scaling_matrix_parent_only	finite_size_cutoff_scaling_parent_generator_comparison	30	snake	SNAKE			true	POWELL	full_meta_parent_macro_generators_only_all_methods	off	2	30	200	2	off	200	chtc/phase3_optuna/input/paper_i_scaling_matrix_parent_powell200_20260710_v1/paper_i_scaling_matrix_snake_policy.json	65f535e90f932615d3e448ca92807c90b0af4657f2776916865c81111a0bcc4b	200	full_meta_unfiltered	same_cutoff_abs_delta_e	paper_i_scaling_matrix_parent_powell200_20260710_v1__hubbard__hubbard_L4_scaling_weak__snake__parent_powell200__iter30	raw_outputs/paper_i_scaling_matrix_parent_powell200_20260710_v1/paper_i_scaling_matrix_parent_powell200_20260710_v1__hubbard__hubbard_L4_scaling_weak__snake__parent_powell200__iter30	4	32768	16384	1024	16	appendix_standard	raw_outputs/paper_i_scaling_matrix_parent_powell200_20260710_v1/paper_i_scaling_matrix_parent_powell200_20260710_v1__hubbard__hubbard_L4_scaling_weak__snake__parent_powell200__iter30/result/generic_static_single.json	candidate	true	primary	-4.228631633274617	outer_selector_iterations_not_guaranteed_ansatz_depth	L;n_ph_work;outer_iteration_horizon;new_output_identity	physics_from_table_i_scaling_profile;Powell200;full_meta;parent_only	1	off	off	true	off	1	off	off	adapt_pipeline_internal_exact_gs_same_numeric	user_locked_scaling_matrix_profile_no_visible_higher_size_anchor	raw_outputs/paper_i_scaling_matrix_parent_powell200_20260710_v1/paper_i_scaling_matrix_parent_powell200_20260710_v1__hubbard__hubbard_L4_scaling_weak__snake__parent_powell200__iter30/stderr.log	raw_outputs/paper_i_scaling_matrix_parent_powell200_20260710_v1/paper_i_scaling_matrix_parent_powell200_20260710_v1__hubbard__hubbard_L4_scaling_weak__snake__parent_powell200__iter30/stdout.log	paper_i_scaling_matrix_20260710_v1
4	true	not_applicable	powell	not_applicable	off	static_geo_adapt_vqe	append_only_with_replacement	paper_i_scaling_matrix_parent_powell200_20260710_v1		200	hubbard_L4_scaling_weak	raw_outputs/paper_i_scaling_matrix_parent_powell200_20260710_v1/paper_i_scaling_matrix_parent_powell200_20260710_v1__hubbard__hubbard_L4_scaling_weak__geo__parent_powell200__iter30/cell_manifest.json	macro_only	chtc/phase3_optuna/input/paper_i_scaling_matrix_parent_powell200_20260710_v1/paper_i_scaling_matrix_code.tar.gz	d0982f4696eaecdde533aaf2194af0900fb5fa7c4adde301056cbab80354c3fb	raw_outputs/paper_i_scaling_matrix_parent_powell200_20260710_v1/paper_i_scaling_matrix_parent_powell200_20260710_v1__hubbard__hubbard_L4_scaling_weak__geo__parent_powell200__iter30/adapt_iteration_progress.jsonl	weak	e512571656c96d0b1cb1d0f9	chtc/phase3_optuna/input/paper_i_scaling_matrix_parent_powell200_20260710_v1/exact_energy_manifest.json	5fff8c67abff10a229a1ecd82dc08a25bc211d723727a82257930447d920d296	same_cutoff_exact_diagonalization	pipelines.exact_bench.static_reference_metrics.exact_energy_for_spec	10	-4.228631633274617		30	hubbard	1	off	off	fixed_horizon_no_target_v1	block_only_adjacent_repeat_after_full_pool_selection	not_applicable		not_applicable	false			not_applicable	false	not_applicable	locked:hubbard_L3_L4_outer_iteration_30	corrected_geo_append_estimator_accounting_20260710_v1	chtc/phase3_optuna/input/paper_i_scaling_matrix_parent_powell200_20260710_v1/implementation_lock.json	737fc83467002beaa820f1e411563c9877b5eaafb3dc203027c1e0d56fddff05	paper_i_scaling_matrix_parent_only	finite_size_cutoff_scaling_parent_generator_comparison	30	geo	Geo-ADAPT			true	POWELL	full_meta_parent_macro_generators_only_all_methods	off		30	200		off	200			200	full_meta_unfiltered	same_cutoff_abs_delta_e	paper_i_scaling_matrix_parent_powell200_20260710_v1__hubbard__hubbard_L4_scaling_weak__geo__parent_powell200__iter30	raw_outputs/paper_i_scaling_matrix_parent_powell200_20260710_v1/paper_i_scaling_matrix_parent_powell200_20260710_v1__hubbard__hubbard_L4_scaling_weak__geo__parent_powell200__iter30	1	32768	16384	1024	16	appendix_standard	raw_outputs/paper_i_scaling_matrix_parent_powell200_20260710_v1/paper_i_scaling_matrix_parent_powell200_20260710_v1__hubbard__hubbard_L4_scaling_weak__geo__parent_powell200__iter30/result/generic_static_single.json	candidate	true	primary	-4.228631633274617	outer_selector_iterations_not_guaranteed_ansatz_depth	L;n_ph_work;outer_iteration_horizon;new_output_identity	physics_from_table_i_scaling_profile;Powell200;full_meta;parent_only	1	off	off	not_applicable	off	1	off	off	generic_static_exact_energy_env	user_locked_scaling_matrix_profile_no_visible_higher_size_anchor	raw_outputs/paper_i_scaling_matrix_parent_powell200_20260710_v1/paper_i_scaling_matrix_parent_powell200_20260710_v1__hubbard__hubbard_L4_scaling_weak__geo__parent_powell200__iter30/stderr.log	raw_outputs/paper_i_scaling_matrix_parent_powell200_20260710_v1/paper_i_scaling_matrix_parent_powell200_20260710_v1__hubbard__hubbard_L4_scaling_weak__geo__parent_powell200__iter30/stdout.log	paper_i_scaling_matrix_20260710_v1
4	true	not_applicable	powell	not_applicable	off	static_full_meta_append_adapt_vqe	append_only_with_replacement	paper_i_scaling_matrix_parent_powell200_20260710_v1		200	hubbard_L4_scaling_weak	raw_outputs/paper_i_scaling_matrix_parent_powell200_20260710_v1/paper_i_scaling_matrix_parent_powell200_20260710_v1__hubbard__hubbard_L4_scaling_weak__append__parent_powell200__iter30/cell_manifest.json	macro_only	chtc/phase3_optuna/input/paper_i_scaling_matrix_parent_powell200_20260710_v1/paper_i_scaling_matrix_code.tar.gz	d0982f4696eaecdde533aaf2194af0900fb5fa7c4adde301056cbab80354c3fb	raw_outputs/paper_i_scaling_matrix_parent_powell200_20260710_v1/paper_i_scaling_matrix_parent_powell200_20260710_v1__hubbard__hubbard_L4_scaling_weak__append__parent_powell200__iter30/adapt_iteration_progress.jsonl	weak	e512571656c96d0b1cb1d0f9	chtc/phase3_optuna/input/paper_i_scaling_matrix_parent_powell200_20260710_v1/exact_energy_manifest.json	5fff8c67abff10a229a1ecd82dc08a25bc211d723727a82257930447d920d296	same_cutoff_exact_diagonalization	pipelines.exact_bench.static_reference_metrics.exact_energy_for_spec	10	-4.228631633274617		30	hubbard	1	off	off	fixed_horizon_no_target_v1	block_only_adjacent_repeat_after_full_pool_selection	not_applicable		not_applicable	false			not_applicable	false	not_applicable	locked:hubbard_L3_L4_outer_iteration_30	corrected_geo_append_estimator_accounting_20260710_v1	chtc/phase3_optuna/input/paper_i_scaling_matrix_parent_powell200_20260710_v1/implementation_lock.json	737fc83467002beaa820f1e411563c9877b5eaafb3dc203027c1e0d56fddff05	paper_i_scaling_matrix_parent_only	finite_size_cutoff_scaling_parent_generator_comparison	30	append	Append-ADAPT			true	POWELL	full_meta_parent_macro_generators_only_all_methods	off		30	200		off	200			200	full_meta_unfiltered	same_cutoff_abs_delta_e	paper_i_scaling_matrix_parent_powell200_20260710_v1__hubbard__hubbard_L4_scaling_weak__append__parent_powell200__iter30	raw_outputs/paper_i_scaling_matrix_parent_powell200_20260710_v1/paper_i_scaling_matrix_parent_powell200_20260710_v1__hubbard__hubbard_L4_scaling_weak__append__parent_powell200__iter30	1	32768	16384	1024	16	appendix_standard	raw_outputs/paper_i_scaling_matrix_parent_powell200_20260710_v1/paper_i_scaling_matrix_parent_powell200_20260710_v1__hubbard__hubbard_L4_scaling_weak__append__parent_powell200__iter30/result/generic_static_single.json	candidate	true	primary	-4.228631633274617	outer_selector_iterations_not_guaranteed_ansatz_depth	L;n_ph_work;outer_iteration_horizon;new_output_identity	physics_from_table_i_scaling_profile;Powell200;full_meta;parent_only	1	off	off	not_applicable	off	1	off	off	generic_static_exact_energy_env	user_locked_scaling_matrix_profile_no_visible_higher_size_anchor	raw_outputs/paper_i_scaling_matrix_parent_powell200_20260710_v1/paper_i_scaling_matrix_parent_powell200_20260710_v1__hubbard__hubbard_L4_scaling_weak__append__parent_powell200__iter30/stderr.log	raw_outputs/paper_i_scaling_matrix_parent_powell200_20260710_v1/paper_i_scaling_matrix_parent_powell200_20260710_v1__hubbard__hubbard_L4_scaling_weak__append__parent_powell200__iter30/stdout.log	paper_i_scaling_matrix_20260710_v1
4	true	2	powell	2	off	static_family_native_adapt_phase3	append_only_with_replacement	paper_i_scaling_matrix_parent_powell200_20260710_v1		200	hubbard_L4_scaling_strong	raw_outputs/paper_i_scaling_matrix_parent_powell200_20260710_v1/paper_i_scaling_matrix_parent_powell200_20260710_v1__hubbard__hubbard_L4_scaling_strong__snake__parent_powell200__iter30/cell_manifest.json	macro_only	chtc/phase3_optuna/input/paper_i_scaling_matrix_parent_powell200_20260710_v1/paper_i_scaling_matrix_code.tar.gz	d0982f4696eaecdde533aaf2194af0900fb5fa7c4adde301056cbab80354c3fb	raw_outputs/paper_i_scaling_matrix_parent_powell200_20260710_v1/paper_i_scaling_matrix_parent_powell200_20260710_v1__hubbard__hubbard_L4_scaling_strong__snake__parent_powell200__iter30/result/hubbard_L4_scaling_strong/json/current.json	strong	58cc4a80eb164c1da0c538a1	chtc/phase3_optuna/input/paper_i_scaling_matrix_parent_powell200_20260710_v1/exact_energy_manifest.json	5fff8c67abff10a229a1ecd82dc08a25bc211d723727a82257930447d920d296	same_cutoff_exact_diagonalization	pipelines.exact_bench.static_reference_metrics.exact_energy_for_spec	10	-1.117172413361002		30	hubbard	1	off	off		block_only_adjacent_repeat_after_full_pool_selection	not_applicable		not_applicable	false			not_applicable	false	not_applicable	locked:hubbard_L3_L4_outer_iteration_30	corrected_geo_append_estimator_accounting_20260710_v1	chtc/phase3_optuna/input/paper_i_scaling_matrix_parent_powell200_20260710_v1/implementation_lock.json	737fc83467002beaa820f1e411563c9877b5eaafb3dc203027c1e0d56fddff05	paper_i_scaling_matrix_parent_only	finite_size_cutoff_scaling_parent_generator_comparison	30	snake	SNAKE			true	POWELL	full_meta_parent_macro_generators_only_all_methods	off	2	30	200	2	off	200	chtc/phase3_optuna/input/paper_i_scaling_matrix_parent_powell200_20260710_v1/paper_i_scaling_matrix_snake_policy.json	65f535e90f932615d3e448ca92807c90b0af4657f2776916865c81111a0bcc4b	200	full_meta_unfiltered	same_cutoff_abs_delta_e	paper_i_scaling_matrix_parent_powell200_20260710_v1__hubbard__hubbard_L4_scaling_strong__snake__parent_powell200__iter30	raw_outputs/paper_i_scaling_matrix_parent_powell200_20260710_v1/paper_i_scaling_matrix_parent_powell200_20260710_v1__hubbard__hubbard_L4_scaling_strong__snake__parent_powell200__iter30	4	32768	16384	1024	16	appendix_standard	raw_outputs/paper_i_scaling_matrix_parent_powell200_20260710_v1/paper_i_scaling_matrix_parent_powell200_20260710_v1__hubbard__hubbard_L4_scaling_strong__snake__parent_powell200__iter30/result/generic_static_single.json	candidate	true	primary	-1.117172413361002	outer_selector_iterations_not_guaranteed_ansatz_depth	L;n_ph_work;outer_iteration_horizon;new_output_identity	physics_from_table_i_scaling_profile;Powell200;full_meta;parent_only	1	off	off	true	off	1	off	off	adapt_pipeline_internal_exact_gs_same_numeric	user_locked_scaling_matrix_profile_no_visible_higher_size_anchor	raw_outputs/paper_i_scaling_matrix_parent_powell200_20260710_v1/paper_i_scaling_matrix_parent_powell200_20260710_v1__hubbard__hubbard_L4_scaling_strong__snake__parent_powell200__iter30/stderr.log	raw_outputs/paper_i_scaling_matrix_parent_powell200_20260710_v1/paper_i_scaling_matrix_parent_powell200_20260710_v1__hubbard__hubbard_L4_scaling_strong__snake__parent_powell200__iter30/stdout.log	paper_i_scaling_matrix_20260710_v1
4	true	not_applicable	powell	not_applicable	off	static_geo_adapt_vqe	append_only_with_replacement	paper_i_scaling_matrix_parent_powell200_20260710_v1		200	hubbard_L4_scaling_strong	raw_outputs/paper_i_scaling_matrix_parent_powell200_20260710_v1/paper_i_scaling_matrix_parent_powell200_20260710_v1__hubbard__hubbard_L4_scaling_strong__geo__parent_powell200__iter30/cell_manifest.json	macro_only	chtc/phase3_optuna/input/paper_i_scaling_matrix_parent_powell200_20260710_v1/paper_i_scaling_matrix_code.tar.gz	d0982f4696eaecdde533aaf2194af0900fb5fa7c4adde301056cbab80354c3fb	raw_outputs/paper_i_scaling_matrix_parent_powell200_20260710_v1/paper_i_scaling_matrix_parent_powell200_20260710_v1__hubbard__hubbard_L4_scaling_strong__geo__parent_powell200__iter30/adapt_iteration_progress.jsonl	strong	58cc4a80eb164c1da0c538a1	chtc/phase3_optuna/input/paper_i_scaling_matrix_parent_powell200_20260710_v1/exact_energy_manifest.json	5fff8c67abff10a229a1ecd82dc08a25bc211d723727a82257930447d920d296	same_cutoff_exact_diagonalization	pipelines.exact_bench.static_reference_metrics.exact_energy_for_spec	10	-1.117172413361002		30	hubbard	1	off	off	fixed_horizon_no_target_v1	block_only_adjacent_repeat_after_full_pool_selection	not_applicable		not_applicable	false			not_applicable	false	not_applicable	locked:hubbard_L3_L4_outer_iteration_30	corrected_geo_append_estimator_accounting_20260710_v1	chtc/phase3_optuna/input/paper_i_scaling_matrix_parent_powell200_20260710_v1/implementation_lock.json	737fc83467002beaa820f1e411563c9877b5eaafb3dc203027c1e0d56fddff05	paper_i_scaling_matrix_parent_only	finite_size_cutoff_scaling_parent_generator_comparison	30	geo	Geo-ADAPT			true	POWELL	full_meta_parent_macro_generators_only_all_methods	off		30	200		off	200			200	full_meta_unfiltered	same_cutoff_abs_delta_e	paper_i_scaling_matrix_parent_powell200_20260710_v1__hubbard__hubbard_L4_scaling_strong__geo__parent_powell200__iter30	raw_outputs/paper_i_scaling_matrix_parent_powell200_20260710_v1/paper_i_scaling_matrix_parent_powell200_20260710_v1__hubbard__hubbard_L4_scaling_strong__geo__parent_powell200__iter30	1	32768	16384	1024	16	appendix_standard	raw_outputs/paper_i_scaling_matrix_parent_powell200_20260710_v1/paper_i_scaling_matrix_parent_powell200_20260710_v1__hubbard__hubbard_L4_scaling_strong__geo__parent_powell200__iter30/result/generic_static_single.json	candidate	true	primary	-1.117172413361002	outer_selector_iterations_not_guaranteed_ansatz_depth	L;n_ph_work;outer_iteration_horizon;new_output_identity	physics_from_table_i_scaling_profile;Powell200;full_meta;parent_only	1	off	off	not_applicable	off	1	off	off	generic_static_exact_energy_env	user_locked_scaling_matrix_profile_no_visible_higher_size_anchor	raw_outputs/paper_i_scaling_matrix_parent_powell200_20260710_v1/paper_i_scaling_matrix_parent_powell200_20260710_v1__hubbard__hubbard_L4_scaling_strong__geo__parent_powell200__iter30/stderr.log	raw_outputs/paper_i_scaling_matrix_parent_powell200_20260710_v1/paper_i_scaling_matrix_parent_powell200_20260710_v1__hubbard__hubbard_L4_scaling_strong__geo__parent_powell200__iter30/stdout.log	paper_i_scaling_matrix_20260710_v1
4	true	not_applicable	powell	not_applicable	off	static_full_meta_append_adapt_vqe	append_only_with_replacement	paper_i_scaling_matrix_parent_powell200_20260710_v1		200	hubbard_L4_scaling_strong	raw_outputs/paper_i_scaling_matrix_parent_powell200_20260710_v1/paper_i_scaling_matrix_parent_powell200_20260710_v1__hubbard__hubbard_L4_scaling_strong__append__parent_powell200__iter30/cell_manifest.json	macro_only	chtc/phase3_optuna/input/paper_i_scaling_matrix_parent_powell200_20260710_v1/paper_i_scaling_matrix_code.tar.gz	d0982f4696eaecdde533aaf2194af0900fb5fa7c4adde301056cbab80354c3fb	raw_outputs/paper_i_scaling_matrix_parent_powell200_20260710_v1/paper_i_scaling_matrix_parent_powell200_20260710_v1__hubbard__hubbard_L4_scaling_strong__append__parent_powell200__iter30/adapt_iteration_progress.jsonl	strong	58cc4a80eb164c1da0c538a1	chtc/phase3_optuna/input/paper_i_scaling_matrix_parent_powell200_20260710_v1/exact_energy_manifest.json	5fff8c67abff10a229a1ecd82dc08a25bc211d723727a82257930447d920d296	same_cutoff_exact_diagonalization	pipelines.exact_bench.static_reference_metrics.exact_energy_for_spec	10	-1.117172413361002		30	hubbard	1	off	off	fixed_horizon_no_target_v1	block_only_adjacent_repeat_after_full_pool_selection	not_applicable		not_applicable	false			not_applicable	false	not_applicable	locked:hubbard_L3_L4_outer_iteration_30	corrected_geo_append_estimator_accounting_20260710_v1	chtc/phase3_optuna/input/paper_i_scaling_matrix_parent_powell200_20260710_v1/implementation_lock.json	737fc83467002beaa820f1e411563c9877b5eaafb3dc203027c1e0d56fddff05	paper_i_scaling_matrix_parent_only	finite_size_cutoff_scaling_parent_generator_comparison	30	append	Append-ADAPT			true	POWELL	full_meta_parent_macro_generators_only_all_methods	off		30	200		off	200			200	full_meta_unfiltered	same_cutoff_abs_delta_e	paper_i_scaling_matrix_parent_powell200_20260710_v1__hubbard__hubbard_L4_scaling_strong__append__parent_powell200__iter30	raw_outputs/paper_i_scaling_matrix_parent_powell200_20260710_v1/paper_i_scaling_matrix_parent_powell200_20260710_v1__hubbard__hubbard_L4_scaling_strong__append__parent_powell200__iter30	1	32768	16384	1024	16	appendix_standard	raw_outputs/paper_i_scaling_matrix_parent_powell200_20260710_v1/paper_i_scaling_matrix_parent_powell200_20260710_v1__hubbard__hubbard_L4_scaling_strong__append__parent_powell200__iter30/result/generic_static_single.json	candidate	true	primary	-1.117172413361002	outer_selector_iterations_not_guaranteed_ansatz_depth	L;n_ph_work;outer_iteration_horizon;new_output_identity	physics_from_table_i_scaling_profile;Powell200;full_meta;parent_only	1	off	off	not_applicable	off	1	off	off	generic_static_exact_energy_env	user_locked_scaling_matrix_profile_no_visible_higher_size_anchor	raw_outputs/paper_i_scaling_matrix_parent_powell200_20260710_v1/paper_i_scaling_matrix_parent_powell200_20260710_v1__hubbard__hubbard_L4_scaling_strong__append__parent_powell200__iter30/stderr.log	raw_outputs/paper_i_scaling_matrix_parent_powell200_20260710_v1/paper_i_scaling_matrix_parent_powell200_20260710_v1__hubbard__hubbard_L4_scaling_strong__append__parent_powell200__iter30/stdout.log	paper_i_scaling_matrix_20260710_v1
2	true	2	powell	2	off	static_family_native_adapt_phase3	append_only_with_replacement	paper_i_scaling_matrix_parent_powell200_20260710_v1		200	spin_boson_L2_nph4_scaling_weak	raw_outputs/paper_i_scaling_matrix_parent_powell200_20260710_v1/paper_i_scaling_matrix_parent_powell200_20260710_v1__spin_boson__spin_boson_L2_nph4_scaling_weak__snake__parent_powell200__iter30/cell_manifest.json	macro_only	chtc/phase3_optuna/input/paper_i_scaling_matrix_parent_powell200_20260710_v1/paper_i_scaling_matrix_code.tar.gz	d0982f4696eaecdde533aaf2194af0900fb5fa7c4adde301056cbab80354c3fb	raw_outputs/paper_i_scaling_matrix_parent_powell200_20260710_v1/paper_i_scaling_matrix_parent_powell200_20260710_v1__spin_boson__spin_boson_L2_nph4_scaling_weak__snake__parent_powell200__iter30/result/spin_boson_L2_nph4_scaling_weak/json/current.json	weak	00252e4d40635a450b8ccb2e	chtc/phase3_optuna/input/paper_i_scaling_matrix_parent_powell200_20260710_v1/exact_energy_manifest.json	5fff8c67abff10a229a1ecd82dc08a25bc211d723727a82257930447d920d296	same_cutoff_exact_diagonalization	pipelines.exact_bench.static_reference_metrics.exact_energy_for_spec	10	-0.0016685214031345696	4	30	spin_boson	1	off	off		block_only_adjacent_repeat_after_full_pool_selection	not_applicable		not_applicable	false			not_applicable	false	not_applicable	cli:spin_boson_horizon	corrected_geo_append_estimator_accounting_20260710_v1	chtc/phase3_optuna/input/paper_i_scaling_matrix_parent_powell200_20260710_v1/implementation_lock.json	737fc83467002beaa820f1e411563c9877b5eaafb3dc203027c1e0d56fddff05	paper_i_scaling_matrix_parent_only	finite_size_cutoff_scaling_parent_generator_comparison	30	snake	SNAKE	4	4	true	POWELL	full_meta_parent_macro_generators_only_all_methods	off	2	30	200	2	off	200	chtc/phase3_optuna/input/paper_i_scaling_matrix_parent_powell200_20260710_v1/paper_i_scaling_matrix_snake_policy.json	65f535e90f932615d3e448ca92807c90b0af4657f2776916865c81111a0bcc4b	200	full_meta_unfiltered	same_cutoff_abs_delta_e	paper_i_scaling_matrix_parent_powell200_20260710_v1__spin_boson__spin_boson_L2_nph4_scaling_weak__snake__parent_powell200__iter30	raw_outputs/paper_i_scaling_matrix_parent_powell200_20260710_v1/paper_i_scaling_matrix_parent_powell200_20260710_v1__spin_boson__spin_boson_L2_nph4_scaling_weak__snake__parent_powell200__iter30	4	32768	16384	1024	16	appendix_standard	raw_outputs/paper_i_scaling_matrix_parent_powell200_20260710_v1/paper_i_scaling_matrix_parent_powell200_20260710_v1__spin_boson__spin_boson_L2_nph4_scaling_weak__snake__parent_powell200__iter30/result/generic_static_single.json	candidate	true	primary	-0.0016685214031345696	outer_selector_iterations_not_guaranteed_ansatz_depth	L;n_ph_work;outer_iteration_horizon;new_output_identity	physics_from_table_i_scaling_profile;Powell200;full_meta;parent_only	1	off	off	true	off	1	off	off	adapt_pipeline_internal_exact_gs_same_numeric	user_locked_scaling_matrix_profile_no_visible_higher_size_anchor	raw_outputs/paper_i_scaling_matrix_parent_powell200_20260710_v1/paper_i_scaling_matrix_parent_powell200_20260710_v1__spin_boson__spin_boson_L2_nph4_scaling_weak__snake__parent_powell200__iter30/stderr.log	raw_outputs/paper_i_scaling_matrix_parent_powell200_20260710_v1/paper_i_scaling_matrix_parent_powell200_20260710_v1__spin_boson__spin_boson_L2_nph4_scaling_weak__snake__parent_powell200__iter30/stdout.log	paper_i_scaling_matrix_20260710_v1
2	true	not_applicable	powell	not_applicable	off	static_geo_adapt_vqe	append_only_with_replacement	paper_i_scaling_matrix_parent_powell200_20260710_v1		200	spin_boson_L2_nph4_scaling_weak	raw_outputs/paper_i_scaling_matrix_parent_powell200_20260710_v1/paper_i_scaling_matrix_parent_powell200_20260710_v1__spin_boson__spin_boson_L2_nph4_scaling_weak__geo__parent_powell200__iter30/cell_manifest.json	macro_only	chtc/phase3_optuna/input/paper_i_scaling_matrix_parent_powell200_20260710_v1/paper_i_scaling_matrix_code.tar.gz	d0982f4696eaecdde533aaf2194af0900fb5fa7c4adde301056cbab80354c3fb	raw_outputs/paper_i_scaling_matrix_parent_powell200_20260710_v1/paper_i_scaling_matrix_parent_powell200_20260710_v1__spin_boson__spin_boson_L2_nph4_scaling_weak__geo__parent_powell200__iter30/adapt_iteration_progress.jsonl	weak	00252e4d40635a450b8ccb2e	chtc/phase3_optuna/input/paper_i_scaling_matrix_parent_powell200_20260710_v1/exact_energy_manifest.json	5fff8c67abff10a229a1ecd82dc08a25bc211d723727a82257930447d920d296	same_cutoff_exact_diagonalization	pipelines.exact_bench.static_reference_metrics.exact_energy_for_spec	10	-0.0016685214031345696	4	30	spin_boson	1	off	off	fixed_horizon_no_target_v1	block_only_adjacent_repeat_after_full_pool_selection	not_applicable		not_applicable	false			not_applicable	false	not_applicable	cli:spin_boson_horizon	corrected_geo_append_estimator_accounting_20260710_v1	chtc/phase3_optuna/input/paper_i_scaling_matrix_parent_powell200_20260710_v1/implementation_lock.json	737fc83467002beaa820f1e411563c9877b5eaafb3dc203027c1e0d56fddff05	paper_i_scaling_matrix_parent_only	finite_size_cutoff_scaling_parent_generator_comparison	30	geo	Geo-ADAPT	4	4	true	POWELL	full_meta_parent_macro_generators_only_all_methods	off		30	200		off	200			200	full_meta_unfiltered	same_cutoff_abs_delta_e	paper_i_scaling_matrix_parent_powell200_20260710_v1__spin_boson__spin_boson_L2_nph4_scaling_weak__geo__parent_powell200__iter30	raw_outputs/paper_i_scaling_matrix_parent_powell200_20260710_v1/paper_i_scaling_matrix_parent_powell200_20260710_v1__spin_boson__spin_boson_L2_nph4_scaling_weak__geo__parent_powell200__iter30	1	32768	16384	1024	16	appendix_standard	raw_outputs/paper_i_scaling_matrix_parent_powell200_20260710_v1/paper_i_scaling_matrix_parent_powell200_20260710_v1__spin_boson__spin_boson_L2_nph4_scaling_weak__geo__parent_powell200__iter30/result/generic_static_single.json	candidate	true	primary	-0.0016685214031345696	outer_selector_iterations_not_guaranteed_ansatz_depth	L;n_ph_work;outer_iteration_horizon;new_output_identity	physics_from_table_i_scaling_profile;Powell200;full_meta;parent_only	1	off	off	not_applicable	off	1	off	off	generic_static_exact_energy_env	user_locked_scaling_matrix_profile_no_visible_higher_size_anchor	raw_outputs/paper_i_scaling_matrix_parent_powell200_20260710_v1/paper_i_scaling_matrix_parent_powell200_20260710_v1__spin_boson__spin_boson_L2_nph4_scaling_weak__geo__parent_powell200__iter30/stderr.log	raw_outputs/paper_i_scaling_matrix_parent_powell200_20260710_v1/paper_i_scaling_matrix_parent_powell200_20260710_v1__spin_boson__spin_boson_L2_nph4_scaling_weak__geo__parent_powell200__iter30/stdout.log	paper_i_scaling_matrix_20260710_v1
2	true	not_applicable	powell	not_applicable	off	static_full_meta_append_adapt_vqe	append_only_with_replacement	paper_i_scaling_matrix_parent_powell200_20260710_v1		200	spin_boson_L2_nph4_scaling_weak	raw_outputs/paper_i_scaling_matrix_parent_powell200_20260710_v1/paper_i_scaling_matrix_parent_powell200_20260710_v1__spin_boson__spin_boson_L2_nph4_scaling_weak__append__parent_powell200__iter30/cell_manifest.json	macro_only	chtc/phase3_optuna/input/paper_i_scaling_matrix_parent_powell200_20260710_v1/paper_i_scaling_matrix_code.tar.gz	d0982f4696eaecdde533aaf2194af0900fb5fa7c4adde301056cbab80354c3fb	raw_outputs/paper_i_scaling_matrix_parent_powell200_20260710_v1/paper_i_scaling_matrix_parent_powell200_20260710_v1__spin_boson__spin_boson_L2_nph4_scaling_weak__append__parent_powell200__iter30/adapt_iteration_progress.jsonl	weak	00252e4d40635a450b8ccb2e	chtc/phase3_optuna/input/paper_i_scaling_matrix_parent_powell200_20260710_v1/exact_energy_manifest.json	5fff8c67abff10a229a1ecd82dc08a25bc211d723727a82257930447d920d296	same_cutoff_exact_diagonalization	pipelines.exact_bench.static_reference_metrics.exact_energy_for_spec	10	-0.0016685214031345696	4	30	spin_boson	1	off	off	fixed_horizon_no_target_v1	block_only_adjacent_repeat_after_full_pool_selection	not_applicable		not_applicable	false			not_applicable	false	not_applicable	cli:spin_boson_horizon	corrected_geo_append_estimator_accounting_20260710_v1	chtc/phase3_optuna/input/paper_i_scaling_matrix_parent_powell200_20260710_v1/implementation_lock.json	737fc83467002beaa820f1e411563c9877b5eaafb3dc203027c1e0d56fddff05	paper_i_scaling_matrix_parent_only	finite_size_cutoff_scaling_parent_generator_comparison	30	append	Append-ADAPT	4	4	true	POWELL	full_meta_parent_macro_generators_only_all_methods	off		30	200		off	200			200	full_meta_unfiltered	same_cutoff_abs_delta_e	paper_i_scaling_matrix_parent_powell200_20260710_v1__spin_boson__spin_boson_L2_nph4_scaling_weak__append__parent_powell200__iter30	raw_outputs/paper_i_scaling_matrix_parent_powell200_20260710_v1/paper_i_scaling_matrix_parent_powell200_20260710_v1__spin_boson__spin_boson_L2_nph4_scaling_weak__append__parent_powell200__iter30	1	32768	16384	1024	16	appendix_standard	raw_outputs/paper_i_scaling_matrix_parent_powell200_20260710_v1/paper_i_scaling_matrix_parent_powell200_20260710_v1__spin_boson__spin_boson_L2_nph4_scaling_weak__append__parent_powell200__iter30/result/generic_static_single.json	candidate	true	primary	-0.0016685214031345696	outer_selector_iterations_not_guaranteed_ansatz_depth	L;n_ph_work;outer_iteration_horizon;new_output_identity	physics_from_table_i_scaling_profile;Powell200;full_meta;parent_only	1	off	off	not_applicable	off	1	off	off	generic_static_exact_energy_env	user_locked_scaling_matrix_profile_no_visible_higher_size_anchor	raw_outputs/paper_i_scaling_matrix_parent_powell200_20260710_v1/paper_i_scaling_matrix_parent_powell200_20260710_v1__spin_boson__spin_boson_L2_nph4_scaling_weak__append__parent_powell200__iter30/stderr.log	raw_outputs/paper_i_scaling_matrix_parent_powell200_20260710_v1/paper_i_scaling_matrix_parent_powell200_20260710_v1__spin_boson__spin_boson_L2_nph4_scaling_weak__append__parent_powell200__iter30/stdout.log	paper_i_scaling_matrix_20260710_v1
2	true	2	powell	2	off	static_family_native_adapt_phase3	append_only_with_replacement	paper_i_scaling_matrix_parent_powell200_20260710_v1		200	spin_boson_L2_nph4_scaling_strong	raw_outputs/paper_i_scaling_matrix_parent_powell200_20260710_v1/paper_i_scaling_matrix_parent_powell200_20260710_v1__spin_boson__spin_boson_L2_nph4_scaling_strong__snake__parent_powell200__iter30/cell_manifest.json	macro_only	chtc/phase3_optuna/input/paper_i_scaling_matrix_parent_powell200_20260710_v1/paper_i_scaling_matrix_code.tar.gz	d0982f4696eaecdde533aaf2194af0900fb5fa7c4adde301056cbab80354c3fb	raw_outputs/paper_i_scaling_matrix_parent_powell200_20260710_v1/paper_i_scaling_matrix_parent_powell200_20260710_v1__spin_boson__spin_boson_L2_nph4_scaling_strong__snake__parent_powell200__iter30/result/spin_boson_L2_nph4_scaling_strong/json/current.json	strong	e5b7f0c69ebe47dad1d5b719	chtc/phase3_optuna/input/paper_i_scaling_matrix_parent_powell200_20260710_v1/exact_energy_manifest.json	5fff8c67abff10a229a1ecd82dc08a25bc211d723727a82257930447d920d296	same_cutoff_exact_diagonalization	pipelines.exact_bench.static_reference_metrics.exact_energy_for_spec	10	-0.006696481673591719	4	30	spin_boson	1	off	off		block_only_adjacent_repeat_after_full_pool_selection	not_applicable		not_applicable	false			not_applicable	false	not_applicable	cli:spin_boson_horizon	corrected_geo_append_estimator_accounting_20260710_v1	chtc/phase3_optuna/input/paper_i_scaling_matrix_parent_powell200_20260710_v1/implementation_lock.json	737fc83467002beaa820f1e411563c9877b5eaafb3dc203027c1e0d56fddff05	paper_i_scaling_matrix_parent_only	finite_size_cutoff_scaling_parent_generator_comparison	30	snake	SNAKE	4	4	true	POWELL	full_meta_parent_macro_generators_only_all_methods	off	2	30	200	2	off	200	chtc/phase3_optuna/input/paper_i_scaling_matrix_parent_powell200_20260710_v1/paper_i_scaling_matrix_snake_policy.json	65f535e90f932615d3e448ca92807c90b0af4657f2776916865c81111a0bcc4b	200	full_meta_unfiltered	same_cutoff_abs_delta_e	paper_i_scaling_matrix_parent_powell200_20260710_v1__spin_boson__spin_boson_L2_nph4_scaling_strong__snake__parent_powell200__iter30	raw_outputs/paper_i_scaling_matrix_parent_powell200_20260710_v1/paper_i_scaling_matrix_parent_powell200_20260710_v1__spin_boson__spin_boson_L2_nph4_scaling_strong__snake__parent_powell200__iter30	4	32768	16384	1024	16	appendix_standard	raw_outputs/paper_i_scaling_matrix_parent_powell200_20260710_v1/paper_i_scaling_matrix_parent_powell200_20260710_v1__spin_boson__spin_boson_L2_nph4_scaling_strong__snake__parent_powell200__iter30/result/generic_static_single.json	candidate	true	primary	-0.006696481673591719	outer_selector_iterations_not_guaranteed_ansatz_depth	L;n_ph_work;outer_iteration_horizon;new_output_identity	physics_from_table_i_scaling_profile;Powell200;full_meta;parent_only	1	off	off	true	off	1	off	off	adapt_pipeline_internal_exact_gs_same_numeric	user_locked_scaling_matrix_profile_no_visible_higher_size_anchor	raw_outputs/paper_i_scaling_matrix_parent_powell200_20260710_v1/paper_i_scaling_matrix_parent_powell200_20260710_v1__spin_boson__spin_boson_L2_nph4_scaling_strong__snake__parent_powell200__iter30/stderr.log	raw_outputs/paper_i_scaling_matrix_parent_powell200_20260710_v1/paper_i_scaling_matrix_parent_powell200_20260710_v1__spin_boson__spin_boson_L2_nph4_scaling_strong__snake__parent_powell200__iter30/stdout.log	paper_i_scaling_matrix_20260710_v1
2	true	not_applicable	powell	not_applicable	off	static_geo_adapt_vqe	append_only_with_replacement	paper_i_scaling_matrix_parent_powell200_20260710_v1		200	spin_boson_L2_nph4_scaling_strong	raw_outputs/paper_i_scaling_matrix_parent_powell200_20260710_v1/paper_i_scaling_matrix_parent_powell200_20260710_v1__spin_boson__spin_boson_L2_nph4_scaling_strong__geo__parent_powell200__iter30/cell_manifest.json	macro_only	chtc/phase3_optuna/input/paper_i_scaling_matrix_parent_powell200_20260710_v1/paper_i_scaling_matrix_code.tar.gz	d0982f4696eaecdde533aaf2194af0900fb5fa7c4adde301056cbab80354c3fb	raw_outputs/paper_i_scaling_matrix_parent_powell200_20260710_v1/paper_i_scaling_matrix_parent_powell200_20260710_v1__spin_boson__spin_boson_L2_nph4_scaling_strong__geo__parent_powell200__iter30/adapt_iteration_progress.jsonl	strong	e5b7f0c69ebe47dad1d5b719	chtc/phase3_optuna/input/paper_i_scaling_matrix_parent_powell200_20260710_v1/exact_energy_manifest.json	5fff8c67abff10a229a1ecd82dc08a25bc211d723727a82257930447d920d296	same_cutoff_exact_diagonalization	pipelines.exact_bench.static_reference_metrics.exact_energy_for_spec	10	-0.006696481673591719	4	30	spin_boson	1	off	off	fixed_horizon_no_target_v1	block_only_adjacent_repeat_after_full_pool_selection	not_applicable		not_applicable	false			not_applicable	false	not_applicable	cli:spin_boson_horizon	corrected_geo_append_estimator_accounting_20260710_v1	chtc/phase3_optuna/input/paper_i_scaling_matrix_parent_powell200_20260710_v1/implementation_lock.json	737fc83467002beaa820f1e411563c9877b5eaafb3dc203027c1e0d56fddff05	paper_i_scaling_matrix_parent_only	finite_size_cutoff_scaling_parent_generator_comparison	30	geo	Geo-ADAPT	4	4	true	POWELL	full_meta_parent_macro_generators_only_all_methods	off		30	200		off	200			200	full_meta_unfiltered	same_cutoff_abs_delta_e	paper_i_scaling_matrix_parent_powell200_20260710_v1__spin_boson__spin_boson_L2_nph4_scaling_strong__geo__parent_powell200__iter30	raw_outputs/paper_i_scaling_matrix_parent_powell200_20260710_v1/paper_i_scaling_matrix_parent_powell200_20260710_v1__spin_boson__spin_boson_L2_nph4_scaling_strong__geo__parent_powell200__iter30	1	32768	16384	1024	16	appendix_standard	raw_outputs/paper_i_scaling_matrix_parent_powell200_20260710_v1/paper_i_scaling_matrix_parent_powell200_20260710_v1__spin_boson__spin_boson_L2_nph4_scaling_strong__geo__parent_powell200__iter30/result/generic_static_single.json	candidate	true	primary	-0.006696481673591719	outer_selector_iterations_not_guaranteed_ansatz_depth	L;n_ph_work;outer_iteration_horizon;new_output_identity	physics_from_table_i_scaling_profile;Powell200;full_meta;parent_only	1	off	off	not_applicable	off	1	off	off	generic_static_exact_energy_env	user_locked_scaling_matrix_profile_no_visible_higher_size_anchor	raw_outputs/paper_i_scaling_matrix_parent_powell200_20260710_v1/paper_i_scaling_matrix_parent_powell200_20260710_v1__spin_boson__spin_boson_L2_nph4_scaling_strong__geo__parent_powell200__iter30/stderr.log	raw_outputs/paper_i_scaling_matrix_parent_powell200_20260710_v1/paper_i_scaling_matrix_parent_powell200_20260710_v1__spin_boson__spin_boson_L2_nph4_scaling_strong__geo__parent_powell200__iter30/stdout.log	paper_i_scaling_matrix_20260710_v1
2	true	not_applicable	powell	not_applicable	off	static_full_meta_append_adapt_vqe	append_only_with_replacement	paper_i_scaling_matrix_parent_powell200_20260710_v1		200	spin_boson_L2_nph4_scaling_strong	raw_outputs/paper_i_scaling_matrix_parent_powell200_20260710_v1/paper_i_scaling_matrix_parent_powell200_20260710_v1__spin_boson__spin_boson_L2_nph4_scaling_strong__append__parent_powell200__iter30/cell_manifest.json	macro_only	chtc/phase3_optuna/input/paper_i_scaling_matrix_parent_powell200_20260710_v1/paper_i_scaling_matrix_code.tar.gz	d0982f4696eaecdde533aaf2194af0900fb5fa7c4adde301056cbab80354c3fb	raw_outputs/paper_i_scaling_matrix_parent_powell200_20260710_v1/paper_i_scaling_matrix_parent_powell200_20260710_v1__spin_boson__spin_boson_L2_nph4_scaling_strong__append__parent_powell200__iter30/adapt_iteration_progress.jsonl	strong	e5b7f0c69ebe47dad1d5b719	chtc/phase3_optuna/input/paper_i_scaling_matrix_parent_powell200_20260710_v1/exact_energy_manifest.json	5fff8c67abff10a229a1ecd82dc08a25bc211d723727a82257930447d920d296	same_cutoff_exact_diagonalization	pipelines.exact_bench.static_reference_metrics.exact_energy_for_spec	10	-0.006696481673591719	4	30	spin_boson	1	off	off	fixed_horizon_no_target_v1	block_only_adjacent_repeat_after_full_pool_selection	not_applicable		not_applicable	false			not_applicable	false	not_applicable	cli:spin_boson_horizon	corrected_geo_append_estimator_accounting_20260710_v1	chtc/phase3_optuna/input/paper_i_scaling_matrix_parent_powell200_20260710_v1/implementation_lock.json	737fc83467002beaa820f1e411563c9877b5eaafb3dc203027c1e0d56fddff05	paper_i_scaling_matrix_parent_only	finite_size_cutoff_scaling_parent_generator_comparison	30	append	Append-ADAPT	4	4	true	POWELL	full_meta_parent_macro_generators_only_all_methods	off		30	200		off	200			200	full_meta_unfiltered	same_cutoff_abs_delta_e	paper_i_scaling_matrix_parent_powell200_20260710_v1__spin_boson__spin_boson_L2_nph4_scaling_strong__append__parent_powell200__iter30	raw_outputs/paper_i_scaling_matrix_parent_powell200_20260710_v1/paper_i_scaling_matrix_parent_powell200_20260710_v1__spin_boson__spin_boson_L2_nph4_scaling_strong__append__parent_powell200__iter30	1	32768	16384	1024	16	appendix_standard	raw_outputs/paper_i_scaling_matrix_parent_powell200_20260710_v1/paper_i_scaling_matrix_parent_powell200_20260710_v1__spin_boson__spin_boson_L2_nph4_scaling_strong__append__parent_powell200__iter30/result/generic_static_single.json	candidate	true	primary	-0.006696481673591719	outer_selector_iterations_not_guaranteed_ansatz_depth	L;n_ph_work;outer_iteration_horizon;new_output_identity	physics_from_table_i_scaling_profile;Powell200;full_meta;parent_only	1	off	off	not_applicable	off	1	off	off	generic_static_exact_energy_env	user_locked_scaling_matrix_profile_no_visible_higher_size_anchor	raw_outputs/paper_i_scaling_matrix_parent_powell200_20260710_v1/paper_i_scaling_matrix_parent_powell200_20260710_v1__spin_boson__spin_boson_L2_nph4_scaling_strong__append__parent_powell200__iter30/stderr.log	raw_outputs/paper_i_scaling_matrix_parent_powell200_20260710_v1/paper_i_scaling_matrix_parent_powell200_20260710_v1__spin_boson__spin_boson_L2_nph4_scaling_strong__append__parent_powell200__iter30/stdout.log	paper_i_scaling_matrix_20260710_v1
3	true	2	powell	2	off	static_family_native_adapt_phase3	append_only_with_replacement	paper_i_scaling_matrix_parent_powell200_20260710_v1		200	spin_boson_L3_nph3_scaling_weak	raw_outputs/paper_i_scaling_matrix_parent_powell200_20260710_v1/paper_i_scaling_matrix_parent_powell200_20260710_v1__spin_boson__spin_boson_L3_nph3_scaling_weak__snake__parent_powell200__iter30/cell_manifest.json	macro_only	chtc/phase3_optuna/input/paper_i_scaling_matrix_parent_powell200_20260710_v1/paper_i_scaling_matrix_code.tar.gz	d0982f4696eaecdde533aaf2194af0900fb5fa7c4adde301056cbab80354c3fb	raw_outputs/paper_i_scaling_matrix_parent_powell200_20260710_v1/paper_i_scaling_matrix_parent_powell200_20260710_v1__spin_boson__spin_boson_L3_nph3_scaling_weak__snake__parent_powell200__iter30/result/spin_boson_L3_nph3_scaling_weak/json/current.json	weak	01522b4f2ad6c9aed730930c	chtc/phase3_optuna/input/paper_i_scaling_matrix_parent_powell200_20260710_v1/exact_energy_manifest.json	5fff8c67abff10a229a1ecd82dc08a25bc211d723727a82257930447d920d296	same_cutoff_exact_diagonalization	pipelines.exact_bench.static_reference_metrics.exact_energy_for_spec	10	0.49749582359185535	3	30	spin_boson	1	off	off		block_only_adjacent_repeat_after_full_pool_selection	not_applicable		not_applicable	false			not_applicable	false	not_applicable	cli:spin_boson_horizon	corrected_geo_append_estimator_accounting_20260710_v1	chtc/phase3_optuna/input/paper_i_scaling_matrix_parent_powell200_20260710_v1/implementation_lock.json	737fc83467002beaa820f1e411563c9877b5eaafb3dc203027c1e0d56fddff05	paper_i_scaling_matrix_parent_only	finite_size_cutoff_scaling_parent_generator_comparison	30	snake	SNAKE	3	3	true	POWELL	full_meta_parent_macro_generators_only_all_methods	off	2	30	200	2	off	200	chtc/phase3_optuna/input/paper_i_scaling_matrix_parent_powell200_20260710_v1/paper_i_scaling_matrix_snake_policy.json	65f535e90f932615d3e448ca92807c90b0af4657f2776916865c81111a0bcc4b	200	full_meta_unfiltered	same_cutoff_abs_delta_e	paper_i_scaling_matrix_parent_powell200_20260710_v1__spin_boson__spin_boson_L3_nph3_scaling_weak__snake__parent_powell200__iter30	raw_outputs/paper_i_scaling_matrix_parent_powell200_20260710_v1/paper_i_scaling_matrix_parent_powell200_20260710_v1__spin_boson__spin_boson_L3_nph3_scaling_weak__snake__parent_powell200__iter30	4	32768	16384	1024	16	appendix_standard	raw_outputs/paper_i_scaling_matrix_parent_powell200_20260710_v1/paper_i_scaling_matrix_parent_powell200_20260710_v1__spin_boson__spin_boson_L3_nph3_scaling_weak__snake__parent_powell200__iter30/result/generic_static_single.json	candidate	true	primary	0.49749582359185535	outer_selector_iterations_not_guaranteed_ansatz_depth	L;n_ph_work;outer_iteration_horizon;new_output_identity	physics_from_table_i_scaling_profile;Powell200;full_meta;parent_only	1	off	off	true	off	1	off	off	adapt_pipeline_internal_exact_gs_same_numeric	user_locked_scaling_matrix_profile_no_visible_higher_size_anchor	raw_outputs/paper_i_scaling_matrix_parent_powell200_20260710_v1/paper_i_scaling_matrix_parent_powell200_20260710_v1__spin_boson__spin_boson_L3_nph3_scaling_weak__snake__parent_powell200__iter30/stderr.log	raw_outputs/paper_i_scaling_matrix_parent_powell200_20260710_v1/paper_i_scaling_matrix_parent_powell200_20260710_v1__spin_boson__spin_boson_L3_nph3_scaling_weak__snake__parent_powell200__iter30/stdout.log	paper_i_scaling_matrix_20260710_v1
3	true	not_applicable	powell	not_applicable	off	static_geo_adapt_vqe	append_only_with_replacement	paper_i_scaling_matrix_parent_powell200_20260710_v1		200	spin_boson_L3_nph3_scaling_weak	raw_outputs/paper_i_scaling_matrix_parent_powell200_20260710_v1/paper_i_scaling_matrix_parent_powell200_20260710_v1__spin_boson__spin_boson_L3_nph3_scaling_weak__geo__parent_powell200__iter30/cell_manifest.json	macro_only	chtc/phase3_optuna/input/paper_i_scaling_matrix_parent_powell200_20260710_v1/paper_i_scaling_matrix_code.tar.gz	d0982f4696eaecdde533aaf2194af0900fb5fa7c4adde301056cbab80354c3fb	raw_outputs/paper_i_scaling_matrix_parent_powell200_20260710_v1/paper_i_scaling_matrix_parent_powell200_20260710_v1__spin_boson__spin_boson_L3_nph3_scaling_weak__geo__parent_powell200__iter30/adapt_iteration_progress.jsonl	weak	01522b4f2ad6c9aed730930c	chtc/phase3_optuna/input/paper_i_scaling_matrix_parent_powell200_20260710_v1/exact_energy_manifest.json	5fff8c67abff10a229a1ecd82dc08a25bc211d723727a82257930447d920d296	same_cutoff_exact_diagonalization	pipelines.exact_bench.static_reference_metrics.exact_energy_for_spec	10	0.49749582359185535	3	30	spin_boson	1	off	off	fixed_horizon_no_target_v1	block_only_adjacent_repeat_after_full_pool_selection	not_applicable		not_applicable	false			not_applicable	false	not_applicable	cli:spin_boson_horizon	corrected_geo_append_estimator_accounting_20260710_v1	chtc/phase3_optuna/input/paper_i_scaling_matrix_parent_powell200_20260710_v1/implementation_lock.json	737fc83467002beaa820f1e411563c9877b5eaafb3dc203027c1e0d56fddff05	paper_i_scaling_matrix_parent_only	finite_size_cutoff_scaling_parent_generator_comparison	30	geo	Geo-ADAPT	3	3	true	POWELL	full_meta_parent_macro_generators_only_all_methods	off		30	200		off	200			200	full_meta_unfiltered	same_cutoff_abs_delta_e	paper_i_scaling_matrix_parent_powell200_20260710_v1__spin_boson__spin_boson_L3_nph3_scaling_weak__geo__parent_powell200__iter30	raw_outputs/paper_i_scaling_matrix_parent_powell200_20260710_v1/paper_i_scaling_matrix_parent_powell200_20260710_v1__spin_boson__spin_boson_L3_nph3_scaling_weak__geo__parent_powell200__iter30	1	32768	16384	1024	16	appendix_standard	raw_outputs/paper_i_scaling_matrix_parent_powell200_20260710_v1/paper_i_scaling_matrix_parent_powell200_20260710_v1__spin_boson__spin_boson_L3_nph3_scaling_weak__geo__parent_powell200__iter30/result/generic_static_single.json	candidate	true	primary	0.49749582359185535	outer_selector_iterations_not_guaranteed_ansatz_depth	L;n_ph_work;outer_iteration_horizon;new_output_identity	physics_from_table_i_scaling_profile;Powell200;full_meta;parent_only	1	off	off	not_applicable	off	1	off	off	generic_static_exact_energy_env	user_locked_scaling_matrix_profile_no_visible_higher_size_anchor	raw_outputs/paper_i_scaling_matrix_parent_powell200_20260710_v1/paper_i_scaling_matrix_parent_powell200_20260710_v1__spin_boson__spin_boson_L3_nph3_scaling_weak__geo__parent_powell200__iter30/stderr.log	raw_outputs/paper_i_scaling_matrix_parent_powell200_20260710_v1/paper_i_scaling_matrix_parent_powell200_20260710_v1__spin_boson__spin_boson_L3_nph3_scaling_weak__geo__parent_powell200__iter30/stdout.log	paper_i_scaling_matrix_20260710_v1
3	true	not_applicable	powell	not_applicable	off	static_full_meta_append_adapt_vqe	append_only_with_replacement	paper_i_scaling_matrix_parent_powell200_20260710_v1		200	spin_boson_L3_nph3_scaling_weak	raw_outputs/paper_i_scaling_matrix_parent_powell200_20260710_v1/paper_i_scaling_matrix_parent_powell200_20260710_v1__spin_boson__spin_boson_L3_nph3_scaling_weak__append__parent_powell200__iter30/cell_manifest.json	macro_only	chtc/phase3_optuna/input/paper_i_scaling_matrix_parent_powell200_20260710_v1/paper_i_scaling_matrix_code.tar.gz	d0982f4696eaecdde533aaf2194af0900fb5fa7c4adde301056cbab80354c3fb	raw_outputs/paper_i_scaling_matrix_parent_powell200_20260710_v1/paper_i_scaling_matrix_parent_powell200_20260710_v1__spin_boson__spin_boson_L3_nph3_scaling_weak__append__parent_powell200__iter30/adapt_iteration_progress.jsonl	weak	01522b4f2ad6c9aed730930c	chtc/phase3_optuna/input/paper_i_scaling_matrix_parent_powell200_20260710_v1/exact_energy_manifest.json	5fff8c67abff10a229a1ecd82dc08a25bc211d723727a82257930447d920d296	same_cutoff_exact_diagonalization	pipelines.exact_bench.static_reference_metrics.exact_energy_for_spec	10	0.49749582359185535	3	30	spin_boson	1	off	off	fixed_horizon_no_target_v1	block_only_adjacent_repeat_after_full_pool_selection	not_applicable		not_applicable	false			not_applicable	false	not_applicable	cli:spin_boson_horizon	corrected_geo_append_estimator_accounting_20260710_v1	chtc/phase3_optuna/input/paper_i_scaling_matrix_parent_powell200_20260710_v1/implementation_lock.json	737fc83467002beaa820f1e411563c9877b5eaafb3dc203027c1e0d56fddff05	paper_i_scaling_matrix_parent_only	finite_size_cutoff_scaling_parent_generator_comparison	30	append	Append-ADAPT	3	3	true	POWELL	full_meta_parent_macro_generators_only_all_methods	off		30	200		off	200			200	full_meta_unfiltered	same_cutoff_abs_delta_e	paper_i_scaling_matrix_parent_powell200_20260710_v1__spin_boson__spin_boson_L3_nph3_scaling_weak__append__parent_powell200__iter30	raw_outputs/paper_i_scaling_matrix_parent_powell200_20260710_v1/paper_i_scaling_matrix_parent_powell200_20260710_v1__spin_boson__spin_boson_L3_nph3_scaling_weak__append__parent_powell200__iter30	1	32768	16384	1024	16	appendix_standard	raw_outputs/paper_i_scaling_matrix_parent_powell200_20260710_v1/paper_i_scaling_matrix_parent_powell200_20260710_v1__spin_boson__spin_boson_L3_nph3_scaling_weak__append__parent_powell200__iter30/result/generic_static_single.json	candidate	true	primary	0.49749582359185535	outer_selector_iterations_not_guaranteed_ansatz_depth	L;n_ph_work;outer_iteration_horizon;new_output_identity	physics_from_table_i_scaling_profile;Powell200;full_meta;parent_only	1	off	off	not_applicable	off	1	off	off	generic_static_exact_energy_env	user_locked_scaling_matrix_profile_no_visible_higher_size_anchor	raw_outputs/paper_i_scaling_matrix_parent_powell200_20260710_v1/paper_i_scaling_matrix_parent_powell200_20260710_v1__spin_boson__spin_boson_L3_nph3_scaling_weak__append__parent_powell200__iter30/stderr.log	raw_outputs/paper_i_scaling_matrix_parent_powell200_20260710_v1/paper_i_scaling_matrix_parent_powell200_20260710_v1__spin_boson__spin_boson_L3_nph3_scaling_weak__append__parent_powell200__iter30/stdout.log	paper_i_scaling_matrix_20260710_v1
3	true	2	powell	2	off	static_family_native_adapt_phase3	append_only_with_replacement	paper_i_scaling_matrix_parent_powell200_20260710_v1		200	spin_boson_L3_nph3_scaling_strong	raw_outputs/paper_i_scaling_matrix_parent_powell200_20260710_v1/paper_i_scaling_matrix_parent_powell200_20260710_v1__spin_boson__spin_boson_L3_nph3_scaling_strong__snake__parent_powell200__iter30/cell_manifest.json	macro_only	chtc/phase3_optuna/input/paper_i_scaling_matrix_parent_powell200_20260710_v1/paper_i_scaling_matrix_code.tar.gz	d0982f4696eaecdde533aaf2194af0900fb5fa7c4adde301056cbab80354c3fb	raw_outputs/paper_i_scaling_matrix_parent_powell200_20260710_v1/paper_i_scaling_matrix_parent_powell200_20260710_v1__spin_boson__spin_boson_L3_nph3_scaling_strong__snake__parent_powell200__iter30/result/spin_boson_L3_nph3_scaling_strong/json/current.json	strong	79775300ee59cdb675378f09	chtc/phase3_optuna/input/paper_i_scaling_matrix_parent_powell200_20260710_v1/exact_energy_manifest.json	5fff8c67abff10a229a1ecd82dc08a25bc211d723727a82257930447d920d296	same_cutoff_exact_diagonalization	pipelines.exact_bench.static_reference_metrics.exact_energy_for_spec	10	0.4899327061719062	3	30	spin_boson	1	off	off		block_only_adjacent_repeat_after_full_pool_selection	not_applicable		not_applicable	false			not_applicable	false	not_applicable	cli:spin_boson_horizon	corrected_geo_append_estimator_accounting_20260710_v1	chtc/phase3_optuna/input/paper_i_scaling_matrix_parent_powell200_20260710_v1/implementation_lock.json	737fc83467002beaa820f1e411563c9877b5eaafb3dc203027c1e0d56fddff05	paper_i_scaling_matrix_parent_only	finite_size_cutoff_scaling_parent_generator_comparison	30	snake	SNAKE	3	3	true	POWELL	full_meta_parent_macro_generators_only_all_methods	off	2	30	200	2	off	200	chtc/phase3_optuna/input/paper_i_scaling_matrix_parent_powell200_20260710_v1/paper_i_scaling_matrix_snake_policy.json	65f535e90f932615d3e448ca92807c90b0af4657f2776916865c81111a0bcc4b	200	full_meta_unfiltered	same_cutoff_abs_delta_e	paper_i_scaling_matrix_parent_powell200_20260710_v1__spin_boson__spin_boson_L3_nph3_scaling_strong__snake__parent_powell200__iter30	raw_outputs/paper_i_scaling_matrix_parent_powell200_20260710_v1/paper_i_scaling_matrix_parent_powell200_20260710_v1__spin_boson__spin_boson_L3_nph3_scaling_strong__snake__parent_powell200__iter30	4	32768	16384	1024	16	appendix_standard	raw_outputs/paper_i_scaling_matrix_parent_powell200_20260710_v1/paper_i_scaling_matrix_parent_powell200_20260710_v1__spin_boson__spin_boson_L3_nph3_scaling_strong__snake__parent_powell200__iter30/result/generic_static_single.json	candidate	true	primary	0.4899327061719062	outer_selector_iterations_not_guaranteed_ansatz_depth	L;n_ph_work;outer_iteration_horizon;new_output_identity	physics_from_table_i_scaling_profile;Powell200;full_meta;parent_only	1	off	off	true	off	1	off	off	adapt_pipeline_internal_exact_gs_same_numeric	user_locked_scaling_matrix_profile_no_visible_higher_size_anchor	raw_outputs/paper_i_scaling_matrix_parent_powell200_20260710_v1/paper_i_scaling_matrix_parent_powell200_20260710_v1__spin_boson__spin_boson_L3_nph3_scaling_strong__snake__parent_powell200__iter30/stderr.log	raw_outputs/paper_i_scaling_matrix_parent_powell200_20260710_v1/paper_i_scaling_matrix_parent_powell200_20260710_v1__spin_boson__spin_boson_L3_nph3_scaling_strong__snake__parent_powell200__iter30/stdout.log	paper_i_scaling_matrix_20260710_v1
3	true	not_applicable	powell	not_applicable	off	static_geo_adapt_vqe	append_only_with_replacement	paper_i_scaling_matrix_parent_powell200_20260710_v1		200	spin_boson_L3_nph3_scaling_strong	raw_outputs/paper_i_scaling_matrix_parent_powell200_20260710_v1/paper_i_scaling_matrix_parent_powell200_20260710_v1__spin_boson__spin_boson_L3_nph3_scaling_strong__geo__parent_powell200__iter30/cell_manifest.json	macro_only	chtc/phase3_optuna/input/paper_i_scaling_matrix_parent_powell200_20260710_v1/paper_i_scaling_matrix_code.tar.gz	d0982f4696eaecdde533aaf2194af0900fb5fa7c4adde301056cbab80354c3fb	raw_outputs/paper_i_scaling_matrix_parent_powell200_20260710_v1/paper_i_scaling_matrix_parent_powell200_20260710_v1__spin_boson__spin_boson_L3_nph3_scaling_strong__geo__parent_powell200__iter30/adapt_iteration_progress.jsonl	strong	79775300ee59cdb675378f09	chtc/phase3_optuna/input/paper_i_scaling_matrix_parent_powell200_20260710_v1/exact_energy_manifest.json	5fff8c67abff10a229a1ecd82dc08a25bc211d723727a82257930447d920d296	same_cutoff_exact_diagonalization	pipelines.exact_bench.static_reference_metrics.exact_energy_for_spec	10	0.4899327061719062	3	30	spin_boson	1	off	off	fixed_horizon_no_target_v1	block_only_adjacent_repeat_after_full_pool_selection	not_applicable		not_applicable	false			not_applicable	false	not_applicable	cli:spin_boson_horizon	corrected_geo_append_estimator_accounting_20260710_v1	chtc/phase3_optuna/input/paper_i_scaling_matrix_parent_powell200_20260710_v1/implementation_lock.json	737fc83467002beaa820f1e411563c9877b5eaafb3dc203027c1e0d56fddff05	paper_i_scaling_matrix_parent_only	finite_size_cutoff_scaling_parent_generator_comparison	30	geo	Geo-ADAPT	3	3	true	POWELL	full_meta_parent_macro_generators_only_all_methods	off		30	200		off	200			200	full_meta_unfiltered	same_cutoff_abs_delta_e	paper_i_scaling_matrix_parent_powell200_20260710_v1__spin_boson__spin_boson_L3_nph3_scaling_strong__geo__parent_powell200__iter30	raw_outputs/paper_i_scaling_matrix_parent_powell200_20260710_v1/paper_i_scaling_matrix_parent_powell200_20260710_v1__spin_boson__spin_boson_L3_nph3_scaling_strong__geo__parent_powell200__iter30	1	32768	16384	1024	16	appendix_standard	raw_outputs/paper_i_scaling_matrix_parent_powell200_20260710_v1/paper_i_scaling_matrix_parent_powell200_20260710_v1__spin_boson__spin_boson_L3_nph3_scaling_strong__geo__parent_powell200__iter30/result/generic_static_single.json	candidate	true	primary	0.4899327061719062	outer_selector_iterations_not_guaranteed_ansatz_depth	L;n_ph_work;outer_iteration_horizon;new_output_identity	physics_from_table_i_scaling_profile;Powell200;full_meta;parent_only	1	off	off	not_applicable	off	1	off	off	generic_static_exact_energy_env	user_locked_scaling_matrix_profile_no_visible_higher_size_anchor	raw_outputs/paper_i_scaling_matrix_parent_powell200_20260710_v1/paper_i_scaling_matrix_parent_powell200_20260710_v1__spin_boson__spin_boson_L3_nph3_scaling_strong__geo__parent_powell200__iter30/stderr.log	raw_outputs/paper_i_scaling_matrix_parent_powell200_20260710_v1/paper_i_scaling_matrix_parent_powell200_20260710_v1__spin_boson__spin_boson_L3_nph3_scaling_strong__geo__parent_powell200__iter30/stdout.log	paper_i_scaling_matrix_20260710_v1
3	true	not_applicable	powell	not_applicable	off	static_full_meta_append_adapt_vqe	append_only_with_replacement	paper_i_scaling_matrix_parent_powell200_20260710_v1		200	spin_boson_L3_nph3_scaling_strong	raw_outputs/paper_i_scaling_matrix_parent_powell200_20260710_v1/paper_i_scaling_matrix_parent_powell200_20260710_v1__spin_boson__spin_boson_L3_nph3_scaling_strong__append__parent_powell200__iter30/cell_manifest.json	macro_only	chtc/phase3_optuna/input/paper_i_scaling_matrix_parent_powell200_20260710_v1/paper_i_scaling_matrix_code.tar.gz	d0982f4696eaecdde533aaf2194af0900fb5fa7c4adde301056cbab80354c3fb	raw_outputs/paper_i_scaling_matrix_parent_powell200_20260710_v1/paper_i_scaling_matrix_parent_powell200_20260710_v1__spin_boson__spin_boson_L3_nph3_scaling_strong__append__parent_powell200__iter30/adapt_iteration_progress.jsonl	strong	79775300ee59cdb675378f09	chtc/phase3_optuna/input/paper_i_scaling_matrix_parent_powell200_20260710_v1/exact_energy_manifest.json	5fff8c67abff10a229a1ecd82dc08a25bc211d723727a82257930447d920d296	same_cutoff_exact_diagonalization	pipelines.exact_bench.static_reference_metrics.exact_energy_for_spec	10	0.4899327061719062	3	30	spin_boson	1	off	off	fixed_horizon_no_target_v1	block_only_adjacent_repeat_after_full_pool_selection	not_applicable		not_applicable	false			not_applicable	false	not_applicable	cli:spin_boson_horizon	corrected_geo_append_estimator_accounting_20260710_v1	chtc/phase3_optuna/input/paper_i_scaling_matrix_parent_powell200_20260710_v1/implementation_lock.json	737fc83467002beaa820f1e411563c9877b5eaafb3dc203027c1e0d56fddff05	paper_i_scaling_matrix_parent_only	finite_size_cutoff_scaling_parent_generator_comparison	30	append	Append-ADAPT	3	3	true	POWELL	full_meta_parent_macro_generators_only_all_methods	off		30	200		off	200			200	full_meta_unfiltered	same_cutoff_abs_delta_e	paper_i_scaling_matrix_parent_powell200_20260710_v1__spin_boson__spin_boson_L3_nph3_scaling_strong__append__parent_powell200__iter30	raw_outputs/paper_i_scaling_matrix_parent_powell200_20260710_v1/paper_i_scaling_matrix_parent_powell200_20260710_v1__spin_boson__spin_boson_L3_nph3_scaling_strong__append__parent_powell200__iter30	1	32768	16384	1024	16	appendix_standard	raw_outputs/paper_i_scaling_matrix_parent_powell200_20260710_v1/paper_i_scaling_matrix_parent_powell200_20260710_v1__spin_boson__spin_boson_L3_nph3_scaling_strong__append__parent_powell200__iter30/result/generic_static_single.json	candidate	true	primary	0.4899327061719062	outer_selector_iterations_not_guaranteed_ansatz_depth	L;n_ph_work;outer_iteration_horizon;new_output_identity	physics_from_table_i_scaling_profile;Powell200;full_meta;parent_only	1	off	off	not_applicable	off	1	off	off	generic_static_exact_energy_env	user_locked_scaling_matrix_profile_no_visible_higher_size_anchor	raw_outputs/paper_i_scaling_matrix_parent_powell200_20260710_v1/paper_i_scaling_matrix_parent_powell200_20260710_v1__spin_boson__spin_boson_L3_nph3_scaling_strong__append__parent_powell200__iter30/stderr.log	raw_outputs/paper_i_scaling_matrix_parent_powell200_20260710_v1/paper_i_scaling_matrix_parent_powell200_20260710_v1__spin_boson__spin_boson_L3_nph3_scaling_strong__append__parent_powell200__iter30/stdout.log	paper_i_scaling_matrix_20260710_v1
3	true	2	powell	2	off	static_family_native_adapt_phase3	append_only_with_replacement	paper_i_scaling_matrix_parent_powell200_20260710_v1		200	spin_boson_L3_nph2_scaling_weak	raw_outputs/paper_i_scaling_matrix_parent_powell200_20260710_v1/paper_i_scaling_matrix_parent_powell200_20260710_v1__spin_boson__spin_boson_L3_nph2_scaling_weak__snake__parent_powell200__iter30/cell_manifest.json	macro_only	chtc/phase3_optuna/input/paper_i_scaling_matrix_parent_powell200_20260710_v1/paper_i_scaling_matrix_code.tar.gz	d0982f4696eaecdde533aaf2194af0900fb5fa7c4adde301056cbab80354c3fb	raw_outputs/paper_i_scaling_matrix_parent_powell200_20260710_v1/paper_i_scaling_matrix_parent_powell200_20260710_v1__spin_boson__spin_boson_L3_nph2_scaling_weak__snake__parent_powell200__iter30/result/spin_boson_L3_nph2_scaling_weak/json/current.json	weak	c03afc93fc29dc541b8bc47c	chtc/phase3_optuna/input/paper_i_scaling_matrix_parent_powell200_20260710_v1/exact_energy_manifest.json	5fff8c67abff10a229a1ecd82dc08a25bc211d723727a82257930447d920d296	same_cutoff_exact_diagonalization	pipelines.exact_bench.static_reference_metrics.exact_energy_for_spec	10	0.49749582516573193	2	30	spin_boson	1	off	off		block_only_adjacent_repeat_after_full_pool_selection	not_applicable		not_applicable	false			not_applicable	false	not_applicable	cli:spin_boson_horizon	corrected_geo_append_estimator_accounting_20260710_v1	chtc/phase3_optuna/input/paper_i_scaling_matrix_parent_powell200_20260710_v1/implementation_lock.json	737fc83467002beaa820f1e411563c9877b5eaafb3dc203027c1e0d56fddff05	paper_i_scaling_matrix_parent_only	finite_size_cutoff_scaling_parent_generator_comparison	30	snake	SNAKE	2	2	true	POWELL	full_meta_parent_macro_generators_only_all_methods	off	2	30	200	2	off	200	chtc/phase3_optuna/input/paper_i_scaling_matrix_parent_powell200_20260710_v1/paper_i_scaling_matrix_snake_policy.json	65f535e90f932615d3e448ca92807c90b0af4657f2776916865c81111a0bcc4b	200	full_meta_unfiltered	same_cutoff_abs_delta_e	paper_i_scaling_matrix_parent_powell200_20260710_v1__spin_boson__spin_boson_L3_nph2_scaling_weak__snake__parent_powell200__iter30	raw_outputs/paper_i_scaling_matrix_parent_powell200_20260710_v1/paper_i_scaling_matrix_parent_powell200_20260710_v1__spin_boson__spin_boson_L3_nph2_scaling_weak__snake__parent_powell200__iter30	4	32768	16384	1024	16	appendix_standard	raw_outputs/paper_i_scaling_matrix_parent_powell200_20260710_v1/paper_i_scaling_matrix_parent_powell200_20260710_v1__spin_boson__spin_boson_L3_nph2_scaling_weak__snake__parent_powell200__iter30/result/generic_static_single.json	candidate	true	primary	0.49749582516573193	outer_selector_iterations_not_guaranteed_ansatz_depth	L;n_ph_work;outer_iteration_horizon;new_output_identity	physics_from_table_i_scaling_profile;Powell200;full_meta;parent_only	1	off	off	true	off	1	off	off	adapt_pipeline_internal_exact_gs_same_numeric	user_locked_scaling_matrix_profile_no_visible_higher_size_anchor	raw_outputs/paper_i_scaling_matrix_parent_powell200_20260710_v1/paper_i_scaling_matrix_parent_powell200_20260710_v1__spin_boson__spin_boson_L3_nph2_scaling_weak__snake__parent_powell200__iter30/stderr.log	raw_outputs/paper_i_scaling_matrix_parent_powell200_20260710_v1/paper_i_scaling_matrix_parent_powell200_20260710_v1__spin_boson__spin_boson_L3_nph2_scaling_weak__snake__parent_powell200__iter30/stdout.log	paper_i_scaling_matrix_20260710_v1
3	true	not_applicable	powell	not_applicable	off	static_geo_adapt_vqe	append_only_with_replacement	paper_i_scaling_matrix_parent_powell200_20260710_v1		200	spin_boson_L3_nph2_scaling_weak	raw_outputs/paper_i_scaling_matrix_parent_powell200_20260710_v1/paper_i_scaling_matrix_parent_powell200_20260710_v1__spin_boson__spin_boson_L3_nph2_scaling_weak__geo__parent_powell200__iter30/cell_manifest.json	macro_only	chtc/phase3_optuna/input/paper_i_scaling_matrix_parent_powell200_20260710_v1/paper_i_scaling_matrix_code.tar.gz	d0982f4696eaecdde533aaf2194af0900fb5fa7c4adde301056cbab80354c3fb	raw_outputs/paper_i_scaling_matrix_parent_powell200_20260710_v1/paper_i_scaling_matrix_parent_powell200_20260710_v1__spin_boson__spin_boson_L3_nph2_scaling_weak__geo__parent_powell200__iter30/adapt_iteration_progress.jsonl	weak	c03afc93fc29dc541b8bc47c	chtc/phase3_optuna/input/paper_i_scaling_matrix_parent_powell200_20260710_v1/exact_energy_manifest.json	5fff8c67abff10a229a1ecd82dc08a25bc211d723727a82257930447d920d296	same_cutoff_exact_diagonalization	pipelines.exact_bench.static_reference_metrics.exact_energy_for_spec	10	0.49749582516573193	2	30	spin_boson	1	off	off	fixed_horizon_no_target_v1	block_only_adjacent_repeat_after_full_pool_selection	not_applicable		not_applicable	false			not_applicable	false	not_applicable	cli:spin_boson_horizon	corrected_geo_append_estimator_accounting_20260710_v1	chtc/phase3_optuna/input/paper_i_scaling_matrix_parent_powell200_20260710_v1/implementation_lock.json	737fc83467002beaa820f1e411563c9877b5eaafb3dc203027c1e0d56fddff05	paper_i_scaling_matrix_parent_only	finite_size_cutoff_scaling_parent_generator_comparison	30	geo	Geo-ADAPT	2	2	true	POWELL	full_meta_parent_macro_generators_only_all_methods	off		30	200		off	200			200	full_meta_unfiltered	same_cutoff_abs_delta_e	paper_i_scaling_matrix_parent_powell200_20260710_v1__spin_boson__spin_boson_L3_nph2_scaling_weak__geo__parent_powell200__iter30	raw_outputs/paper_i_scaling_matrix_parent_powell200_20260710_v1/paper_i_scaling_matrix_parent_powell200_20260710_v1__spin_boson__spin_boson_L3_nph2_scaling_weak__geo__parent_powell200__iter30	1	32768	16384	1024	16	appendix_standard	raw_outputs/paper_i_scaling_matrix_parent_powell200_20260710_v1/paper_i_scaling_matrix_parent_powell200_20260710_v1__spin_boson__spin_boson_L3_nph2_scaling_weak__geo__parent_powell200__iter30/result/generic_static_single.json	candidate	true	primary	0.49749582516573193	outer_selector_iterations_not_guaranteed_ansatz_depth	L;n_ph_work;outer_iteration_horizon;new_output_identity	physics_from_table_i_scaling_profile;Powell200;full_meta;parent_only	1	off	off	not_applicable	off	1	off	off	generic_static_exact_energy_env	user_locked_scaling_matrix_profile_no_visible_higher_size_anchor	raw_outputs/paper_i_scaling_matrix_parent_powell200_20260710_v1/paper_i_scaling_matrix_parent_powell200_20260710_v1__spin_boson__spin_boson_L3_nph2_scaling_weak__geo__parent_powell200__iter30/stderr.log	raw_outputs/paper_i_scaling_matrix_parent_powell200_20260710_v1/paper_i_scaling_matrix_parent_powell200_20260710_v1__spin_boson__spin_boson_L3_nph2_scaling_weak__geo__parent_powell200__iter30/stdout.log	paper_i_scaling_matrix_20260710_v1
3	true	not_applicable	powell	not_applicable	off	static_full_meta_append_adapt_vqe	append_only_with_replacement	paper_i_scaling_matrix_parent_powell200_20260710_v1		200	spin_boson_L3_nph2_scaling_weak	raw_outputs/paper_i_scaling_matrix_parent_powell200_20260710_v1/paper_i_scaling_matrix_parent_powell200_20260710_v1__spin_boson__spin_boson_L3_nph2_scaling_weak__append__parent_powell200__iter30/cell_manifest.json	macro_only	chtc/phase3_optuna/input/paper_i_scaling_matrix_parent_powell200_20260710_v1/paper_i_scaling_matrix_code.tar.gz	d0982f4696eaecdde533aaf2194af0900fb5fa7c4adde301056cbab80354c3fb	raw_outputs/paper_i_scaling_matrix_parent_powell200_20260710_v1/paper_i_scaling_matrix_parent_powell200_20260710_v1__spin_boson__spin_boson_L3_nph2_scaling_weak__append__parent_powell200__iter30/adapt_iteration_progress.jsonl	weak	c03afc93fc29dc541b8bc47c	chtc/phase3_optuna/input/paper_i_scaling_matrix_parent_powell200_20260710_v1/exact_energy_manifest.json	5fff8c67abff10a229a1ecd82dc08a25bc211d723727a82257930447d920d296	same_cutoff_exact_diagonalization	pipelines.exact_bench.static_reference_metrics.exact_energy_for_spec	10	0.49749582516573193	2	30	spin_boson	1	off	off	fixed_horizon_no_target_v1	block_only_adjacent_repeat_after_full_pool_selection	not_applicable		not_applicable	false			not_applicable	false	not_applicable	cli:spin_boson_horizon	corrected_geo_append_estimator_accounting_20260710_v1	chtc/phase3_optuna/input/paper_i_scaling_matrix_parent_powell200_20260710_v1/implementation_lock.json	737fc83467002beaa820f1e411563c9877b5eaafb3dc203027c1e0d56fddff05	paper_i_scaling_matrix_parent_only	finite_size_cutoff_scaling_parent_generator_comparison	30	append	Append-ADAPT	2	2	true	POWELL	full_meta_parent_macro_generators_only_all_methods	off		30	200		off	200			200	full_meta_unfiltered	same_cutoff_abs_delta_e	paper_i_scaling_matrix_parent_powell200_20260710_v1__spin_boson__spin_boson_L3_nph2_scaling_weak__append__parent_powell200__iter30	raw_outputs/paper_i_scaling_matrix_parent_powell200_20260710_v1/paper_i_scaling_matrix_parent_powell200_20260710_v1__spin_boson__spin_boson_L3_nph2_scaling_weak__append__parent_powell200__iter30	1	32768	16384	1024	16	appendix_standard	raw_outputs/paper_i_scaling_matrix_parent_powell200_20260710_v1/paper_i_scaling_matrix_parent_powell200_20260710_v1__spin_boson__spin_boson_L3_nph2_scaling_weak__append__parent_powell200__iter30/result/generic_static_single.json	candidate	true	primary	0.49749582516573193	outer_selector_iterations_not_guaranteed_ansatz_depth	L;n_ph_work;outer_iteration_horizon;new_output_identity	physics_from_table_i_scaling_profile;Powell200;full_meta;parent_only	1	off	off	not_applicable	off	1	off	off	generic_static_exact_energy_env	user_locked_scaling_matrix_profile_no_visible_higher_size_anchor	raw_outputs/paper_i_scaling_matrix_parent_powell200_20260710_v1/paper_i_scaling_matrix_parent_powell200_20260710_v1__spin_boson__spin_boson_L3_nph2_scaling_weak__append__parent_powell200__iter30/stderr.log	raw_outputs/paper_i_scaling_matrix_parent_powell200_20260710_v1/paper_i_scaling_matrix_parent_powell200_20260710_v1__spin_boson__spin_boson_L3_nph2_scaling_weak__append__parent_powell200__iter30/stdout.log	paper_i_scaling_matrix_20260710_v1
3	true	2	powell	2	off	static_family_native_adapt_phase3	append_only_with_replacement	paper_i_scaling_matrix_parent_powell200_20260710_v1		200	spin_boson_L3_nph2_scaling_strong	raw_outputs/paper_i_scaling_matrix_parent_powell200_20260710_v1/paper_i_scaling_matrix_parent_powell200_20260710_v1__spin_boson__spin_boson_L3_nph2_scaling_strong__snake__parent_powell200__iter30/cell_manifest.json	macro_only	chtc/phase3_optuna/input/paper_i_scaling_matrix_parent_powell200_20260710_v1/paper_i_scaling_matrix_code.tar.gz	d0982f4696eaecdde533aaf2194af0900fb5fa7c4adde301056cbab80354c3fb	raw_outputs/paper_i_scaling_matrix_parent_powell200_20260710_v1/paper_i_scaling_matrix_parent_powell200_20260710_v1__spin_boson__spin_boson_L3_nph2_scaling_strong__snake__parent_powell200__iter30/result/spin_boson_L3_nph2_scaling_strong/json/current.json	strong	c8eb3830743ca09a5f32e842	chtc/phase3_optuna/input/paper_i_scaling_matrix_parent_powell200_20260710_v1/exact_energy_manifest.json	5fff8c67abff10a229a1ecd82dc08a25bc211d723727a82257930447d920d296	same_cutoff_exact_diagonalization	pipelines.exact_bench.static_reference_metrics.exact_energy_for_spec	10	0.4899328091212264	2	30	spin_boson	1	off	off		block_only_adjacent_repeat_after_full_pool_selection	not_applicable		not_applicable	false			not_applicable	false	not_applicable	cli:spin_boson_horizon	corrected_geo_append_estimator_accounting_20260710_v1	chtc/phase3_optuna/input/paper_i_scaling_matrix_parent_powell200_20260710_v1/implementation_lock.json	737fc83467002beaa820f1e411563c9877b5eaafb3dc203027c1e0d56fddff05	paper_i_scaling_matrix_parent_only	finite_size_cutoff_scaling_parent_generator_comparison	30	snake	SNAKE	2	2	true	POWELL	full_meta_parent_macro_generators_only_all_methods	off	2	30	200	2	off	200	chtc/phase3_optuna/input/paper_i_scaling_matrix_parent_powell200_20260710_v1/paper_i_scaling_matrix_snake_policy.json	65f535e90f932615d3e448ca92807c90b0af4657f2776916865c81111a0bcc4b	200	full_meta_unfiltered	same_cutoff_abs_delta_e	paper_i_scaling_matrix_parent_powell200_20260710_v1__spin_boson__spin_boson_L3_nph2_scaling_strong__snake__parent_powell200__iter30	raw_outputs/paper_i_scaling_matrix_parent_powell200_20260710_v1/paper_i_scaling_matrix_parent_powell200_20260710_v1__spin_boson__spin_boson_L3_nph2_scaling_strong__snake__parent_powell200__iter30	4	32768	16384	1024	16	appendix_standard	raw_outputs/paper_i_scaling_matrix_parent_powell200_20260710_v1/paper_i_scaling_matrix_parent_powell200_20260710_v1__spin_boson__spin_boson_L3_nph2_scaling_strong__snake__parent_powell200__iter30/result/generic_static_single.json	candidate	true	primary	0.4899328091212264	outer_selector_iterations_not_guaranteed_ansatz_depth	L;n_ph_work;outer_iteration_horizon;new_output_identity	physics_from_table_i_scaling_profile;Powell200;full_meta;parent_only	1	off	off	true	off	1	off	off	adapt_pipeline_internal_exact_gs_same_numeric	user_locked_scaling_matrix_profile_no_visible_higher_size_anchor	raw_outputs/paper_i_scaling_matrix_parent_powell200_20260710_v1/paper_i_scaling_matrix_parent_powell200_20260710_v1__spin_boson__spin_boson_L3_nph2_scaling_strong__snake__parent_powell200__iter30/stderr.log	raw_outputs/paper_i_scaling_matrix_parent_powell200_20260710_v1/paper_i_scaling_matrix_parent_powell200_20260710_v1__spin_boson__spin_boson_L3_nph2_scaling_strong__snake__parent_powell200__iter30/stdout.log	paper_i_scaling_matrix_20260710_v1
3	true	not_applicable	powell	not_applicable	off	static_geo_adapt_vqe	append_only_with_replacement	paper_i_scaling_matrix_parent_powell200_20260710_v1		200	spin_boson_L3_nph2_scaling_strong	raw_outputs/paper_i_scaling_matrix_parent_powell200_20260710_v1/paper_i_scaling_matrix_parent_powell200_20260710_v1__spin_boson__spin_boson_L3_nph2_scaling_strong__geo__parent_powell200__iter30/cell_manifest.json	macro_only	chtc/phase3_optuna/input/paper_i_scaling_matrix_parent_powell200_20260710_v1/paper_i_scaling_matrix_code.tar.gz	d0982f4696eaecdde533aaf2194af0900fb5fa7c4adde301056cbab80354c3fb	raw_outputs/paper_i_scaling_matrix_parent_powell200_20260710_v1/paper_i_scaling_matrix_parent_powell200_20260710_v1__spin_boson__spin_boson_L3_nph2_scaling_strong__geo__parent_powell200__iter30/adapt_iteration_progress.jsonl	strong	c8eb3830743ca09a5f32e842	chtc/phase3_optuna/input/paper_i_scaling_matrix_parent_powell200_20260710_v1/exact_energy_manifest.json	5fff8c67abff10a229a1ecd82dc08a25bc211d723727a82257930447d920d296	same_cutoff_exact_diagonalization	pipelines.exact_bench.static_reference_metrics.exact_energy_for_spec	10	0.4899328091212264	2	30	spin_boson	1	off	off	fixed_horizon_no_target_v1	block_only_adjacent_repeat_after_full_pool_selection	not_applicable		not_applicable	false			not_applicable	false	not_applicable	cli:spin_boson_horizon	corrected_geo_append_estimator_accounting_20260710_v1	chtc/phase3_optuna/input/paper_i_scaling_matrix_parent_powell200_20260710_v1/implementation_lock.json	737fc83467002beaa820f1e411563c9877b5eaafb3dc203027c1e0d56fddff05	paper_i_scaling_matrix_parent_only	finite_size_cutoff_scaling_parent_generator_comparison	30	geo	Geo-ADAPT	2	2	true	POWELL	full_meta_parent_macro_generators_only_all_methods	off		30	200		off	200			200	full_meta_unfiltered	same_cutoff_abs_delta_e	paper_i_scaling_matrix_parent_powell200_20260710_v1__spin_boson__spin_boson_L3_nph2_scaling_strong__geo__parent_powell200__iter30	raw_outputs/paper_i_scaling_matrix_parent_powell200_20260710_v1/paper_i_scaling_matrix_parent_powell200_20260710_v1__spin_boson__spin_boson_L3_nph2_scaling_strong__geo__parent_powell200__iter30	1	32768	16384	1024	16	appendix_standard	raw_outputs/paper_i_scaling_matrix_parent_powell200_20260710_v1/paper_i_scaling_matrix_parent_powell200_20260710_v1__spin_boson__spin_boson_L3_nph2_scaling_strong__geo__parent_powell200__iter30/result/generic_static_single.json	candidate	true	primary	0.4899328091212264	outer_selector_iterations_not_guaranteed_ansatz_depth	L;n_ph_work;outer_iteration_horizon;new_output_identity	physics_from_table_i_scaling_profile;Powell200;full_meta;parent_only	1	off	off	not_applicable	off	1	off	off	generic_static_exact_energy_env	user_locked_scaling_matrix_profile_no_visible_higher_size_anchor	raw_outputs/paper_i_scaling_matrix_parent_powell200_20260710_v1/paper_i_scaling_matrix_parent_powell200_20260710_v1__spin_boson__spin_boson_L3_nph2_scaling_strong__geo__parent_powell200__iter30/stderr.log	raw_outputs/paper_i_scaling_matrix_parent_powell200_20260710_v1/paper_i_scaling_matrix_parent_powell200_20260710_v1__spin_boson__spin_boson_L3_nph2_scaling_strong__geo__parent_powell200__iter30/stdout.log	paper_i_scaling_matrix_20260710_v1
3	true	not_applicable	powell	not_applicable	off	static_full_meta_append_adapt_vqe	append_only_with_replacement	paper_i_scaling_matrix_parent_powell200_20260710_v1		200	spin_boson_L3_nph2_scaling_strong	raw_outputs/paper_i_scaling_matrix_parent_powell200_20260710_v1/paper_i_scaling_matrix_parent_powell200_20260710_v1__spin_boson__spin_boson_L3_nph2_scaling_strong__append__parent_powell200__iter30/cell_manifest.json	macro_only	chtc/phase3_optuna/input/paper_i_scaling_matrix_parent_powell200_20260710_v1/paper_i_scaling_matrix_code.tar.gz	d0982f4696eaecdde533aaf2194af0900fb5fa7c4adde301056cbab80354c3fb	raw_outputs/paper_i_scaling_matrix_parent_powell200_20260710_v1/paper_i_scaling_matrix_parent_powell200_20260710_v1__spin_boson__spin_boson_L3_nph2_scaling_strong__append__parent_powell200__iter30/adapt_iteration_progress.jsonl	strong	c8eb3830743ca09a5f32e842	chtc/phase3_optuna/input/paper_i_scaling_matrix_parent_powell200_20260710_v1/exact_energy_manifest.json	5fff8c67abff10a229a1ecd82dc08a25bc211d723727a82257930447d920d296	same_cutoff_exact_diagonalization	pipelines.exact_bench.static_reference_metrics.exact_energy_for_spec	10	0.4899328091212264	2	30	spin_boson	1	off	off	fixed_horizon_no_target_v1	block_only_adjacent_repeat_after_full_pool_selection	not_applicable		not_applicable	false			not_applicable	false	not_applicable	cli:spin_boson_horizon	corrected_geo_append_estimator_accounting_20260710_v1	chtc/phase3_optuna/input/paper_i_scaling_matrix_parent_powell200_20260710_v1/implementation_lock.json	737fc83467002beaa820f1e411563c9877b5eaafb3dc203027c1e0d56fddff05	paper_i_scaling_matrix_parent_only	finite_size_cutoff_scaling_parent_generator_comparison	30	append	Append-ADAPT	2	2	true	POWELL	full_meta_parent_macro_generators_only_all_methods	off		30	200		off	200			200	full_meta_unfiltered	same_cutoff_abs_delta_e	paper_i_scaling_matrix_parent_powell200_20260710_v1__spin_boson__spin_boson_L3_nph2_scaling_strong__append__parent_powell200__iter30	raw_outputs/paper_i_scaling_matrix_parent_powell200_20260710_v1/paper_i_scaling_matrix_parent_powell200_20260710_v1__spin_boson__spin_boson_L3_nph2_scaling_strong__append__parent_powell200__iter30	1	32768	16384	1024	16	appendix_standard	raw_outputs/paper_i_scaling_matrix_parent_powell200_20260710_v1/paper_i_scaling_matrix_parent_powell200_20260710_v1__spin_boson__spin_boson_L3_nph2_scaling_strong__append__parent_powell200__iter30/result/generic_static_single.json	candidate	true	primary	0.4899328091212264	outer_selector_iterations_not_guaranteed_ansatz_depth	L;n_ph_work;outer_iteration_horizon;new_output_identity	physics_from_table_i_scaling_profile;Powell200;full_meta;parent_only	1	off	off	not_applicable	off	1	off	off	generic_static_exact_energy_env	user_locked_scaling_matrix_profile_no_visible_higher_size_anchor	raw_outputs/paper_i_scaling_matrix_parent_powell200_20260710_v1/paper_i_scaling_matrix_parent_powell200_20260710_v1__spin_boson__spin_boson_L3_nph2_scaling_strong__append__parent_powell200__iter30/stderr.log	raw_outputs/paper_i_scaling_matrix_parent_powell200_20260710_v1/paper_i_scaling_matrix_parent_powell200_20260710_v1__spin_boson__spin_boson_L3_nph2_scaling_strong__append__parent_powell200__iter30/stdout.log	paper_i_scaling_matrix_20260710_v1
4	true	2	powell	2	off	static_family_native_adapt_phase3	append_only_with_replacement	paper_i_scaling_matrix_parent_powell200_20260710_v1		200	spin_boson_L4_nph1_scaling_weak	raw_outputs/paper_i_scaling_matrix_parent_powell200_20260710_v1/paper_i_scaling_matrix_parent_powell200_20260710_v1__spin_boson__spin_boson_L4_nph1_scaling_weak__snake__parent_powell200__iter30/cell_manifest.json	macro_only	chtc/phase3_optuna/input/paper_i_scaling_matrix_parent_powell200_20260710_v1/paper_i_scaling_matrix_code.tar.gz	d0982f4696eaecdde533aaf2194af0900fb5fa7c4adde301056cbab80354c3fb	raw_outputs/paper_i_scaling_matrix_parent_powell200_20260710_v1/paper_i_scaling_matrix_parent_powell200_20260710_v1__spin_boson__spin_boson_L4_nph1_scaling_weak__snake__parent_powell200__iter30/result/spin_boson_L4_nph1_scaling_weak/json/current.json	weak	9e62a1da94575cd4aa81ec73	chtc/phase3_optuna/input/paper_i_scaling_matrix_parent_powell200_20260710_v1/exact_energy_manifest.json	5fff8c67abff10a229a1ecd82dc08a25bc211d723727a82257930447d920d296	same_cutoff_exact_diagonalization	pipelines.exact_bench.static_reference_metrics.exact_energy_for_spec	10	0.9966620371702087	1	30	spin_boson	1	off	off		block_only_adjacent_repeat_after_full_pool_selection	not_applicable		not_applicable	false			not_applicable	false	not_applicable	cli:spin_boson_horizon	corrected_geo_append_estimator_accounting_20260710_v1	chtc/phase3_optuna/input/paper_i_scaling_matrix_parent_powell200_20260710_v1/implementation_lock.json	737fc83467002beaa820f1e411563c9877b5eaafb3dc203027c1e0d56fddff05	paper_i_scaling_matrix_parent_only	finite_size_cutoff_scaling_parent_generator_comparison	30	snake	SNAKE	1	1	true	POWELL	full_meta_parent_macro_generators_only_all_methods	off	2	30	200	2	off	200	chtc/phase3_optuna/input/paper_i_scaling_matrix_parent_powell200_20260710_v1/paper_i_scaling_matrix_snake_policy.json	65f535e90f932615d3e448ca92807c90b0af4657f2776916865c81111a0bcc4b	200	full_meta_unfiltered	same_cutoff_abs_delta_e	paper_i_scaling_matrix_parent_powell200_20260710_v1__spin_boson__spin_boson_L4_nph1_scaling_weak__snake__parent_powell200__iter30	raw_outputs/paper_i_scaling_matrix_parent_powell200_20260710_v1/paper_i_scaling_matrix_parent_powell200_20260710_v1__spin_boson__spin_boson_L4_nph1_scaling_weak__snake__parent_powell200__iter30	4	32768	16384	1024	16	appendix_standard	raw_outputs/paper_i_scaling_matrix_parent_powell200_20260710_v1/paper_i_scaling_matrix_parent_powell200_20260710_v1__spin_boson__spin_boson_L4_nph1_scaling_weak__snake__parent_powell200__iter30/result/generic_static_single.json	candidate	true	primary	0.9966620371702087	outer_selector_iterations_not_guaranteed_ansatz_depth	L;n_ph_work;outer_iteration_horizon;new_output_identity	physics_from_table_i_scaling_profile;Powell200;full_meta;parent_only	1	off	off	true	off	1	off	off	adapt_pipeline_internal_exact_gs_same_numeric	user_locked_scaling_matrix_profile_no_visible_higher_size_anchor	raw_outputs/paper_i_scaling_matrix_parent_powell200_20260710_v1/paper_i_scaling_matrix_parent_powell200_20260710_v1__spin_boson__spin_boson_L4_nph1_scaling_weak__snake__parent_powell200__iter30/stderr.log	raw_outputs/paper_i_scaling_matrix_parent_powell200_20260710_v1/paper_i_scaling_matrix_parent_powell200_20260710_v1__spin_boson__spin_boson_L4_nph1_scaling_weak__snake__parent_powell200__iter30/stdout.log	paper_i_scaling_matrix_20260710_v1
4	true	not_applicable	powell	not_applicable	off	static_geo_adapt_vqe	append_only_with_replacement	paper_i_scaling_matrix_parent_powell200_20260710_v1		200	spin_boson_L4_nph1_scaling_weak	raw_outputs/paper_i_scaling_matrix_parent_powell200_20260710_v1/paper_i_scaling_matrix_parent_powell200_20260710_v1__spin_boson__spin_boson_L4_nph1_scaling_weak__geo__parent_powell200__iter30/cell_manifest.json	macro_only	chtc/phase3_optuna/input/paper_i_scaling_matrix_parent_powell200_20260710_v1/paper_i_scaling_matrix_code.tar.gz	d0982f4696eaecdde533aaf2194af0900fb5fa7c4adde301056cbab80354c3fb	raw_outputs/paper_i_scaling_matrix_parent_powell200_20260710_v1/paper_i_scaling_matrix_parent_powell200_20260710_v1__spin_boson__spin_boson_L4_nph1_scaling_weak__geo__parent_powell200__iter30/adapt_iteration_progress.jsonl	weak	9e62a1da94575cd4aa81ec73	chtc/phase3_optuna/input/paper_i_scaling_matrix_parent_powell200_20260710_v1/exact_energy_manifest.json	5fff8c67abff10a229a1ecd82dc08a25bc211d723727a82257930447d920d296	same_cutoff_exact_diagonalization	pipelines.exact_bench.static_reference_metrics.exact_energy_for_spec	10	0.9966620371702087	1	30	spin_boson	1	off	off	fixed_horizon_no_target_v1	block_only_adjacent_repeat_after_full_pool_selection	not_applicable		not_applicable	false			not_applicable	false	not_applicable	cli:spin_boson_horizon	corrected_geo_append_estimator_accounting_20260710_v1	chtc/phase3_optuna/input/paper_i_scaling_matrix_parent_powell200_20260710_v1/implementation_lock.json	737fc83467002beaa820f1e411563c9877b5eaafb3dc203027c1e0d56fddff05	paper_i_scaling_matrix_parent_only	finite_size_cutoff_scaling_parent_generator_comparison	30	geo	Geo-ADAPT	1	1	true	POWELL	full_meta_parent_macro_generators_only_all_methods	off		30	200		off	200			200	full_meta_unfiltered	same_cutoff_abs_delta_e	paper_i_scaling_matrix_parent_powell200_20260710_v1__spin_boson__spin_boson_L4_nph1_scaling_weak__geo__parent_powell200__iter30	raw_outputs/paper_i_scaling_matrix_parent_powell200_20260710_v1/paper_i_scaling_matrix_parent_powell200_20260710_v1__spin_boson__spin_boson_L4_nph1_scaling_weak__geo__parent_powell200__iter30	1	32768	16384	1024	16	appendix_standard	raw_outputs/paper_i_scaling_matrix_parent_powell200_20260710_v1/paper_i_scaling_matrix_parent_powell200_20260710_v1__spin_boson__spin_boson_L4_nph1_scaling_weak__geo__parent_powell200__iter30/result/generic_static_single.json	candidate	true	primary	0.9966620371702087	outer_selector_iterations_not_guaranteed_ansatz_depth	L;n_ph_work;outer_iteration_horizon;new_output_identity	physics_from_table_i_scaling_profile;Powell200;full_meta;parent_only	1	off	off	not_applicable	off	1	off	off	generic_static_exact_energy_env	user_locked_scaling_matrix_profile_no_visible_higher_size_anchor	raw_outputs/paper_i_scaling_matrix_parent_powell200_20260710_v1/paper_i_scaling_matrix_parent_powell200_20260710_v1__spin_boson__spin_boson_L4_nph1_scaling_weak__geo__parent_powell200__iter30/stderr.log	raw_outputs/paper_i_scaling_matrix_parent_powell200_20260710_v1/paper_i_scaling_matrix_parent_powell200_20260710_v1__spin_boson__spin_boson_L4_nph1_scaling_weak__geo__parent_powell200__iter30/stdout.log	paper_i_scaling_matrix_20260710_v1
4	true	not_applicable	powell	not_applicable	off	static_full_meta_append_adapt_vqe	append_only_with_replacement	paper_i_scaling_matrix_parent_powell200_20260710_v1		200	spin_boson_L4_nph1_scaling_weak	raw_outputs/paper_i_scaling_matrix_parent_powell200_20260710_v1/paper_i_scaling_matrix_parent_powell200_20260710_v1__spin_boson__spin_boson_L4_nph1_scaling_weak__append__parent_powell200__iter30/cell_manifest.json	macro_only	chtc/phase3_optuna/input/paper_i_scaling_matrix_parent_powell200_20260710_v1/paper_i_scaling_matrix_code.tar.gz	d0982f4696eaecdde533aaf2194af0900fb5fa7c4adde301056cbab80354c3fb	raw_outputs/paper_i_scaling_matrix_parent_powell200_20260710_v1/paper_i_scaling_matrix_parent_powell200_20260710_v1__spin_boson__spin_boson_L4_nph1_scaling_weak__append__parent_powell200__iter30/adapt_iteration_progress.jsonl	weak	9e62a1da94575cd4aa81ec73	chtc/phase3_optuna/input/paper_i_scaling_matrix_parent_powell200_20260710_v1/exact_energy_manifest.json	5fff8c67abff10a229a1ecd82dc08a25bc211d723727a82257930447d920d296	same_cutoff_exact_diagonalization	pipelines.exact_bench.static_reference_metrics.exact_energy_for_spec	10	0.9966620371702087	1	30	spin_boson	1	off	off	fixed_horizon_no_target_v1	block_only_adjacent_repeat_after_full_pool_selection	not_applicable		not_applicable	false			not_applicable	false	not_applicable	cli:spin_boson_horizon	corrected_geo_append_estimator_accounting_20260710_v1	chtc/phase3_optuna/input/paper_i_scaling_matrix_parent_powell200_20260710_v1/implementation_lock.json	737fc83467002beaa820f1e411563c9877b5eaafb3dc203027c1e0d56fddff05	paper_i_scaling_matrix_parent_only	finite_size_cutoff_scaling_parent_generator_comparison	30	append	Append-ADAPT	1	1	true	POWELL	full_meta_parent_macro_generators_only_all_methods	off		30	200		off	200			200	full_meta_unfiltered	same_cutoff_abs_delta_e	paper_i_scaling_matrix_parent_powell200_20260710_v1__spin_boson__spin_boson_L4_nph1_scaling_weak__append__parent_powell200__iter30	raw_outputs/paper_i_scaling_matrix_parent_powell200_20260710_v1/paper_i_scaling_matrix_parent_powell200_20260710_v1__spin_boson__spin_boson_L4_nph1_scaling_weak__append__parent_powell200__iter30	1	32768	16384	1024	16	appendix_standard	raw_outputs/paper_i_scaling_matrix_parent_powell200_20260710_v1/paper_i_scaling_matrix_parent_powell200_20260710_v1__spin_boson__spin_boson_L4_nph1_scaling_weak__append__parent_powell200__iter30/result/generic_static_single.json	candidate	true	primary	0.9966620371702087	outer_selector_iterations_not_guaranteed_ansatz_depth	L;n_ph_work;outer_iteration_horizon;new_output_identity	physics_from_table_i_scaling_profile;Powell200;full_meta;parent_only	1	off	off	not_applicable	off	1	off	off	generic_static_exact_energy_env	user_locked_scaling_matrix_profile_no_visible_higher_size_anchor	raw_outputs/paper_i_scaling_matrix_parent_powell200_20260710_v1/paper_i_scaling_matrix_parent_powell200_20260710_v1__spin_boson__spin_boson_L4_nph1_scaling_weak__append__parent_powell200__iter30/stderr.log	raw_outputs/paper_i_scaling_matrix_parent_powell200_20260710_v1/paper_i_scaling_matrix_parent_powell200_20260710_v1__spin_boson__spin_boson_L4_nph1_scaling_weak__append__parent_powell200__iter30/stdout.log	paper_i_scaling_matrix_20260710_v1
4	true	2	powell	2	off	static_family_native_adapt_phase3	append_only_with_replacement	paper_i_scaling_matrix_parent_powell200_20260710_v1		200	spin_boson_L4_nph1_scaling_strong	raw_outputs/paper_i_scaling_matrix_parent_powell200_20260710_v1/paper_i_scaling_matrix_parent_powell200_20260710_v1__spin_boson__spin_boson_L4_nph1_scaling_strong__snake__parent_powell200__iter30/cell_manifest.json	macro_only	chtc/phase3_optuna/input/paper_i_scaling_matrix_parent_powell200_20260710_v1/paper_i_scaling_matrix_code.tar.gz	d0982f4696eaecdde533aaf2194af0900fb5fa7c4adde301056cbab80354c3fb	raw_outputs/paper_i_scaling_matrix_parent_powell200_20260710_v1/paper_i_scaling_matrix_parent_powell200_20260710_v1__spin_boson__spin_boson_L4_nph1_scaling_strong__snake__parent_powell200__iter30/result/spin_boson_L4_nph1_scaling_strong/json/current.json	strong	565a4b6a8e9d1956c68e5367	chtc/phase3_optuna/input/paper_i_scaling_matrix_parent_powell200_20260710_v1/exact_energy_manifest.json	5fff8c67abff10a229a1ecd82dc08a25bc211d723727a82257930447d920d296	same_cutoff_exact_diagonalization	pipelines.exact_bench.static_reference_metrics.exact_energy_for_spec	10	0.9865926069657538	1	30	spin_boson	1	off	off		block_only_adjacent_repeat_after_full_pool_selection	not_applicable		not_applicable	false			not_applicable	false	not_applicable	cli:spin_boson_horizon	corrected_geo_append_estimator_accounting_20260710_v1	chtc/phase3_optuna/input/paper_i_scaling_matrix_parent_powell200_20260710_v1/implementation_lock.json	737fc83467002beaa820f1e411563c9877b5eaafb3dc203027c1e0d56fddff05	paper_i_scaling_matrix_parent_only	finite_size_cutoff_scaling_parent_generator_comparison	30	snake	SNAKE	1	1	true	POWELL	full_meta_parent_macro_generators_only_all_methods	off	2	30	200	2	off	200	chtc/phase3_optuna/input/paper_i_scaling_matrix_parent_powell200_20260710_v1/paper_i_scaling_matrix_snake_policy.json	65f535e90f932615d3e448ca92807c90b0af4657f2776916865c81111a0bcc4b	200	full_meta_unfiltered	same_cutoff_abs_delta_e	paper_i_scaling_matrix_parent_powell200_20260710_v1__spin_boson__spin_boson_L4_nph1_scaling_strong__snake__parent_powell200__iter30	raw_outputs/paper_i_scaling_matrix_parent_powell200_20260710_v1/paper_i_scaling_matrix_parent_powell200_20260710_v1__spin_boson__spin_boson_L4_nph1_scaling_strong__snake__parent_powell200__iter30	4	32768	16384	1024	16	appendix_standard	raw_outputs/paper_i_scaling_matrix_parent_powell200_20260710_v1/paper_i_scaling_matrix_parent_powell200_20260710_v1__spin_boson__spin_boson_L4_nph1_scaling_strong__snake__parent_powell200__iter30/result/generic_static_single.json	candidate	true	primary	0.9865926069657538	outer_selector_iterations_not_guaranteed_ansatz_depth	L;n_ph_work;outer_iteration_horizon;new_output_identity	physics_from_table_i_scaling_profile;Powell200;full_meta;parent_only	1	off	off	true	off	1	off	off	adapt_pipeline_internal_exact_gs_same_numeric	user_locked_scaling_matrix_profile_no_visible_higher_size_anchor	raw_outputs/paper_i_scaling_matrix_parent_powell200_20260710_v1/paper_i_scaling_matrix_parent_powell200_20260710_v1__spin_boson__spin_boson_L4_nph1_scaling_strong__snake__parent_powell200__iter30/stderr.log	raw_outputs/paper_i_scaling_matrix_parent_powell200_20260710_v1/paper_i_scaling_matrix_parent_powell200_20260710_v1__spin_boson__spin_boson_L4_nph1_scaling_strong__snake__parent_powell200__iter30/stdout.log	paper_i_scaling_matrix_20260710_v1
4	true	not_applicable	powell	not_applicable	off	static_geo_adapt_vqe	append_only_with_replacement	paper_i_scaling_matrix_parent_powell200_20260710_v1		200	spin_boson_L4_nph1_scaling_strong	raw_outputs/paper_i_scaling_matrix_parent_powell200_20260710_v1/paper_i_scaling_matrix_parent_powell200_20260710_v1__spin_boson__spin_boson_L4_nph1_scaling_strong__geo__parent_powell200__iter30/cell_manifest.json	macro_only	chtc/phase3_optuna/input/paper_i_scaling_matrix_parent_powell200_20260710_v1/paper_i_scaling_matrix_code.tar.gz	d0982f4696eaecdde533aaf2194af0900fb5fa7c4adde301056cbab80354c3fb	raw_outputs/paper_i_scaling_matrix_parent_powell200_20260710_v1/paper_i_scaling_matrix_parent_powell200_20260710_v1__spin_boson__spin_boson_L4_nph1_scaling_strong__geo__parent_powell200__iter30/adapt_iteration_progress.jsonl	strong	565a4b6a8e9d1956c68e5367	chtc/phase3_optuna/input/paper_i_scaling_matrix_parent_powell200_20260710_v1/exact_energy_manifest.json	5fff8c67abff10a229a1ecd82dc08a25bc211d723727a82257930447d920d296	same_cutoff_exact_diagonalization	pipelines.exact_bench.static_reference_metrics.exact_energy_for_spec	10	0.9865926069657538	1	30	spin_boson	1	off	off	fixed_horizon_no_target_v1	block_only_adjacent_repeat_after_full_pool_selection	not_applicable		not_applicable	false			not_applicable	false	not_applicable	cli:spin_boson_horizon	corrected_geo_append_estimator_accounting_20260710_v1	chtc/phase3_optuna/input/paper_i_scaling_matrix_parent_powell200_20260710_v1/implementation_lock.json	737fc83467002beaa820f1e411563c9877b5eaafb3dc203027c1e0d56fddff05	paper_i_scaling_matrix_parent_only	finite_size_cutoff_scaling_parent_generator_comparison	30	geo	Geo-ADAPT	1	1	true	POWELL	full_meta_parent_macro_generators_only_all_methods	off		30	200		off	200			200	full_meta_unfiltered	same_cutoff_abs_delta_e	paper_i_scaling_matrix_parent_powell200_20260710_v1__spin_boson__spin_boson_L4_nph1_scaling_strong__geo__parent_powell200__iter30	raw_outputs/paper_i_scaling_matrix_parent_powell200_20260710_v1/paper_i_scaling_matrix_parent_powell200_20260710_v1__spin_boson__spin_boson_L4_nph1_scaling_strong__geo__parent_powell200__iter30	1	32768	16384	1024	16	appendix_standard	raw_outputs/paper_i_scaling_matrix_parent_powell200_20260710_v1/paper_i_scaling_matrix_parent_powell200_20260710_v1__spin_boson__spin_boson_L4_nph1_scaling_strong__geo__parent_powell200__iter30/result/generic_static_single.json	candidate	true	primary	0.9865926069657538	outer_selector_iterations_not_guaranteed_ansatz_depth	L;n_ph_work;outer_iteration_horizon;new_output_identity	physics_from_table_i_scaling_profile;Powell200;full_meta;parent_only	1	off	off	not_applicable	off	1	off	off	generic_static_exact_energy_env	user_locked_scaling_matrix_profile_no_visible_higher_size_anchor	raw_outputs/paper_i_scaling_matrix_parent_powell200_20260710_v1/paper_i_scaling_matrix_parent_powell200_20260710_v1__spin_boson__spin_boson_L4_nph1_scaling_strong__geo__parent_powell200__iter30/stderr.log	raw_outputs/paper_i_scaling_matrix_parent_powell200_20260710_v1/paper_i_scaling_matrix_parent_powell200_20260710_v1__spin_boson__spin_boson_L4_nph1_scaling_strong__geo__parent_powell200__iter30/stdout.log	paper_i_scaling_matrix_20260710_v1
4	true	not_applicable	powell	not_applicable	off	static_full_meta_append_adapt_vqe	append_only_with_replacement	paper_i_scaling_matrix_parent_powell200_20260710_v1		200	spin_boson_L4_nph1_scaling_strong	raw_outputs/paper_i_scaling_matrix_parent_powell200_20260710_v1/paper_i_scaling_matrix_parent_powell200_20260710_v1__spin_boson__spin_boson_L4_nph1_scaling_strong__append__parent_powell200__iter30/cell_manifest.json	macro_only	chtc/phase3_optuna/input/paper_i_scaling_matrix_parent_powell200_20260710_v1/paper_i_scaling_matrix_code.tar.gz	d0982f4696eaecdde533aaf2194af0900fb5fa7c4adde301056cbab80354c3fb	raw_outputs/paper_i_scaling_matrix_parent_powell200_20260710_v1/paper_i_scaling_matrix_parent_powell200_20260710_v1__spin_boson__spin_boson_L4_nph1_scaling_strong__append__parent_powell200__iter30/adapt_iteration_progress.jsonl	strong	565a4b6a8e9d1956c68e5367	chtc/phase3_optuna/input/paper_i_scaling_matrix_parent_powell200_20260710_v1/exact_energy_manifest.json	5fff8c67abff10a229a1ecd82dc08a25bc211d723727a82257930447d920d296	same_cutoff_exact_diagonalization	pipelines.exact_bench.static_reference_metrics.exact_energy_for_spec	10	0.9865926069657538	1	30	spin_boson	1	off	off	fixed_horizon_no_target_v1	block_only_adjacent_repeat_after_full_pool_selection	not_applicable		not_applicable	false			not_applicable	false	not_applicable	cli:spin_boson_horizon	corrected_geo_append_estimator_accounting_20260710_v1	chtc/phase3_optuna/input/paper_i_scaling_matrix_parent_powell200_20260710_v1/implementation_lock.json	737fc83467002beaa820f1e411563c9877b5eaafb3dc203027c1e0d56fddff05	paper_i_scaling_matrix_parent_only	finite_size_cutoff_scaling_parent_generator_comparison	30	append	Append-ADAPT	1	1	true	POWELL	full_meta_parent_macro_generators_only_all_methods	off		30	200		off	200			200	full_meta_unfiltered	same_cutoff_abs_delta_e	paper_i_scaling_matrix_parent_powell200_20260710_v1__spin_boson__spin_boson_L4_nph1_scaling_strong__append__parent_powell200__iter30	raw_outputs/paper_i_scaling_matrix_parent_powell200_20260710_v1/paper_i_scaling_matrix_parent_powell200_20260710_v1__spin_boson__spin_boson_L4_nph1_scaling_strong__append__parent_powell200__iter30	1	32768	16384	1024	16	appendix_standard	raw_outputs/paper_i_scaling_matrix_parent_powell200_20260710_v1/paper_i_scaling_matrix_parent_powell200_20260710_v1__spin_boson__spin_boson_L4_nph1_scaling_strong__append__parent_powell200__iter30/result/generic_static_single.json	candidate	true	primary	0.9865926069657538	outer_selector_iterations_not_guaranteed_ansatz_depth	L;n_ph_work;outer_iteration_horizon;new_output_identity	physics_from_table_i_scaling_profile;Powell200;full_meta;parent_only	1	off	off	not_applicable	off	1	off	off	generic_static_exact_energy_env	user_locked_scaling_matrix_profile_no_visible_higher_size_anchor	raw_outputs/paper_i_scaling_matrix_parent_powell200_20260710_v1/paper_i_scaling_matrix_parent_powell200_20260710_v1__spin_boson__spin_boson_L4_nph1_scaling_strong__append__parent_powell200__iter30/stderr.log	raw_outputs/paper_i_scaling_matrix_parent_powell200_20260710_v1/paper_i_scaling_matrix_parent_powell200_20260710_v1__spin_boson__spin_boson_L4_nph1_scaling_strong__append__parent_powell200__iter30/stdout.log	paper_i_scaling_matrix_20260710_v1
2	true	2	powell	2	off	static_family_native_adapt_phase3	append_only_with_replacement	paper_i_scaling_matrix_parent_powell200_20260710_v1		200	bose_hubbard_L2_nph3_scaling_weak	raw_outputs/paper_i_scaling_matrix_parent_powell200_20260710_v1/paper_i_scaling_matrix_parent_powell200_20260710_v1__bose_hubbard__bose_hubbard_L2_nph3_scaling_weak__snake__parent_powell200__iter30/cell_manifest.json	macro_only	chtc/phase3_optuna/input/paper_i_scaling_matrix_parent_powell200_20260710_v1/paper_i_scaling_matrix_code.tar.gz	d0982f4696eaecdde533aaf2194af0900fb5fa7c4adde301056cbab80354c3fb	raw_outputs/paper_i_scaling_matrix_parent_powell200_20260710_v1/paper_i_scaling_matrix_parent_powell200_20260710_v1__bose_hubbard__bose_hubbard_L2_nph3_scaling_weak__snake__parent_powell200__iter30/result/bose_hubbard_L2_nph3_scaling_weak/json/current.json	weak	7ca303b26e27eeef44e097c1	chtc/phase3_optuna/input/paper_i_scaling_matrix_parent_powell200_20260710_v1/exact_energy_manifest.json	5fff8c67abff10a229a1ecd82dc08a25bc211d723727a82257930447d920d296	same_cutoff_exact_diagonalization	pipelines.exact_bench.static_reference_metrics.exact_energy_for_spec	10	0.9692235935955847	3	30	bose_hubbard	1	off	off		block_only_adjacent_repeat_after_full_pool_selection	not_applicable		not_applicable	false			not_applicable	false	not_applicable	cli:bose_hubbard_horizon	corrected_geo_append_estimator_accounting_20260710_v1	chtc/phase3_optuna/input/paper_i_scaling_matrix_parent_powell200_20260710_v1/implementation_lock.json	737fc83467002beaa820f1e411563c9877b5eaafb3dc203027c1e0d56fddff05	paper_i_scaling_matrix_parent_only	finite_size_cutoff_scaling_parent_generator_comparison	30	snake	SNAKE	3	3	true	POWELL	full_meta_parent_macro_generators_only_all_methods	off	2	30	200	2	off	200	chtc/phase3_optuna/input/paper_i_scaling_matrix_parent_powell200_20260710_v1/paper_i_scaling_matrix_snake_policy.json	65f535e90f932615d3e448ca92807c90b0af4657f2776916865c81111a0bcc4b	200	full_meta_unfiltered	same_cutoff_abs_delta_e	paper_i_scaling_matrix_parent_powell200_20260710_v1__bose_hubbard__bose_hubbard_L2_nph3_scaling_weak__snake__parent_powell200__iter30	raw_outputs/paper_i_scaling_matrix_parent_powell200_20260710_v1/paper_i_scaling_matrix_parent_powell200_20260710_v1__bose_hubbard__bose_hubbard_L2_nph3_scaling_weak__snake__parent_powell200__iter30	4	32768	16384	1024	16	appendix_standard	raw_outputs/paper_i_scaling_matrix_parent_powell200_20260710_v1/paper_i_scaling_matrix_parent_powell200_20260710_v1__bose_hubbard__bose_hubbard_L2_nph3_scaling_weak__snake__parent_powell200__iter30/result/generic_static_single.json	candidate	true	primary	0.9692235935955847	outer_selector_iterations_not_guaranteed_ansatz_depth	L;n_ph_work;outer_iteration_horizon;new_output_identity	physics_from_table_i_scaling_profile;Powell200;full_meta;parent_only	1	off	off	true	off	1	off	off	adapt_pipeline_internal_exact_gs_same_numeric	user_locked_scaling_matrix_profile_no_visible_higher_size_anchor	raw_outputs/paper_i_scaling_matrix_parent_powell200_20260710_v1/paper_i_scaling_matrix_parent_powell200_20260710_v1__bose_hubbard__bose_hubbard_L2_nph3_scaling_weak__snake__parent_powell200__iter30/stderr.log	raw_outputs/paper_i_scaling_matrix_parent_powell200_20260710_v1/paper_i_scaling_matrix_parent_powell200_20260710_v1__bose_hubbard__bose_hubbard_L2_nph3_scaling_weak__snake__parent_powell200__iter30/stdout.log	paper_i_scaling_matrix_20260710_v1
2	true	not_applicable	powell	not_applicable	off	static_geo_adapt_vqe	append_only_with_replacement	paper_i_scaling_matrix_parent_powell200_20260710_v1		200	bose_hubbard_L2_nph3_scaling_weak	raw_outputs/paper_i_scaling_matrix_parent_powell200_20260710_v1/paper_i_scaling_matrix_parent_powell200_20260710_v1__bose_hubbard__bose_hubbard_L2_nph3_scaling_weak__geo__parent_powell200__iter30/cell_manifest.json	macro_only	chtc/phase3_optuna/input/paper_i_scaling_matrix_parent_powell200_20260710_v1/paper_i_scaling_matrix_code.tar.gz	d0982f4696eaecdde533aaf2194af0900fb5fa7c4adde301056cbab80354c3fb	raw_outputs/paper_i_scaling_matrix_parent_powell200_20260710_v1/paper_i_scaling_matrix_parent_powell200_20260710_v1__bose_hubbard__bose_hubbard_L2_nph3_scaling_weak__geo__parent_powell200__iter30/adapt_iteration_progress.jsonl	weak	7ca303b26e27eeef44e097c1	chtc/phase3_optuna/input/paper_i_scaling_matrix_parent_powell200_20260710_v1/exact_energy_manifest.json	5fff8c67abff10a229a1ecd82dc08a25bc211d723727a82257930447d920d296	same_cutoff_exact_diagonalization	pipelines.exact_bench.static_reference_metrics.exact_energy_for_spec	10	0.9692235935955847	3	30	bose_hubbard	1	off	off	fixed_horizon_no_target_v1	block_only_adjacent_repeat_after_full_pool_selection	not_applicable		not_applicable	false			not_applicable	false	not_applicable	cli:bose_hubbard_horizon	corrected_geo_append_estimator_accounting_20260710_v1	chtc/phase3_optuna/input/paper_i_scaling_matrix_parent_powell200_20260710_v1/implementation_lock.json	737fc83467002beaa820f1e411563c9877b5eaafb3dc203027c1e0d56fddff05	paper_i_scaling_matrix_parent_only	finite_size_cutoff_scaling_parent_generator_comparison	30	geo	Geo-ADAPT	3	3	true	POWELL	full_meta_parent_macro_generators_only_all_methods	off		30	200		off	200			200	full_meta_unfiltered	same_cutoff_abs_delta_e	paper_i_scaling_matrix_parent_powell200_20260710_v1__bose_hubbard__bose_hubbard_L2_nph3_scaling_weak__geo__parent_powell200__iter30	raw_outputs/paper_i_scaling_matrix_parent_powell200_20260710_v1/paper_i_scaling_matrix_parent_powell200_20260710_v1__bose_hubbard__bose_hubbard_L2_nph3_scaling_weak__geo__parent_powell200__iter30	1	32768	16384	1024	16	appendix_standard	raw_outputs/paper_i_scaling_matrix_parent_powell200_20260710_v1/paper_i_scaling_matrix_parent_powell200_20260710_v1__bose_hubbard__bose_hubbard_L2_nph3_scaling_weak__geo__parent_powell200__iter30/result/generic_static_single.json	candidate	true	primary	0.9692235935955847	outer_selector_iterations_not_guaranteed_ansatz_depth	L;n_ph_work;outer_iteration_horizon;new_output_identity	physics_from_table_i_scaling_profile;Powell200;full_meta;parent_only	1	off	off	not_applicable	off	1	off	off	generic_static_exact_energy_env	user_locked_scaling_matrix_profile_no_visible_higher_size_anchor	raw_outputs/paper_i_scaling_matrix_parent_powell200_20260710_v1/paper_i_scaling_matrix_parent_powell200_20260710_v1__bose_hubbard__bose_hubbard_L2_nph3_scaling_weak__geo__parent_powell200__iter30/stderr.log	raw_outputs/paper_i_scaling_matrix_parent_powell200_20260710_v1/paper_i_scaling_matrix_parent_powell200_20260710_v1__bose_hubbard__bose_hubbard_L2_nph3_scaling_weak__geo__parent_powell200__iter30/stdout.log	paper_i_scaling_matrix_20260710_v1
2	true	not_applicable	powell	not_applicable	off	static_full_meta_append_adapt_vqe	append_only_with_replacement	paper_i_scaling_matrix_parent_powell200_20260710_v1		200	bose_hubbard_L2_nph3_scaling_weak	raw_outputs/paper_i_scaling_matrix_parent_powell200_20260710_v1/paper_i_scaling_matrix_parent_powell200_20260710_v1__bose_hubbard__bose_hubbard_L2_nph3_scaling_weak__append__parent_powell200__iter30/cell_manifest.json	macro_only	chtc/phase3_optuna/input/paper_i_scaling_matrix_parent_powell200_20260710_v1/paper_i_scaling_matrix_code.tar.gz	d0982f4696eaecdde533aaf2194af0900fb5fa7c4adde301056cbab80354c3fb	raw_outputs/paper_i_scaling_matrix_parent_powell200_20260710_v1/paper_i_scaling_matrix_parent_powell200_20260710_v1__bose_hubbard__bose_hubbard_L2_nph3_scaling_weak__append__parent_powell200__iter30/adapt_iteration_progress.jsonl	weak	7ca303b26e27eeef44e097c1	chtc/phase3_optuna/input/paper_i_scaling_matrix_parent_powell200_20260710_v1/exact_energy_manifest.json	5fff8c67abff10a229a1ecd82dc08a25bc211d723727a82257930447d920d296	same_cutoff_exact_diagonalization	pipelines.exact_bench.static_reference_metrics.exact_energy_for_spec	10	0.9692235935955847	3	30	bose_hubbard	1	off	off	fixed_horizon_no_target_v1	block_only_adjacent_repeat_after_full_pool_selection	not_applicable		not_applicable	false			not_applicable	false	not_applicable	cli:bose_hubbard_horizon	corrected_geo_append_estimator_accounting_20260710_v1	chtc/phase3_optuna/input/paper_i_scaling_matrix_parent_powell200_20260710_v1/implementation_lock.json	737fc83467002beaa820f1e411563c9877b5eaafb3dc203027c1e0d56fddff05	paper_i_scaling_matrix_parent_only	finite_size_cutoff_scaling_parent_generator_comparison	30	append	Append-ADAPT	3	3	true	POWELL	full_meta_parent_macro_generators_only_all_methods	off		30	200		off	200			200	full_meta_unfiltered	same_cutoff_abs_delta_e	paper_i_scaling_matrix_parent_powell200_20260710_v1__bose_hubbard__bose_hubbard_L2_nph3_scaling_weak__append__parent_powell200__iter30	raw_outputs/paper_i_scaling_matrix_parent_powell200_20260710_v1/paper_i_scaling_matrix_parent_powell200_20260710_v1__bose_hubbard__bose_hubbard_L2_nph3_scaling_weak__append__parent_powell200__iter30	1	32768	16384	1024	16	appendix_standard	raw_outputs/paper_i_scaling_matrix_parent_powell200_20260710_v1/paper_i_scaling_matrix_parent_powell200_20260710_v1__bose_hubbard__bose_hubbard_L2_nph3_scaling_weak__append__parent_powell200__iter30/result/generic_static_single.json	candidate	true	primary	0.9692235935955847	outer_selector_iterations_not_guaranteed_ansatz_depth	L;n_ph_work;outer_iteration_horizon;new_output_identity	physics_from_table_i_scaling_profile;Powell200;full_meta;parent_only	1	off	off	not_applicable	off	1	off	off	generic_static_exact_energy_env	user_locked_scaling_matrix_profile_no_visible_higher_size_anchor	raw_outputs/paper_i_scaling_matrix_parent_powell200_20260710_v1/paper_i_scaling_matrix_parent_powell200_20260710_v1__bose_hubbard__bose_hubbard_L2_nph3_scaling_weak__append__parent_powell200__iter30/stderr.log	raw_outputs/paper_i_scaling_matrix_parent_powell200_20260710_v1/paper_i_scaling_matrix_parent_powell200_20260710_v1__bose_hubbard__bose_hubbard_L2_nph3_scaling_weak__append__parent_powell200__iter30/stdout.log	paper_i_scaling_matrix_20260710_v1
2	true	2	powell	2	off	static_family_native_adapt_phase3	append_only_with_replacement	paper_i_scaling_matrix_parent_powell200_20260710_v1		200	bose_hubbard_L2_nph3_scaling_strong	raw_outputs/paper_i_scaling_matrix_parent_powell200_20260710_v1/paper_i_scaling_matrix_parent_powell200_20260710_v1__bose_hubbard__bose_hubbard_L2_nph3_scaling_strong__snake__parent_powell200__iter30/cell_manifest.json	macro_only	chtc/phase3_optuna/input/paper_i_scaling_matrix_parent_powell200_20260710_v1/paper_i_scaling_matrix_code.tar.gz	d0982f4696eaecdde533aaf2194af0900fb5fa7c4adde301056cbab80354c3fb	raw_outputs/paper_i_scaling_matrix_parent_powell200_20260710_v1/paper_i_scaling_matrix_parent_powell200_20260710_v1__bose_hubbard__bose_hubbard_L2_nph3_scaling_strong__snake__parent_powell200__iter30/result/bose_hubbard_L2_nph3_scaling_strong/json/current.json	strong	f099d67ed83519add759c174	chtc/phase3_optuna/input/paper_i_scaling_matrix_parent_powell200_20260710_v1/exact_energy_manifest.json	5fff8c67abff10a229a1ecd82dc08a25bc211d723727a82257930447d920d296	same_cutoff_exact_diagonalization	pipelines.exact_bench.static_reference_metrics.exact_energy_for_spec	10	0.9692235935955786	3	30	bose_hubbard	1	off	off		block_only_adjacent_repeat_after_full_pool_selection	not_applicable		not_applicable	false			not_applicable	false	not_applicable	cli:bose_hubbard_horizon	corrected_geo_append_estimator_accounting_20260710_v1	chtc/phase3_optuna/input/paper_i_scaling_matrix_parent_powell200_20260710_v1/implementation_lock.json	737fc83467002beaa820f1e411563c9877b5eaafb3dc203027c1e0d56fddff05	paper_i_scaling_matrix_parent_only	finite_size_cutoff_scaling_parent_generator_comparison	30	snake	SNAKE	3	3	true	POWELL	full_meta_parent_macro_generators_only_all_methods	off	2	30	200	2	off	200	chtc/phase3_optuna/input/paper_i_scaling_matrix_parent_powell200_20260710_v1/paper_i_scaling_matrix_snake_policy.json	65f535e90f932615d3e448ca92807c90b0af4657f2776916865c81111a0bcc4b	200	full_meta_unfiltered	same_cutoff_abs_delta_e	paper_i_scaling_matrix_parent_powell200_20260710_v1__bose_hubbard__bose_hubbard_L2_nph3_scaling_strong__snake__parent_powell200__iter30	raw_outputs/paper_i_scaling_matrix_parent_powell200_20260710_v1/paper_i_scaling_matrix_parent_powell200_20260710_v1__bose_hubbard__bose_hubbard_L2_nph3_scaling_strong__snake__parent_powell200__iter30	4	32768	16384	1024	16	appendix_standard	raw_outputs/paper_i_scaling_matrix_parent_powell200_20260710_v1/paper_i_scaling_matrix_parent_powell200_20260710_v1__bose_hubbard__bose_hubbard_L2_nph3_scaling_strong__snake__parent_powell200__iter30/result/generic_static_single.json	candidate	true	primary	0.9692235935955786	outer_selector_iterations_not_guaranteed_ansatz_depth	L;n_ph_work;outer_iteration_horizon;new_output_identity	physics_from_table_i_scaling_profile;Powell200;full_meta;parent_only	1	off	off	true	off	1	off	off	adapt_pipeline_internal_exact_gs_same_numeric	user_locked_scaling_matrix_profile_no_visible_higher_size_anchor	raw_outputs/paper_i_scaling_matrix_parent_powell200_20260710_v1/paper_i_scaling_matrix_parent_powell200_20260710_v1__bose_hubbard__bose_hubbard_L2_nph3_scaling_strong__snake__parent_powell200__iter30/stderr.log	raw_outputs/paper_i_scaling_matrix_parent_powell200_20260710_v1/paper_i_scaling_matrix_parent_powell200_20260710_v1__bose_hubbard__bose_hubbard_L2_nph3_scaling_strong__snake__parent_powell200__iter30/stdout.log	paper_i_scaling_matrix_20260710_v1
2	true	not_applicable	powell	not_applicable	off	static_geo_adapt_vqe	append_only_with_replacement	paper_i_scaling_matrix_parent_powell200_20260710_v1		200	bose_hubbard_L2_nph3_scaling_strong	raw_outputs/paper_i_scaling_matrix_parent_powell200_20260710_v1/paper_i_scaling_matrix_parent_powell200_20260710_v1__bose_hubbard__bose_hubbard_L2_nph3_scaling_strong__geo__parent_powell200__iter30/cell_manifest.json	macro_only	chtc/phase3_optuna/input/paper_i_scaling_matrix_parent_powell200_20260710_v1/paper_i_scaling_matrix_code.tar.gz	d0982f4696eaecdde533aaf2194af0900fb5fa7c4adde301056cbab80354c3fb	raw_outputs/paper_i_scaling_matrix_parent_powell200_20260710_v1/paper_i_scaling_matrix_parent_powell200_20260710_v1__bose_hubbard__bose_hubbard_L2_nph3_scaling_strong__geo__parent_powell200__iter30/adapt_iteration_progress.jsonl	strong	f099d67ed83519add759c174	chtc/phase3_optuna/input/paper_i_scaling_matrix_parent_powell200_20260710_v1/exact_energy_manifest.json	5fff8c67abff10a229a1ecd82dc08a25bc211d723727a82257930447d920d296	same_cutoff_exact_diagonalization	pipelines.exact_bench.static_reference_metrics.exact_energy_for_spec	10	0.9692235935955786	3	30	bose_hubbard	1	off	off	fixed_horizon_no_target_v1	block_only_adjacent_repeat_after_full_pool_selection	not_applicable		not_applicable	false			not_applicable	false	not_applicable	cli:bose_hubbard_horizon	corrected_geo_append_estimator_accounting_20260710_v1	chtc/phase3_optuna/input/paper_i_scaling_matrix_parent_powell200_20260710_v1/implementation_lock.json	737fc83467002beaa820f1e411563c9877b5eaafb3dc203027c1e0d56fddff05	paper_i_scaling_matrix_parent_only	finite_size_cutoff_scaling_parent_generator_comparison	30	geo	Geo-ADAPT	3	3	true	POWELL	full_meta_parent_macro_generators_only_all_methods	off		30	200		off	200			200	full_meta_unfiltered	same_cutoff_abs_delta_e	paper_i_scaling_matrix_parent_powell200_20260710_v1__bose_hubbard__bose_hubbard_L2_nph3_scaling_strong__geo__parent_powell200__iter30	raw_outputs/paper_i_scaling_matrix_parent_powell200_20260710_v1/paper_i_scaling_matrix_parent_powell200_20260710_v1__bose_hubbard__bose_hubbard_L2_nph3_scaling_strong__geo__parent_powell200__iter30	1	32768	16384	1024	16	appendix_standard	raw_outputs/paper_i_scaling_matrix_parent_powell200_20260710_v1/paper_i_scaling_matrix_parent_powell200_20260710_v1__bose_hubbard__bose_hubbard_L2_nph3_scaling_strong__geo__parent_powell200__iter30/result/generic_static_single.json	candidate	true	primary	0.9692235935955786	outer_selector_iterations_not_guaranteed_ansatz_depth	L;n_ph_work;outer_iteration_horizon;new_output_identity	physics_from_table_i_scaling_profile;Powell200;full_meta;parent_only	1	off	off	not_applicable	off	1	off	off	generic_static_exact_energy_env	user_locked_scaling_matrix_profile_no_visible_higher_size_anchor	raw_outputs/paper_i_scaling_matrix_parent_powell200_20260710_v1/paper_i_scaling_matrix_parent_powell200_20260710_v1__bose_hubbard__bose_hubbard_L2_nph3_scaling_strong__geo__parent_powell200__iter30/stderr.log	raw_outputs/paper_i_scaling_matrix_parent_powell200_20260710_v1/paper_i_scaling_matrix_parent_powell200_20260710_v1__bose_hubbard__bose_hubbard_L2_nph3_scaling_strong__geo__parent_powell200__iter30/stdout.log	paper_i_scaling_matrix_20260710_v1
2	true	not_applicable	powell	not_applicable	off	static_full_meta_append_adapt_vqe	append_only_with_replacement	paper_i_scaling_matrix_parent_powell200_20260710_v1		200	bose_hubbard_L2_nph3_scaling_strong	raw_outputs/paper_i_scaling_matrix_parent_powell200_20260710_v1/paper_i_scaling_matrix_parent_powell200_20260710_v1__bose_hubbard__bose_hubbard_L2_nph3_scaling_strong__append__parent_powell200__iter30/cell_manifest.json	macro_only	chtc/phase3_optuna/input/paper_i_scaling_matrix_parent_powell200_20260710_v1/paper_i_scaling_matrix_code.tar.gz	d0982f4696eaecdde533aaf2194af0900fb5fa7c4adde301056cbab80354c3fb	raw_outputs/paper_i_scaling_matrix_parent_powell200_20260710_v1/paper_i_scaling_matrix_parent_powell200_20260710_v1__bose_hubbard__bose_hubbard_L2_nph3_scaling_strong__append__parent_powell200__iter30/adapt_iteration_progress.jsonl	strong	f099d67ed83519add759c174	chtc/phase3_optuna/input/paper_i_scaling_matrix_parent_powell200_20260710_v1/exact_energy_manifest.json	5fff8c67abff10a229a1ecd82dc08a25bc211d723727a82257930447d920d296	same_cutoff_exact_diagonalization	pipelines.exact_bench.static_reference_metrics.exact_energy_for_spec	10	0.9692235935955786	3	30	bose_hubbard	1	off	off	fixed_horizon_no_target_v1	block_only_adjacent_repeat_after_full_pool_selection	not_applicable		not_applicable	false			not_applicable	false	not_applicable	cli:bose_hubbard_horizon	corrected_geo_append_estimator_accounting_20260710_v1	chtc/phase3_optuna/input/paper_i_scaling_matrix_parent_powell200_20260710_v1/implementation_lock.json	737fc83467002beaa820f1e411563c9877b5eaafb3dc203027c1e0d56fddff05	paper_i_scaling_matrix_parent_only	finite_size_cutoff_scaling_parent_generator_comparison	30	append	Append-ADAPT	3	3	true	POWELL	full_meta_parent_macro_generators_only_all_methods	off		30	200		off	200			200	full_meta_unfiltered	same_cutoff_abs_delta_e	paper_i_scaling_matrix_parent_powell200_20260710_v1__bose_hubbard__bose_hubbard_L2_nph3_scaling_strong__append__parent_powell200__iter30	raw_outputs/paper_i_scaling_matrix_parent_powell200_20260710_v1/paper_i_scaling_matrix_parent_powell200_20260710_v1__bose_hubbard__bose_hubbard_L2_nph3_scaling_strong__append__parent_powell200__iter30	1	32768	16384	1024	16	appendix_standard	raw_outputs/paper_i_scaling_matrix_parent_powell200_20260710_v1/paper_i_scaling_matrix_parent_powell200_20260710_v1__bose_hubbard__bose_hubbard_L2_nph3_scaling_strong__append__parent_powell200__iter30/result/generic_static_single.json	candidate	true	primary	0.9692235935955786	outer_selector_iterations_not_guaranteed_ansatz_depth	L;n_ph_work;outer_iteration_horizon;new_output_identity	physics_from_table_i_scaling_profile;Powell200;full_meta;parent_only	1	off	off	not_applicable	off	1	off	off	generic_static_exact_energy_env	user_locked_scaling_matrix_profile_no_visible_higher_size_anchor	raw_outputs/paper_i_scaling_matrix_parent_powell200_20260710_v1/paper_i_scaling_matrix_parent_powell200_20260710_v1__bose_hubbard__bose_hubbard_L2_nph3_scaling_strong__append__parent_powell200__iter30/stderr.log	raw_outputs/paper_i_scaling_matrix_parent_powell200_20260710_v1/paper_i_scaling_matrix_parent_powell200_20260710_v1__bose_hubbard__bose_hubbard_L2_nph3_scaling_strong__append__parent_powell200__iter30/stdout.log	paper_i_scaling_matrix_20260710_v1
3	true	2	powell	2	off	static_family_native_adapt_phase3	append_only_with_replacement	paper_i_scaling_matrix_parent_powell200_20260710_v1		200	bose_hubbard_L3_nph3_scaling_weak	raw_outputs/paper_i_scaling_matrix_parent_powell200_20260710_v1/paper_i_scaling_matrix_parent_powell200_20260710_v1__bose_hubbard__bose_hubbard_L3_nph3_scaling_weak__snake__parent_powell200__iter30/cell_manifest.json	macro_only	chtc/phase3_optuna/input/paper_i_scaling_matrix_parent_powell200_20260710_v1/paper_i_scaling_matrix_code.tar.gz	d0982f4696eaecdde533aaf2194af0900fb5fa7c4adde301056cbab80354c3fb	raw_outputs/paper_i_scaling_matrix_parent_powell200_20260710_v1/paper_i_scaling_matrix_parent_powell200_20260710_v1__bose_hubbard__bose_hubbard_L3_nph3_scaling_weak__snake__parent_powell200__iter30/result/bose_hubbard_L3_nph3_scaling_weak/json/current.json	weak	3a72b502b650d84bea7313ff	chtc/phase3_optuna/input/paper_i_scaling_matrix_parent_powell200_20260710_v1/exact_energy_manifest.json	5fff8c67abff10a229a1ecd82dc08a25bc211d723727a82257930447d920d296	same_cutoff_exact_diagonalization	pipelines.exact_bench.static_reference_metrics.exact_energy_for_spec	10	1.0638593383654946	3	30	bose_hubbard	1	off	off		block_only_adjacent_repeat_after_full_pool_selection	not_applicable		not_applicable	false			not_applicable	false	not_applicable	cli:bose_hubbard_horizon	corrected_geo_append_estimator_accounting_20260710_v1	chtc/phase3_optuna/input/paper_i_scaling_matrix_parent_powell200_20260710_v1/implementation_lock.json	737fc83467002beaa820f1e411563c9877b5eaafb3dc203027c1e0d56fddff05	paper_i_scaling_matrix_parent_only	finite_size_cutoff_scaling_parent_generator_comparison	30	snake	SNAKE	3	3	true	POWELL	full_meta_parent_macro_generators_only_all_methods	off	2	30	200	2	off	200	chtc/phase3_optuna/input/paper_i_scaling_matrix_parent_powell200_20260710_v1/paper_i_scaling_matrix_snake_policy.json	65f535e90f932615d3e448ca92807c90b0af4657f2776916865c81111a0bcc4b	200	full_meta_unfiltered	same_cutoff_abs_delta_e	paper_i_scaling_matrix_parent_powell200_20260710_v1__bose_hubbard__bose_hubbard_L3_nph3_scaling_weak__snake__parent_powell200__iter30	raw_outputs/paper_i_scaling_matrix_parent_powell200_20260710_v1/paper_i_scaling_matrix_parent_powell200_20260710_v1__bose_hubbard__bose_hubbard_L3_nph3_scaling_weak__snake__parent_powell200__iter30	4	32768	16384	1024	16	appendix_standard	raw_outputs/paper_i_scaling_matrix_parent_powell200_20260710_v1/paper_i_scaling_matrix_parent_powell200_20260710_v1__bose_hubbard__bose_hubbard_L3_nph3_scaling_weak__snake__parent_powell200__iter30/result/generic_static_single.json	candidate	true	primary	1.0638593383654946	outer_selector_iterations_not_guaranteed_ansatz_depth	L;n_ph_work;outer_iteration_horizon;new_output_identity	physics_from_table_i_scaling_profile;Powell200;full_meta;parent_only	1	off	off	true	off	1	off	off	adapt_pipeline_internal_exact_gs_same_numeric	user_locked_scaling_matrix_profile_no_visible_higher_size_anchor	raw_outputs/paper_i_scaling_matrix_parent_powell200_20260710_v1/paper_i_scaling_matrix_parent_powell200_20260710_v1__bose_hubbard__bose_hubbard_L3_nph3_scaling_weak__snake__parent_powell200__iter30/stderr.log	raw_outputs/paper_i_scaling_matrix_parent_powell200_20260710_v1/paper_i_scaling_matrix_parent_powell200_20260710_v1__bose_hubbard__bose_hubbard_L3_nph3_scaling_weak__snake__parent_powell200__iter30/stdout.log	paper_i_scaling_matrix_20260710_v1
3	true	not_applicable	powell	not_applicable	off	static_geo_adapt_vqe	append_only_with_replacement	paper_i_scaling_matrix_parent_powell200_20260710_v1		200	bose_hubbard_L3_nph3_scaling_weak	raw_outputs/paper_i_scaling_matrix_parent_powell200_20260710_v1/paper_i_scaling_matrix_parent_powell200_20260710_v1__bose_hubbard__bose_hubbard_L3_nph3_scaling_weak__geo__parent_powell200__iter30/cell_manifest.json	macro_only	chtc/phase3_optuna/input/paper_i_scaling_matrix_parent_powell200_20260710_v1/paper_i_scaling_matrix_code.tar.gz	d0982f4696eaecdde533aaf2194af0900fb5fa7c4adde301056cbab80354c3fb	raw_outputs/paper_i_scaling_matrix_parent_powell200_20260710_v1/paper_i_scaling_matrix_parent_powell200_20260710_v1__bose_hubbard__bose_hubbard_L3_nph3_scaling_weak__geo__parent_powell200__iter30/adapt_iteration_progress.jsonl	weak	3a72b502b650d84bea7313ff	chtc/phase3_optuna/input/paper_i_scaling_matrix_parent_powell200_20260710_v1/exact_energy_manifest.json	5fff8c67abff10a229a1ecd82dc08a25bc211d723727a82257930447d920d296	same_cutoff_exact_diagonalization	pipelines.exact_bench.static_reference_metrics.exact_energy_for_spec	10	1.0638593383654946	3	30	bose_hubbard	1	off	off	fixed_horizon_no_target_v1	block_only_adjacent_repeat_after_full_pool_selection	not_applicable		not_applicable	false			not_applicable	false	not_applicable	cli:bose_hubbard_horizon	corrected_geo_append_estimator_accounting_20260710_v1	chtc/phase3_optuna/input/paper_i_scaling_matrix_parent_powell200_20260710_v1/implementation_lock.json	737fc83467002beaa820f1e411563c9877b5eaafb3dc203027c1e0d56fddff05	paper_i_scaling_matrix_parent_only	finite_size_cutoff_scaling_parent_generator_comparison	30	geo	Geo-ADAPT	3	3	true	POWELL	full_meta_parent_macro_generators_only_all_methods	off		30	200		off	200			200	full_meta_unfiltered	same_cutoff_abs_delta_e	paper_i_scaling_matrix_parent_powell200_20260710_v1__bose_hubbard__bose_hubbard_L3_nph3_scaling_weak__geo__parent_powell200__iter30	raw_outputs/paper_i_scaling_matrix_parent_powell200_20260710_v1/paper_i_scaling_matrix_parent_powell200_20260710_v1__bose_hubbard__bose_hubbard_L3_nph3_scaling_weak__geo__parent_powell200__iter30	1	32768	16384	1024	16	appendix_standard	raw_outputs/paper_i_scaling_matrix_parent_powell200_20260710_v1/paper_i_scaling_matrix_parent_powell200_20260710_v1__bose_hubbard__bose_hubbard_L3_nph3_scaling_weak__geo__parent_powell200__iter30/result/generic_static_single.json	candidate	true	primary	1.0638593383654946	outer_selector_iterations_not_guaranteed_ansatz_depth	L;n_ph_work;outer_iteration_horizon;new_output_identity	physics_from_table_i_scaling_profile;Powell200;full_meta;parent_only	1	off	off	not_applicable	off	1	off	off	generic_static_exact_energy_env	user_locked_scaling_matrix_profile_no_visible_higher_size_anchor	raw_outputs/paper_i_scaling_matrix_parent_powell200_20260710_v1/paper_i_scaling_matrix_parent_powell200_20260710_v1__bose_hubbard__bose_hubbard_L3_nph3_scaling_weak__geo__parent_powell200__iter30/stderr.log	raw_outputs/paper_i_scaling_matrix_parent_powell200_20260710_v1/paper_i_scaling_matrix_parent_powell200_20260710_v1__bose_hubbard__bose_hubbard_L3_nph3_scaling_weak__geo__parent_powell200__iter30/stdout.log	paper_i_scaling_matrix_20260710_v1
3	true	not_applicable	powell	not_applicable	off	static_full_meta_append_adapt_vqe	append_only_with_replacement	paper_i_scaling_matrix_parent_powell200_20260710_v1		200	bose_hubbard_L3_nph3_scaling_weak	raw_outputs/paper_i_scaling_matrix_parent_powell200_20260710_v1/paper_i_scaling_matrix_parent_powell200_20260710_v1__bose_hubbard__bose_hubbard_L3_nph3_scaling_weak__append__parent_powell200__iter30/cell_manifest.json	macro_only	chtc/phase3_optuna/input/paper_i_scaling_matrix_parent_powell200_20260710_v1/paper_i_scaling_matrix_code.tar.gz	d0982f4696eaecdde533aaf2194af0900fb5fa7c4adde301056cbab80354c3fb	raw_outputs/paper_i_scaling_matrix_parent_powell200_20260710_v1/paper_i_scaling_matrix_parent_powell200_20260710_v1__bose_hubbard__bose_hubbard_L3_nph3_scaling_weak__append__parent_powell200__iter30/adapt_iteration_progress.jsonl	weak	3a72b502b650d84bea7313ff	chtc/phase3_optuna/input/paper_i_scaling_matrix_parent_powell200_20260710_v1/exact_energy_manifest.json	5fff8c67abff10a229a1ecd82dc08a25bc211d723727a82257930447d920d296	same_cutoff_exact_diagonalization	pipelines.exact_bench.static_reference_metrics.exact_energy_for_spec	10	1.0638593383654946	3	30	bose_hubbard	1	off	off	fixed_horizon_no_target_v1	block_only_adjacent_repeat_after_full_pool_selection	not_applicable		not_applicable	false			not_applicable	false	not_applicable	cli:bose_hubbard_horizon	corrected_geo_append_estimator_accounting_20260710_v1	chtc/phase3_optuna/input/paper_i_scaling_matrix_parent_powell200_20260710_v1/implementation_lock.json	737fc83467002beaa820f1e411563c9877b5eaafb3dc203027c1e0d56fddff05	paper_i_scaling_matrix_parent_only	finite_size_cutoff_scaling_parent_generator_comparison	30	append	Append-ADAPT	3	3	true	POWELL	full_meta_parent_macro_generators_only_all_methods	off		30	200		off	200			200	full_meta_unfiltered	same_cutoff_abs_delta_e	paper_i_scaling_matrix_parent_powell200_20260710_v1__bose_hubbard__bose_hubbard_L3_nph3_scaling_weak__append__parent_powell200__iter30	raw_outputs/paper_i_scaling_matrix_parent_powell200_20260710_v1/paper_i_scaling_matrix_parent_powell200_20260710_v1__bose_hubbard__bose_hubbard_L3_nph3_scaling_weak__append__parent_powell200__iter30	1	32768	16384	1024	16	appendix_standard	raw_outputs/paper_i_scaling_matrix_parent_powell200_20260710_v1/paper_i_scaling_matrix_parent_powell200_20260710_v1__bose_hubbard__bose_hubbard_L3_nph3_scaling_weak__append__parent_powell200__iter30/result/generic_static_single.json	candidate	true	primary	1.0638593383654946	outer_selector_iterations_not_guaranteed_ansatz_depth	L;n_ph_work;outer_iteration_horizon;new_output_identity	physics_from_table_i_scaling_profile;Powell200;full_meta;parent_only	1	off	off	not_applicable	off	1	off	off	generic_static_exact_energy_env	user_locked_scaling_matrix_profile_no_visible_higher_size_anchor	raw_outputs/paper_i_scaling_matrix_parent_powell200_20260710_v1/paper_i_scaling_matrix_parent_powell200_20260710_v1__bose_hubbard__bose_hubbard_L3_nph3_scaling_weak__append__parent_powell200__iter30/stderr.log	raw_outputs/paper_i_scaling_matrix_parent_powell200_20260710_v1/paper_i_scaling_matrix_parent_powell200_20260710_v1__bose_hubbard__bose_hubbard_L3_nph3_scaling_weak__append__parent_powell200__iter30/stdout.log	paper_i_scaling_matrix_20260710_v1
3	true	2	powell	2	off	static_family_native_adapt_phase3	append_only_with_replacement	paper_i_scaling_matrix_parent_powell200_20260710_v1		200	bose_hubbard_L3_nph3_scaling_strong	raw_outputs/paper_i_scaling_matrix_parent_powell200_20260710_v1/paper_i_scaling_matrix_parent_powell200_20260710_v1__bose_hubbard__bose_hubbard_L3_nph3_scaling_strong__snake__parent_powell200__iter30/cell_manifest.json	macro_only	chtc/phase3_optuna/input/paper_i_scaling_matrix_parent_powell200_20260710_v1/paper_i_scaling_matrix_code.tar.gz	d0982f4696eaecdde533aaf2194af0900fb5fa7c4adde301056cbab80354c3fb	raw_outputs/paper_i_scaling_matrix_parent_powell200_20260710_v1/paper_i_scaling_matrix_parent_powell200_20260710_v1__bose_hubbard__bose_hubbard_L3_nph3_scaling_strong__snake__parent_powell200__iter30/result/bose_hubbard_L3_nph3_scaling_strong/json/current.json	strong	99df6519400f19a4d5d85cec	chtc/phase3_optuna/input/paper_i_scaling_matrix_parent_powell200_20260710_v1/exact_energy_manifest.json	5fff8c67abff10a229a1ecd82dc08a25bc211d723727a82257930447d920d296	same_cutoff_exact_diagonalization	pipelines.exact_bench.static_reference_metrics.exact_energy_for_spec	10	1.063859338365494	3	30	bose_hubbard	1	off	off		block_only_adjacent_repeat_after_full_pool_selection	not_applicable		not_applicable	false			not_applicable	false	not_applicable	cli:bose_hubbard_horizon	corrected_geo_append_estimator_accounting_20260710_v1	chtc/phase3_optuna/input/paper_i_scaling_matrix_parent_powell200_20260710_v1/implementation_lock.json	737fc83467002beaa820f1e411563c9877b5eaafb3dc203027c1e0d56fddff05	paper_i_scaling_matrix_parent_only	finite_size_cutoff_scaling_parent_generator_comparison	30	snake	SNAKE	3	3	true	POWELL	full_meta_parent_macro_generators_only_all_methods	off	2	30	200	2	off	200	chtc/phase3_optuna/input/paper_i_scaling_matrix_parent_powell200_20260710_v1/paper_i_scaling_matrix_snake_policy.json	65f535e90f932615d3e448ca92807c90b0af4657f2776916865c81111a0bcc4b	200	full_meta_unfiltered	same_cutoff_abs_delta_e	paper_i_scaling_matrix_parent_powell200_20260710_v1__bose_hubbard__bose_hubbard_L3_nph3_scaling_strong__snake__parent_powell200__iter30	raw_outputs/paper_i_scaling_matrix_parent_powell200_20260710_v1/paper_i_scaling_matrix_parent_powell200_20260710_v1__bose_hubbard__bose_hubbard_L3_nph3_scaling_strong__snake__parent_powell200__iter30	4	32768	16384	1024	16	appendix_standard	raw_outputs/paper_i_scaling_matrix_parent_powell200_20260710_v1/paper_i_scaling_matrix_parent_powell200_20260710_v1__bose_hubbard__bose_hubbard_L3_nph3_scaling_strong__snake__parent_powell200__iter30/result/generic_static_single.json	candidate	true	primary	1.063859338365494	outer_selector_iterations_not_guaranteed_ansatz_depth	L;n_ph_work;outer_iteration_horizon;new_output_identity	physics_from_table_i_scaling_profile;Powell200;full_meta;parent_only	1	off	off	true	off	1	off	off	adapt_pipeline_internal_exact_gs_same_numeric	user_locked_scaling_matrix_profile_no_visible_higher_size_anchor	raw_outputs/paper_i_scaling_matrix_parent_powell200_20260710_v1/paper_i_scaling_matrix_parent_powell200_20260710_v1__bose_hubbard__bose_hubbard_L3_nph3_scaling_strong__snake__parent_powell200__iter30/stderr.log	raw_outputs/paper_i_scaling_matrix_parent_powell200_20260710_v1/paper_i_scaling_matrix_parent_powell200_20260710_v1__bose_hubbard__bose_hubbard_L3_nph3_scaling_strong__snake__parent_powell200__iter30/stdout.log	paper_i_scaling_matrix_20260710_v1
3	true	not_applicable	powell	not_applicable	off	static_geo_adapt_vqe	append_only_with_replacement	paper_i_scaling_matrix_parent_powell200_20260710_v1		200	bose_hubbard_L3_nph3_scaling_strong	raw_outputs/paper_i_scaling_matrix_parent_powell200_20260710_v1/paper_i_scaling_matrix_parent_powell200_20260710_v1__bose_hubbard__bose_hubbard_L3_nph3_scaling_strong__geo__parent_powell200__iter30/cell_manifest.json	macro_only	chtc/phase3_optuna/input/paper_i_scaling_matrix_parent_powell200_20260710_v1/paper_i_scaling_matrix_code.tar.gz	d0982f4696eaecdde533aaf2194af0900fb5fa7c4adde301056cbab80354c3fb	raw_outputs/paper_i_scaling_matrix_parent_powell200_20260710_v1/paper_i_scaling_matrix_parent_powell200_20260710_v1__bose_hubbard__bose_hubbard_L3_nph3_scaling_strong__geo__parent_powell200__iter30/adapt_iteration_progress.jsonl	strong	99df6519400f19a4d5d85cec	chtc/phase3_optuna/input/paper_i_scaling_matrix_parent_powell200_20260710_v1/exact_energy_manifest.json	5fff8c67abff10a229a1ecd82dc08a25bc211d723727a82257930447d920d296	same_cutoff_exact_diagonalization	pipelines.exact_bench.static_reference_metrics.exact_energy_for_spec	10	1.063859338365494	3	30	bose_hubbard	1	off	off	fixed_horizon_no_target_v1	block_only_adjacent_repeat_after_full_pool_selection	not_applicable		not_applicable	false			not_applicable	false	not_applicable	cli:bose_hubbard_horizon	corrected_geo_append_estimator_accounting_20260710_v1	chtc/phase3_optuna/input/paper_i_scaling_matrix_parent_powell200_20260710_v1/implementation_lock.json	737fc83467002beaa820f1e411563c9877b5eaafb3dc203027c1e0d56fddff05	paper_i_scaling_matrix_parent_only	finite_size_cutoff_scaling_parent_generator_comparison	30	geo	Geo-ADAPT	3	3	true	POWELL	full_meta_parent_macro_generators_only_all_methods	off		30	200		off	200			200	full_meta_unfiltered	same_cutoff_abs_delta_e	paper_i_scaling_matrix_parent_powell200_20260710_v1__bose_hubbard__bose_hubbard_L3_nph3_scaling_strong__geo__parent_powell200__iter30	raw_outputs/paper_i_scaling_matrix_parent_powell200_20260710_v1/paper_i_scaling_matrix_parent_powell200_20260710_v1__bose_hubbard__bose_hubbard_L3_nph3_scaling_strong__geo__parent_powell200__iter30	1	32768	16384	1024	16	appendix_standard	raw_outputs/paper_i_scaling_matrix_parent_powell200_20260710_v1/paper_i_scaling_matrix_parent_powell200_20260710_v1__bose_hubbard__bose_hubbard_L3_nph3_scaling_strong__geo__parent_powell200__iter30/result/generic_static_single.json	candidate	true	primary	1.063859338365494	outer_selector_iterations_not_guaranteed_ansatz_depth	L;n_ph_work;outer_iteration_horizon;new_output_identity	physics_from_table_i_scaling_profile;Powell200;full_meta;parent_only	1	off	off	not_applicable	off	1	off	off	generic_static_exact_energy_env	user_locked_scaling_matrix_profile_no_visible_higher_size_anchor	raw_outputs/paper_i_scaling_matrix_parent_powell200_20260710_v1/paper_i_scaling_matrix_parent_powell200_20260710_v1__bose_hubbard__bose_hubbard_L3_nph3_scaling_strong__geo__parent_powell200__iter30/stderr.log	raw_outputs/paper_i_scaling_matrix_parent_powell200_20260710_v1/paper_i_scaling_matrix_parent_powell200_20260710_v1__bose_hubbard__bose_hubbard_L3_nph3_scaling_strong__geo__parent_powell200__iter30/stdout.log	paper_i_scaling_matrix_20260710_v1
3	true	not_applicable	powell	not_applicable	off	static_full_meta_append_adapt_vqe	append_only_with_replacement	paper_i_scaling_matrix_parent_powell200_20260710_v1		200	bose_hubbard_L3_nph3_scaling_strong	raw_outputs/paper_i_scaling_matrix_parent_powell200_20260710_v1/paper_i_scaling_matrix_parent_powell200_20260710_v1__bose_hubbard__bose_hubbard_L3_nph3_scaling_strong__append__parent_powell200__iter30/cell_manifest.json	macro_only	chtc/phase3_optuna/input/paper_i_scaling_matrix_parent_powell200_20260710_v1/paper_i_scaling_matrix_code.tar.gz	d0982f4696eaecdde533aaf2194af0900fb5fa7c4adde301056cbab80354c3fb	raw_outputs/paper_i_scaling_matrix_parent_powell200_20260710_v1/paper_i_scaling_matrix_parent_powell200_20260710_v1__bose_hubbard__bose_hubbard_L3_nph3_scaling_strong__append__parent_powell200__iter30/adapt_iteration_progress.jsonl	strong	99df6519400f19a4d5d85cec	chtc/phase3_optuna/input/paper_i_scaling_matrix_parent_powell200_20260710_v1/exact_energy_manifest.json	5fff8c67abff10a229a1ecd82dc08a25bc211d723727a82257930447d920d296	same_cutoff_exact_diagonalization	pipelines.exact_bench.static_reference_metrics.exact_energy_for_spec	10	1.063859338365494	3	30	bose_hubbard	1	off	off	fixed_horizon_no_target_v1	block_only_adjacent_repeat_after_full_pool_selection	not_applicable		not_applicable	false			not_applicable	false	not_applicable	cli:bose_hubbard_horizon	corrected_geo_append_estimator_accounting_20260710_v1	chtc/phase3_optuna/input/paper_i_scaling_matrix_parent_powell200_20260710_v1/implementation_lock.json	737fc83467002beaa820f1e411563c9877b5eaafb3dc203027c1e0d56fddff05	paper_i_scaling_matrix_parent_only	finite_size_cutoff_scaling_parent_generator_comparison	30	append	Append-ADAPT	3	3	true	POWELL	full_meta_parent_macro_generators_only_all_methods	off		30	200		off	200			200	full_meta_unfiltered	same_cutoff_abs_delta_e	paper_i_scaling_matrix_parent_powell200_20260710_v1__bose_hubbard__bose_hubbard_L3_nph3_scaling_strong__append__parent_powell200__iter30	raw_outputs/paper_i_scaling_matrix_parent_powell200_20260710_v1/paper_i_scaling_matrix_parent_powell200_20260710_v1__bose_hubbard__bose_hubbard_L3_nph3_scaling_strong__append__parent_powell200__iter30	1	32768	16384	1024	16	appendix_standard	raw_outputs/paper_i_scaling_matrix_parent_powell200_20260710_v1/paper_i_scaling_matrix_parent_powell200_20260710_v1__bose_hubbard__bose_hubbard_L3_nph3_scaling_strong__append__parent_powell200__iter30/result/generic_static_single.json	candidate	true	primary	1.063859338365494	outer_selector_iterations_not_guaranteed_ansatz_depth	L;n_ph_work;outer_iteration_horizon;new_output_identity	physics_from_table_i_scaling_profile;Powell200;full_meta;parent_only	1	off	off	not_applicable	off	1	off	off	generic_static_exact_energy_env	user_locked_scaling_matrix_profile_no_visible_higher_size_anchor	raw_outputs/paper_i_scaling_matrix_parent_powell200_20260710_v1/paper_i_scaling_matrix_parent_powell200_20260710_v1__bose_hubbard__bose_hubbard_L3_nph3_scaling_strong__append__parent_powell200__iter30/stderr.log	raw_outputs/paper_i_scaling_matrix_parent_powell200_20260710_v1/paper_i_scaling_matrix_parent_powell200_20260710_v1__bose_hubbard__bose_hubbard_L3_nph3_scaling_strong__append__parent_powell200__iter30/stdout.log	paper_i_scaling_matrix_20260710_v1
3	true	2	powell	2	off	static_family_native_adapt_phase3	append_only_with_replacement	paper_i_scaling_matrix_parent_powell200_20260710_v1		200	bose_hubbard_L3_nph2_scaling_weak	raw_outputs/paper_i_scaling_matrix_parent_powell200_20260710_v1/paper_i_scaling_matrix_parent_powell200_20260710_v1__bose_hubbard__bose_hubbard_L3_nph2_scaling_weak__snake__parent_powell200__iter30/cell_manifest.json	macro_only	chtc/phase3_optuna/input/paper_i_scaling_matrix_parent_powell200_20260710_v1/paper_i_scaling_matrix_code.tar.gz	d0982f4696eaecdde533aaf2194af0900fb5fa7c4adde301056cbab80354c3fb	raw_outputs/paper_i_scaling_matrix_parent_powell200_20260710_v1/paper_i_scaling_matrix_parent_powell200_20260710_v1__bose_hubbard__bose_hubbard_L3_nph2_scaling_weak__snake__parent_powell200__iter30/result/bose_hubbard_L3_nph2_scaling_weak/json/current.json	weak	a18140a70bb1b120834d8863	chtc/phase3_optuna/input/paper_i_scaling_matrix_parent_powell200_20260710_v1/exact_energy_manifest.json	5fff8c67abff10a229a1ecd82dc08a25bc211d723727a82257930447d920d296	same_cutoff_exact_diagonalization	pipelines.exact_bench.static_reference_metrics.exact_energy_for_spec	10	1.0638593383654928	2	30	bose_hubbard	1	off	off		block_only_adjacent_repeat_after_full_pool_selection	not_applicable		not_applicable	false			not_applicable	false	not_applicable	cli:bose_hubbard_horizon	corrected_geo_append_estimator_accounting_20260710_v1	chtc/phase3_optuna/input/paper_i_scaling_matrix_parent_powell200_20260710_v1/implementation_lock.json	737fc83467002beaa820f1e411563c9877b5eaafb3dc203027c1e0d56fddff05	paper_i_scaling_matrix_parent_only	finite_size_cutoff_scaling_parent_generator_comparison	30	snake	SNAKE	2	2	true	POWELL	full_meta_parent_macro_generators_only_all_methods	off	2	30	200	2	off	200	chtc/phase3_optuna/input/paper_i_scaling_matrix_parent_powell200_20260710_v1/paper_i_scaling_matrix_snake_policy.json	65f535e90f932615d3e448ca92807c90b0af4657f2776916865c81111a0bcc4b	200	full_meta_unfiltered	same_cutoff_abs_delta_e	paper_i_scaling_matrix_parent_powell200_20260710_v1__bose_hubbard__bose_hubbard_L3_nph2_scaling_weak__snake__parent_powell200__iter30	raw_outputs/paper_i_scaling_matrix_parent_powell200_20260710_v1/paper_i_scaling_matrix_parent_powell200_20260710_v1__bose_hubbard__bose_hubbard_L3_nph2_scaling_weak__snake__parent_powell200__iter30	4	32768	16384	1024	16	appendix_standard	raw_outputs/paper_i_scaling_matrix_parent_powell200_20260710_v1/paper_i_scaling_matrix_parent_powell200_20260710_v1__bose_hubbard__bose_hubbard_L3_nph2_scaling_weak__snake__parent_powell200__iter30/result/generic_static_single.json	candidate	true	primary	1.0638593383654928	outer_selector_iterations_not_guaranteed_ansatz_depth	L;n_ph_work;outer_iteration_horizon;new_output_identity	physics_from_table_i_scaling_profile;Powell200;full_meta;parent_only	1	off	off	true	off	1	off	off	adapt_pipeline_internal_exact_gs_same_numeric	user_locked_scaling_matrix_profile_no_visible_higher_size_anchor	raw_outputs/paper_i_scaling_matrix_parent_powell200_20260710_v1/paper_i_scaling_matrix_parent_powell200_20260710_v1__bose_hubbard__bose_hubbard_L3_nph2_scaling_weak__snake__parent_powell200__iter30/stderr.log	raw_outputs/paper_i_scaling_matrix_parent_powell200_20260710_v1/paper_i_scaling_matrix_parent_powell200_20260710_v1__bose_hubbard__bose_hubbard_L3_nph2_scaling_weak__snake__parent_powell200__iter30/stdout.log	paper_i_scaling_matrix_20260710_v1
3	true	not_applicable	powell	not_applicable	off	static_geo_adapt_vqe	append_only_with_replacement	paper_i_scaling_matrix_parent_powell200_20260710_v1		200	bose_hubbard_L3_nph2_scaling_weak	raw_outputs/paper_i_scaling_matrix_parent_powell200_20260710_v1/paper_i_scaling_matrix_parent_powell200_20260710_v1__bose_hubbard__bose_hubbard_L3_nph2_scaling_weak__geo__parent_powell200__iter30/cell_manifest.json	macro_only	chtc/phase3_optuna/input/paper_i_scaling_matrix_parent_powell200_20260710_v1/paper_i_scaling_matrix_code.tar.gz	d0982f4696eaecdde533aaf2194af0900fb5fa7c4adde301056cbab80354c3fb	raw_outputs/paper_i_scaling_matrix_parent_powell200_20260710_v1/paper_i_scaling_matrix_parent_powell200_20260710_v1__bose_hubbard__bose_hubbard_L3_nph2_scaling_weak__geo__parent_powell200__iter30/adapt_iteration_progress.jsonl	weak	a18140a70bb1b120834d8863	chtc/phase3_optuna/input/paper_i_scaling_matrix_parent_powell200_20260710_v1/exact_energy_manifest.json	5fff8c67abff10a229a1ecd82dc08a25bc211d723727a82257930447d920d296	same_cutoff_exact_diagonalization	pipelines.exact_bench.static_reference_metrics.exact_energy_for_spec	10	1.0638593383654928	2	30	bose_hubbard	1	off	off	fixed_horizon_no_target_v1	block_only_adjacent_repeat_after_full_pool_selection	not_applicable		not_applicable	false			not_applicable	false	not_applicable	cli:bose_hubbard_horizon	corrected_geo_append_estimator_accounting_20260710_v1	chtc/phase3_optuna/input/paper_i_scaling_matrix_parent_powell200_20260710_v1/implementation_lock.json	737fc83467002beaa820f1e411563c9877b5eaafb3dc203027c1e0d56fddff05	paper_i_scaling_matrix_parent_only	finite_size_cutoff_scaling_parent_generator_comparison	30	geo	Geo-ADAPT	2	2	true	POWELL	full_meta_parent_macro_generators_only_all_methods	off		30	200		off	200			200	full_meta_unfiltered	same_cutoff_abs_delta_e	paper_i_scaling_matrix_parent_powell200_20260710_v1__bose_hubbard__bose_hubbard_L3_nph2_scaling_weak__geo__parent_powell200__iter30	raw_outputs/paper_i_scaling_matrix_parent_powell200_20260710_v1/paper_i_scaling_matrix_parent_powell200_20260710_v1__bose_hubbard__bose_hubbard_L3_nph2_scaling_weak__geo__parent_powell200__iter30	1	32768	16384	1024	16	appendix_standard	raw_outputs/paper_i_scaling_matrix_parent_powell200_20260710_v1/paper_i_scaling_matrix_parent_powell200_20260710_v1__bose_hubbard__bose_hubbard_L3_nph2_scaling_weak__geo__parent_powell200__iter30/result/generic_static_single.json	candidate	true	primary	1.0638593383654928	outer_selector_iterations_not_guaranteed_ansatz_depth	L;n_ph_work;outer_iteration_horizon;new_output_identity	physics_from_table_i_scaling_profile;Powell200;full_meta;parent_only	1	off	off	not_applicable	off	1	off	off	generic_static_exact_energy_env	user_locked_scaling_matrix_profile_no_visible_higher_size_anchor	raw_outputs/paper_i_scaling_matrix_parent_powell200_20260710_v1/paper_i_scaling_matrix_parent_powell200_20260710_v1__bose_hubbard__bose_hubbard_L3_nph2_scaling_weak__geo__parent_powell200__iter30/stderr.log	raw_outputs/paper_i_scaling_matrix_parent_powell200_20260710_v1/paper_i_scaling_matrix_parent_powell200_20260710_v1__bose_hubbard__bose_hubbard_L3_nph2_scaling_weak__geo__parent_powell200__iter30/stdout.log	paper_i_scaling_matrix_20260710_v1
3	true	not_applicable	powell	not_applicable	off	static_full_meta_append_adapt_vqe	append_only_with_replacement	paper_i_scaling_matrix_parent_powell200_20260710_v1		200	bose_hubbard_L3_nph2_scaling_weak	raw_outputs/paper_i_scaling_matrix_parent_powell200_20260710_v1/paper_i_scaling_matrix_parent_powell200_20260710_v1__bose_hubbard__bose_hubbard_L3_nph2_scaling_weak__append__parent_powell200__iter30/cell_manifest.json	macro_only	chtc/phase3_optuna/input/paper_i_scaling_matrix_parent_powell200_20260710_v1/paper_i_scaling_matrix_code.tar.gz	d0982f4696eaecdde533aaf2194af0900fb5fa7c4adde301056cbab80354c3fb	raw_outputs/paper_i_scaling_matrix_parent_powell200_20260710_v1/paper_i_scaling_matrix_parent_powell200_20260710_v1__bose_hubbard__bose_hubbard_L3_nph2_scaling_weak__append__parent_powell200__iter30/adapt_iteration_progress.jsonl	weak	a18140a70bb1b120834d8863	chtc/phase3_optuna/input/paper_i_scaling_matrix_parent_powell200_20260710_v1/exact_energy_manifest.json	5fff8c67abff10a229a1ecd82dc08a25bc211d723727a82257930447d920d296	same_cutoff_exact_diagonalization	pipelines.exact_bench.static_reference_metrics.exact_energy_for_spec	10	1.0638593383654928	2	30	bose_hubbard	1	off	off	fixed_horizon_no_target_v1	block_only_adjacent_repeat_after_full_pool_selection	not_applicable		not_applicable	false			not_applicable	false	not_applicable	cli:bose_hubbard_horizon	corrected_geo_append_estimator_accounting_20260710_v1	chtc/phase3_optuna/input/paper_i_scaling_matrix_parent_powell200_20260710_v1/implementation_lock.json	737fc83467002beaa820f1e411563c9877b5eaafb3dc203027c1e0d56fddff05	paper_i_scaling_matrix_parent_only	finite_size_cutoff_scaling_parent_generator_comparison	30	append	Append-ADAPT	2	2	true	POWELL	full_meta_parent_macro_generators_only_all_methods	off		30	200		off	200			200	full_meta_unfiltered	same_cutoff_abs_delta_e	paper_i_scaling_matrix_parent_powell200_20260710_v1__bose_hubbard__bose_hubbard_L3_nph2_scaling_weak__append__parent_powell200__iter30	raw_outputs/paper_i_scaling_matrix_parent_powell200_20260710_v1/paper_i_scaling_matrix_parent_powell200_20260710_v1__bose_hubbard__bose_hubbard_L3_nph2_scaling_weak__append__parent_powell200__iter30	1	32768	16384	1024	16	appendix_standard	raw_outputs/paper_i_scaling_matrix_parent_powell200_20260710_v1/paper_i_scaling_matrix_parent_powell200_20260710_v1__bose_hubbard__bose_hubbard_L3_nph2_scaling_weak__append__parent_powell200__iter30/result/generic_static_single.json	candidate	true	primary	1.0638593383654928	outer_selector_iterations_not_guaranteed_ansatz_depth	L;n_ph_work;outer_iteration_horizon;new_output_identity	physics_from_table_i_scaling_profile;Powell200;full_meta;parent_only	1	off	off	not_applicable	off	1	off	off	generic_static_exact_energy_env	user_locked_scaling_matrix_profile_no_visible_higher_size_anchor	raw_outputs/paper_i_scaling_matrix_parent_powell200_20260710_v1/paper_i_scaling_matrix_parent_powell200_20260710_v1__bose_hubbard__bose_hubbard_L3_nph2_scaling_weak__append__parent_powell200__iter30/stderr.log	raw_outputs/paper_i_scaling_matrix_parent_powell200_20260710_v1/paper_i_scaling_matrix_parent_powell200_20260710_v1__bose_hubbard__bose_hubbard_L3_nph2_scaling_weak__append__parent_powell200__iter30/stdout.log	paper_i_scaling_matrix_20260710_v1
3	true	2	powell	2	off	static_family_native_adapt_phase3	append_only_with_replacement	paper_i_scaling_matrix_parent_powell200_20260710_v1		200	bose_hubbard_L3_nph2_scaling_strong	raw_outputs/paper_i_scaling_matrix_parent_powell200_20260710_v1/paper_i_scaling_matrix_parent_powell200_20260710_v1__bose_hubbard__bose_hubbard_L3_nph2_scaling_strong__snake__parent_powell200__iter30/cell_manifest.json	macro_only	chtc/phase3_optuna/input/paper_i_scaling_matrix_parent_powell200_20260710_v1/paper_i_scaling_matrix_code.tar.gz	d0982f4696eaecdde533aaf2194af0900fb5fa7c4adde301056cbab80354c3fb	raw_outputs/paper_i_scaling_matrix_parent_powell200_20260710_v1/paper_i_scaling_matrix_parent_powell200_20260710_v1__bose_hubbard__bose_hubbard_L3_nph2_scaling_strong__snake__parent_powell200__iter30/result/bose_hubbard_L3_nph2_scaling_strong/json/current.json	strong	8ca7119b1889e225aabb35e3	chtc/phase3_optuna/input/paper_i_scaling_matrix_parent_powell200_20260710_v1/exact_energy_manifest.json	5fff8c67abff10a229a1ecd82dc08a25bc211d723727a82257930447d920d296	same_cutoff_exact_diagonalization	pipelines.exact_bench.static_reference_metrics.exact_energy_for_spec	10	1.0638593383654915	2	30	bose_hubbard	1	off	off		block_only_adjacent_repeat_after_full_pool_selection	not_applicable		not_applicable	false			not_applicable	false	not_applicable	cli:bose_hubbard_horizon	corrected_geo_append_estimator_accounting_20260710_v1	chtc/phase3_optuna/input/paper_i_scaling_matrix_parent_powell200_20260710_v1/implementation_lock.json	737fc83467002beaa820f1e411563c9877b5eaafb3dc203027c1e0d56fddff05	paper_i_scaling_matrix_parent_only	finite_size_cutoff_scaling_parent_generator_comparison	30	snake	SNAKE	2	2	true	POWELL	full_meta_parent_macro_generators_only_all_methods	off	2	30	200	2	off	200	chtc/phase3_optuna/input/paper_i_scaling_matrix_parent_powell200_20260710_v1/paper_i_scaling_matrix_snake_policy.json	65f535e90f932615d3e448ca92807c90b0af4657f2776916865c81111a0bcc4b	200	full_meta_unfiltered	same_cutoff_abs_delta_e	paper_i_scaling_matrix_parent_powell200_20260710_v1__bose_hubbard__bose_hubbard_L3_nph2_scaling_strong__snake__parent_powell200__iter30	raw_outputs/paper_i_scaling_matrix_parent_powell200_20260710_v1/paper_i_scaling_matrix_parent_powell200_20260710_v1__bose_hubbard__bose_hubbard_L3_nph2_scaling_strong__snake__parent_powell200__iter30	4	32768	16384	1024	16	appendix_standard	raw_outputs/paper_i_scaling_matrix_parent_powell200_20260710_v1/paper_i_scaling_matrix_parent_powell200_20260710_v1__bose_hubbard__bose_hubbard_L3_nph2_scaling_strong__snake__parent_powell200__iter30/result/generic_static_single.json	candidate	true	primary	1.0638593383654915	outer_selector_iterations_not_guaranteed_ansatz_depth	L;n_ph_work;outer_iteration_horizon;new_output_identity	physics_from_table_i_scaling_profile;Powell200;full_meta;parent_only	1	off	off	true	off	1	off	off	adapt_pipeline_internal_exact_gs_same_numeric	user_locked_scaling_matrix_profile_no_visible_higher_size_anchor	raw_outputs/paper_i_scaling_matrix_parent_powell200_20260710_v1/paper_i_scaling_matrix_parent_powell200_20260710_v1__bose_hubbard__bose_hubbard_L3_nph2_scaling_strong__snake__parent_powell200__iter30/stderr.log	raw_outputs/paper_i_scaling_matrix_parent_powell200_20260710_v1/paper_i_scaling_matrix_parent_powell200_20260710_v1__bose_hubbard__bose_hubbard_L3_nph2_scaling_strong__snake__parent_powell200__iter30/stdout.log	paper_i_scaling_matrix_20260710_v1
3	true	not_applicable	powell	not_applicable	off	static_geo_adapt_vqe	append_only_with_replacement	paper_i_scaling_matrix_parent_powell200_20260710_v1		200	bose_hubbard_L3_nph2_scaling_strong	raw_outputs/paper_i_scaling_matrix_parent_powell200_20260710_v1/paper_i_scaling_matrix_parent_powell200_20260710_v1__bose_hubbard__bose_hubbard_L3_nph2_scaling_strong__geo__parent_powell200__iter30/cell_manifest.json	macro_only	chtc/phase3_optuna/input/paper_i_scaling_matrix_parent_powell200_20260710_v1/paper_i_scaling_matrix_code.tar.gz	d0982f4696eaecdde533aaf2194af0900fb5fa7c4adde301056cbab80354c3fb	raw_outputs/paper_i_scaling_matrix_parent_powell200_20260710_v1/paper_i_scaling_matrix_parent_powell200_20260710_v1__bose_hubbard__bose_hubbard_L3_nph2_scaling_strong__geo__parent_powell200__iter30/adapt_iteration_progress.jsonl	strong	8ca7119b1889e225aabb35e3	chtc/phase3_optuna/input/paper_i_scaling_matrix_parent_powell200_20260710_v1/exact_energy_manifest.json	5fff8c67abff10a229a1ecd82dc08a25bc211d723727a82257930447d920d296	same_cutoff_exact_diagonalization	pipelines.exact_bench.static_reference_metrics.exact_energy_for_spec	10	1.0638593383654915	2	30	bose_hubbard	1	off	off	fixed_horizon_no_target_v1	block_only_adjacent_repeat_after_full_pool_selection	not_applicable		not_applicable	false			not_applicable	false	not_applicable	cli:bose_hubbard_horizon	corrected_geo_append_estimator_accounting_20260710_v1	chtc/phase3_optuna/input/paper_i_scaling_matrix_parent_powell200_20260710_v1/implementation_lock.json	737fc83467002beaa820f1e411563c9877b5eaafb3dc203027c1e0d56fddff05	paper_i_scaling_matrix_parent_only	finite_size_cutoff_scaling_parent_generator_comparison	30	geo	Geo-ADAPT	2	2	true	POWELL	full_meta_parent_macro_generators_only_all_methods	off		30	200		off	200			200	full_meta_unfiltered	same_cutoff_abs_delta_e	paper_i_scaling_matrix_parent_powell200_20260710_v1__bose_hubbard__bose_hubbard_L3_nph2_scaling_strong__geo__parent_powell200__iter30	raw_outputs/paper_i_scaling_matrix_parent_powell200_20260710_v1/paper_i_scaling_matrix_parent_powell200_20260710_v1__bose_hubbard__bose_hubbard_L3_nph2_scaling_strong__geo__parent_powell200__iter30	1	32768	16384	1024	16	appendix_standard	raw_outputs/paper_i_scaling_matrix_parent_powell200_20260710_v1/paper_i_scaling_matrix_parent_powell200_20260710_v1__bose_hubbard__bose_hubbard_L3_nph2_scaling_strong__geo__parent_powell200__iter30/result/generic_static_single.json	candidate	true	primary	1.0638593383654915	outer_selector_iterations_not_guaranteed_ansatz_depth	L;n_ph_work;outer_iteration_horizon;new_output_identity	physics_from_table_i_scaling_profile;Powell200;full_meta;parent_only	1	off	off	not_applicable	off	1	off	off	generic_static_exact_energy_env	user_locked_scaling_matrix_profile_no_visible_higher_size_anchor	raw_outputs/paper_i_scaling_matrix_parent_powell200_20260710_v1/paper_i_scaling_matrix_parent_powell200_20260710_v1__bose_hubbard__bose_hubbard_L3_nph2_scaling_strong__geo__parent_powell200__iter30/stderr.log	raw_outputs/paper_i_scaling_matrix_parent_powell200_20260710_v1/paper_i_scaling_matrix_parent_powell200_20260710_v1__bose_hubbard__bose_hubbard_L3_nph2_scaling_strong__geo__parent_powell200__iter30/stdout.log	paper_i_scaling_matrix_20260710_v1
3	true	not_applicable	powell	not_applicable	off	static_full_meta_append_adapt_vqe	append_only_with_replacement	paper_i_scaling_matrix_parent_powell200_20260710_v1		200	bose_hubbard_L3_nph2_scaling_strong	raw_outputs/paper_i_scaling_matrix_parent_powell200_20260710_v1/paper_i_scaling_matrix_parent_powell200_20260710_v1__bose_hubbard__bose_hubbard_L3_nph2_scaling_strong__append__parent_powell200__iter30/cell_manifest.json	macro_only	chtc/phase3_optuna/input/paper_i_scaling_matrix_parent_powell200_20260710_v1/paper_i_scaling_matrix_code.tar.gz	d0982f4696eaecdde533aaf2194af0900fb5fa7c4adde301056cbab80354c3fb	raw_outputs/paper_i_scaling_matrix_parent_powell200_20260710_v1/paper_i_scaling_matrix_parent_powell200_20260710_v1__bose_hubbard__bose_hubbard_L3_nph2_scaling_strong__append__parent_powell200__iter30/adapt_iteration_progress.jsonl	strong	8ca7119b1889e225aabb35e3	chtc/phase3_optuna/input/paper_i_scaling_matrix_parent_powell200_20260710_v1/exact_energy_manifest.json	5fff8c67abff10a229a1ecd82dc08a25bc211d723727a82257930447d920d296	same_cutoff_exact_diagonalization	pipelines.exact_bench.static_reference_metrics.exact_energy_for_spec	10	1.0638593383654915	2	30	bose_hubbard	1	off	off	fixed_horizon_no_target_v1	block_only_adjacent_repeat_after_full_pool_selection	not_applicable		not_applicable	false			not_applicable	false	not_applicable	cli:bose_hubbard_horizon	corrected_geo_append_estimator_accounting_20260710_v1	chtc/phase3_optuna/input/paper_i_scaling_matrix_parent_powell200_20260710_v1/implementation_lock.json	737fc83467002beaa820f1e411563c9877b5eaafb3dc203027c1e0d56fddff05	paper_i_scaling_matrix_parent_only	finite_size_cutoff_scaling_parent_generator_comparison	30	append	Append-ADAPT	2	2	true	POWELL	full_meta_parent_macro_generators_only_all_methods	off		30	200		off	200			200	full_meta_unfiltered	same_cutoff_abs_delta_e	paper_i_scaling_matrix_parent_powell200_20260710_v1__bose_hubbard__bose_hubbard_L3_nph2_scaling_strong__append__parent_powell200__iter30	raw_outputs/paper_i_scaling_matrix_parent_powell200_20260710_v1/paper_i_scaling_matrix_parent_powell200_20260710_v1__bose_hubbard__bose_hubbard_L3_nph2_scaling_strong__append__parent_powell200__iter30	1	32768	16384	1024	16	appendix_standard	raw_outputs/paper_i_scaling_matrix_parent_powell200_20260710_v1/paper_i_scaling_matrix_parent_powell200_20260710_v1__bose_hubbard__bose_hubbard_L3_nph2_scaling_strong__append__parent_powell200__iter30/result/generic_static_single.json	candidate	true	primary	1.0638593383654915	outer_selector_iterations_not_guaranteed_ansatz_depth	L;n_ph_work;outer_iteration_horizon;new_output_identity	physics_from_table_i_scaling_profile;Powell200;full_meta;parent_only	1	off	off	not_applicable	off	1	off	off	generic_static_exact_energy_env	user_locked_scaling_matrix_profile_no_visible_higher_size_anchor	raw_outputs/paper_i_scaling_matrix_parent_powell200_20260710_v1/paper_i_scaling_matrix_parent_powell200_20260710_v1__bose_hubbard__bose_hubbard_L3_nph2_scaling_strong__append__parent_powell200__iter30/stderr.log	raw_outputs/paper_i_scaling_matrix_parent_powell200_20260710_v1/paper_i_scaling_matrix_parent_powell200_20260710_v1__bose_hubbard__bose_hubbard_L3_nph2_scaling_strong__append__parent_powell200__iter30/stdout.log	paper_i_scaling_matrix_20260710_v1
4	true	2	powell	2	off	static_family_native_adapt_phase3	append_only_with_replacement	paper_i_scaling_matrix_parent_powell200_20260710_v1		200	bose_hubbard_L4_nph1_scaling_weak	raw_outputs/paper_i_scaling_matrix_parent_powell200_20260710_v1/paper_i_scaling_matrix_parent_powell200_20260710_v1__bose_hubbard__bose_hubbard_L4_nph1_scaling_weak__snake__parent_powell200__iter30/cell_manifest.json	macro_only	chtc/phase3_optuna/input/paper_i_scaling_matrix_parent_powell200_20260710_v1/paper_i_scaling_matrix_code.tar.gz	d0982f4696eaecdde533aaf2194af0900fb5fa7c4adde301056cbab80354c3fb	raw_outputs/paper_i_scaling_matrix_parent_powell200_20260710_v1/paper_i_scaling_matrix_parent_powell200_20260710_v1__bose_hubbard__bose_hubbard_L4_nph1_scaling_weak__snake__parent_powell200__iter30/result/bose_hubbard_L4_nph1_scaling_weak/json/current.json	weak	946bf7424f2720aed8ec6a1d	chtc/phase3_optuna/input/paper_i_scaling_matrix_parent_powell200_20260710_v1/exact_energy_manifest.json	5fff8c67abff10a229a1ecd82dc08a25bc211d723727a82257930447d920d296	same_cutoff_exact_diagonalization	pipelines.exact_bench.static_reference_metrics.exact_energy_for_spec	10	1.3627663609765728	1	30	bose_hubbard	1	off	off		block_only_adjacent_repeat_after_full_pool_selection	not_applicable		not_applicable	false			not_applicable	false	not_applicable	cli:bose_hubbard_horizon	corrected_geo_append_estimator_accounting_20260710_v1	chtc/phase3_optuna/input/paper_i_scaling_matrix_parent_powell200_20260710_v1/implementation_lock.json	737fc83467002beaa820f1e411563c9877b5eaafb3dc203027c1e0d56fddff05	paper_i_scaling_matrix_parent_only	finite_size_cutoff_scaling_parent_generator_comparison	30	snake	SNAKE	1	1	true	POWELL	full_meta_parent_macro_generators_only_all_methods	off	2	30	200	2	off	200	chtc/phase3_optuna/input/paper_i_scaling_matrix_parent_powell200_20260710_v1/paper_i_scaling_matrix_snake_policy.json	65f535e90f932615d3e448ca92807c90b0af4657f2776916865c81111a0bcc4b	200	full_meta_unfiltered	same_cutoff_abs_delta_e	paper_i_scaling_matrix_parent_powell200_20260710_v1__bose_hubbard__bose_hubbard_L4_nph1_scaling_weak__snake__parent_powell200__iter30	raw_outputs/paper_i_scaling_matrix_parent_powell200_20260710_v1/paper_i_scaling_matrix_parent_powell200_20260710_v1__bose_hubbard__bose_hubbard_L4_nph1_scaling_weak__snake__parent_powell200__iter30	4	32768	16384	1024	16	appendix_standard	raw_outputs/paper_i_scaling_matrix_parent_powell200_20260710_v1/paper_i_scaling_matrix_parent_powell200_20260710_v1__bose_hubbard__bose_hubbard_L4_nph1_scaling_weak__snake__parent_powell200__iter30/result/generic_static_single.json	candidate	true	primary	1.3627663609765728	outer_selector_iterations_not_guaranteed_ansatz_depth	L;n_ph_work;outer_iteration_horizon;new_output_identity	physics_from_table_i_scaling_profile;Powell200;full_meta;parent_only	1	off	off	true	off	1	off	off	adapt_pipeline_internal_exact_gs_same_numeric	user_locked_scaling_matrix_profile_no_visible_higher_size_anchor	raw_outputs/paper_i_scaling_matrix_parent_powell200_20260710_v1/paper_i_scaling_matrix_parent_powell200_20260710_v1__bose_hubbard__bose_hubbard_L4_nph1_scaling_weak__snake__parent_powell200__iter30/stderr.log	raw_outputs/paper_i_scaling_matrix_parent_powell200_20260710_v1/paper_i_scaling_matrix_parent_powell200_20260710_v1__bose_hubbard__bose_hubbard_L4_nph1_scaling_weak__snake__parent_powell200__iter30/stdout.log	paper_i_scaling_matrix_20260710_v1
4	true	not_applicable	powell	not_applicable	off	static_geo_adapt_vqe	append_only_with_replacement	paper_i_scaling_matrix_parent_powell200_20260710_v1		200	bose_hubbard_L4_nph1_scaling_weak	raw_outputs/paper_i_scaling_matrix_parent_powell200_20260710_v1/paper_i_scaling_matrix_parent_powell200_20260710_v1__bose_hubbard__bose_hubbard_L4_nph1_scaling_weak__geo__parent_powell200__iter30/cell_manifest.json	macro_only	chtc/phase3_optuna/input/paper_i_scaling_matrix_parent_powell200_20260710_v1/paper_i_scaling_matrix_code.tar.gz	d0982f4696eaecdde533aaf2194af0900fb5fa7c4adde301056cbab80354c3fb	raw_outputs/paper_i_scaling_matrix_parent_powell200_20260710_v1/paper_i_scaling_matrix_parent_powell200_20260710_v1__bose_hubbard__bose_hubbard_L4_nph1_scaling_weak__geo__parent_powell200__iter30/adapt_iteration_progress.jsonl	weak	946bf7424f2720aed8ec6a1d	chtc/phase3_optuna/input/paper_i_scaling_matrix_parent_powell200_20260710_v1/exact_energy_manifest.json	5fff8c67abff10a229a1ecd82dc08a25bc211d723727a82257930447d920d296	same_cutoff_exact_diagonalization	pipelines.exact_bench.static_reference_metrics.exact_energy_for_spec	10	1.3627663609765728	1	30	bose_hubbard	1	off	off	fixed_horizon_no_target_v1	block_only_adjacent_repeat_after_full_pool_selection	not_applicable		not_applicable	false			not_applicable	false	not_applicable	cli:bose_hubbard_horizon	corrected_geo_append_estimator_accounting_20260710_v1	chtc/phase3_optuna/input/paper_i_scaling_matrix_parent_powell200_20260710_v1/implementation_lock.json	737fc83467002beaa820f1e411563c9877b5eaafb3dc203027c1e0d56fddff05	paper_i_scaling_matrix_parent_only	finite_size_cutoff_scaling_parent_generator_comparison	30	geo	Geo-ADAPT	1	1	true	POWELL	full_meta_parent_macro_generators_only_all_methods	off		30	200		off	200			200	full_meta_unfiltered	same_cutoff_abs_delta_e	paper_i_scaling_matrix_parent_powell200_20260710_v1__bose_hubbard__bose_hubbard_L4_nph1_scaling_weak__geo__parent_powell200__iter30	raw_outputs/paper_i_scaling_matrix_parent_powell200_20260710_v1/paper_i_scaling_matrix_parent_powell200_20260710_v1__bose_hubbard__bose_hubbard_L4_nph1_scaling_weak__geo__parent_powell200__iter30	1	32768	16384	1024	16	appendix_standard	raw_outputs/paper_i_scaling_matrix_parent_powell200_20260710_v1/paper_i_scaling_matrix_parent_powell200_20260710_v1__bose_hubbard__bose_hubbard_L4_nph1_scaling_weak__geo__parent_powell200__iter30/result/generic_static_single.json	candidate	true	primary	1.3627663609765728	outer_selector_iterations_not_guaranteed_ansatz_depth	L;n_ph_work;outer_iteration_horizon;new_output_identity	physics_from_table_i_scaling_profile;Powell200;full_meta;parent_only	1	off	off	not_applicable	off	1	off	off	generic_static_exact_energy_env	user_locked_scaling_matrix_profile_no_visible_higher_size_anchor	raw_outputs/paper_i_scaling_matrix_parent_powell200_20260710_v1/paper_i_scaling_matrix_parent_powell200_20260710_v1__bose_hubbard__bose_hubbard_L4_nph1_scaling_weak__geo__parent_powell200__iter30/stderr.log	raw_outputs/paper_i_scaling_matrix_parent_powell200_20260710_v1/paper_i_scaling_matrix_parent_powell200_20260710_v1__bose_hubbard__bose_hubbard_L4_nph1_scaling_weak__geo__parent_powell200__iter30/stdout.log	paper_i_scaling_matrix_20260710_v1
4	true	not_applicable	powell	not_applicable	off	static_full_meta_append_adapt_vqe	append_only_with_replacement	paper_i_scaling_matrix_parent_powell200_20260710_v1		200	bose_hubbard_L4_nph1_scaling_weak	raw_outputs/paper_i_scaling_matrix_parent_powell200_20260710_v1/paper_i_scaling_matrix_parent_powell200_20260710_v1__bose_hubbard__bose_hubbard_L4_nph1_scaling_weak__append__parent_powell200__iter30/cell_manifest.json	macro_only	chtc/phase3_optuna/input/paper_i_scaling_matrix_parent_powell200_20260710_v1/paper_i_scaling_matrix_code.tar.gz	d0982f4696eaecdde533aaf2194af0900fb5fa7c4adde301056cbab80354c3fb	raw_outputs/paper_i_scaling_matrix_parent_powell200_20260710_v1/paper_i_scaling_matrix_parent_powell200_20260710_v1__bose_hubbard__bose_hubbard_L4_nph1_scaling_weak__append__parent_powell200__iter30/adapt_iteration_progress.jsonl	weak	946bf7424f2720aed8ec6a1d	chtc/phase3_optuna/input/paper_i_scaling_matrix_parent_powell200_20260710_v1/exact_energy_manifest.json	5fff8c67abff10a229a1ecd82dc08a25bc211d723727a82257930447d920d296	same_cutoff_exact_diagonalization	pipelines.exact_bench.static_reference_metrics.exact_energy_for_spec	10	1.3627663609765728	1	30	bose_hubbard	1	off	off	fixed_horizon_no_target_v1	block_only_adjacent_repeat_after_full_pool_selection	not_applicable		not_applicable	false			not_applicable	false	not_applicable	cli:bose_hubbard_horizon	corrected_geo_append_estimator_accounting_20260710_v1	chtc/phase3_optuna/input/paper_i_scaling_matrix_parent_powell200_20260710_v1/implementation_lock.json	737fc83467002beaa820f1e411563c9877b5eaafb3dc203027c1e0d56fddff05	paper_i_scaling_matrix_parent_only	finite_size_cutoff_scaling_parent_generator_comparison	30	append	Append-ADAPT	1	1	true	POWELL	full_meta_parent_macro_generators_only_all_methods	off		30	200		off	200			200	full_meta_unfiltered	same_cutoff_abs_delta_e	paper_i_scaling_matrix_parent_powell200_20260710_v1__bose_hubbard__bose_hubbard_L4_nph1_scaling_weak__append__parent_powell200__iter30	raw_outputs/paper_i_scaling_matrix_parent_powell200_20260710_v1/paper_i_scaling_matrix_parent_powell200_20260710_v1__bose_hubbard__bose_hubbard_L4_nph1_scaling_weak__append__parent_powell200__iter30	1	32768	16384	1024	16	appendix_standard	raw_outputs/paper_i_scaling_matrix_parent_powell200_20260710_v1/paper_i_scaling_matrix_parent_powell200_20260710_v1__bose_hubbard__bose_hubbard_L4_nph1_scaling_weak__append__parent_powell200__iter30/result/generic_static_single.json	candidate	true	primary	1.3627663609765728	outer_selector_iterations_not_guaranteed_ansatz_depth	L;n_ph_work;outer_iteration_horizon;new_output_identity	physics_from_table_i_scaling_profile;Powell200;full_meta;parent_only	1	off	off	not_applicable	off	1	off	off	generic_static_exact_energy_env	user_locked_scaling_matrix_profile_no_visible_higher_size_anchor	raw_outputs/paper_i_scaling_matrix_parent_powell200_20260710_v1/paper_i_scaling_matrix_parent_powell200_20260710_v1__bose_hubbard__bose_hubbard_L4_nph1_scaling_weak__append__parent_powell200__iter30/stderr.log	raw_outputs/paper_i_scaling_matrix_parent_powell200_20260710_v1/paper_i_scaling_matrix_parent_powell200_20260710_v1__bose_hubbard__bose_hubbard_L4_nph1_scaling_weak__append__parent_powell200__iter30/stdout.log	paper_i_scaling_matrix_20260710_v1
4	true	2	powell	2	off	static_family_native_adapt_phase3	append_only_with_replacement	paper_i_scaling_matrix_parent_powell200_20260710_v1		200	bose_hubbard_L4_nph1_scaling_strong	raw_outputs/paper_i_scaling_matrix_parent_powell200_20260710_v1/paper_i_scaling_matrix_parent_powell200_20260710_v1__bose_hubbard__bose_hubbard_L4_nph1_scaling_strong__snake__parent_powell200__iter30/cell_manifest.json	macro_only	chtc/phase3_optuna/input/paper_i_scaling_matrix_parent_powell200_20260710_v1/paper_i_scaling_matrix_code.tar.gz	d0982f4696eaecdde533aaf2194af0900fb5fa7c4adde301056cbab80354c3fb	raw_outputs/paper_i_scaling_matrix_parent_powell200_20260710_v1/paper_i_scaling_matrix_parent_powell200_20260710_v1__bose_hubbard__bose_hubbard_L4_nph1_scaling_strong__snake__parent_powell200__iter30/result/bose_hubbard_L4_nph1_scaling_strong/json/current.json	strong	a069ed2ac919ee09fae98a5f	chtc/phase3_optuna/input/paper_i_scaling_matrix_parent_powell200_20260710_v1/exact_energy_manifest.json	5fff8c67abff10a229a1ecd82dc08a25bc211d723727a82257930447d920d296	same_cutoff_exact_diagonalization	pipelines.exact_bench.static_reference_metrics.exact_energy_for_spec	10	1.3627663609765728	1	30	bose_hubbard	1	off	off		block_only_adjacent_repeat_after_full_pool_selection	not_applicable		not_applicable	false			not_applicable	false	not_applicable	cli:bose_hubbard_horizon	corrected_geo_append_estimator_accounting_20260710_v1	chtc/phase3_optuna/input/paper_i_scaling_matrix_parent_powell200_20260710_v1/implementation_lock.json	737fc83467002beaa820f1e411563c9877b5eaafb3dc203027c1e0d56fddff05	paper_i_scaling_matrix_parent_only	finite_size_cutoff_scaling_parent_generator_comparison	30	snake	SNAKE	1	1	true	POWELL	full_meta_parent_macro_generators_only_all_methods	off	2	30	200	2	off	200	chtc/phase3_optuna/input/paper_i_scaling_matrix_parent_powell200_20260710_v1/paper_i_scaling_matrix_snake_policy.json	65f535e90f932615d3e448ca92807c90b0af4657f2776916865c81111a0bcc4b	200	full_meta_unfiltered	same_cutoff_abs_delta_e	paper_i_scaling_matrix_parent_powell200_20260710_v1__bose_hubbard__bose_hubbard_L4_nph1_scaling_strong__snake__parent_powell200__iter30	raw_outputs/paper_i_scaling_matrix_parent_powell200_20260710_v1/paper_i_scaling_matrix_parent_powell200_20260710_v1__bose_hubbard__bose_hubbard_L4_nph1_scaling_strong__snake__parent_powell200__iter30	4	32768	16384	1024	16	appendix_standard	raw_outputs/paper_i_scaling_matrix_parent_powell200_20260710_v1/paper_i_scaling_matrix_parent_powell200_20260710_v1__bose_hubbard__bose_hubbard_L4_nph1_scaling_strong__snake__parent_powell200__iter30/result/generic_static_single.json	candidate	true	primary	1.3627663609765728	outer_selector_iterations_not_guaranteed_ansatz_depth	L;n_ph_work;outer_iteration_horizon;new_output_identity	physics_from_table_i_scaling_profile;Powell200;full_meta;parent_only	1	off	off	true	off	1	off	off	adapt_pipeline_internal_exact_gs_same_numeric	user_locked_scaling_matrix_profile_no_visible_higher_size_anchor	raw_outputs/paper_i_scaling_matrix_parent_powell200_20260710_v1/paper_i_scaling_matrix_parent_powell200_20260710_v1__bose_hubbard__bose_hubbard_L4_nph1_scaling_strong__snake__parent_powell200__iter30/stderr.log	raw_outputs/paper_i_scaling_matrix_parent_powell200_20260710_v1/paper_i_scaling_matrix_parent_powell200_20260710_v1__bose_hubbard__bose_hubbard_L4_nph1_scaling_strong__snake__parent_powell200__iter30/stdout.log	paper_i_scaling_matrix_20260710_v1
4	true	not_applicable	powell	not_applicable	off	static_geo_adapt_vqe	append_only_with_replacement	paper_i_scaling_matrix_parent_powell200_20260710_v1		200	bose_hubbard_L4_nph1_scaling_strong	raw_outputs/paper_i_scaling_matrix_parent_powell200_20260710_v1/paper_i_scaling_matrix_parent_powell200_20260710_v1__bose_hubbard__bose_hubbard_L4_nph1_scaling_strong__geo__parent_powell200__iter30/cell_manifest.json	macro_only	chtc/phase3_optuna/input/paper_i_scaling_matrix_parent_powell200_20260710_v1/paper_i_scaling_matrix_code.tar.gz	d0982f4696eaecdde533aaf2194af0900fb5fa7c4adde301056cbab80354c3fb	raw_outputs/paper_i_scaling_matrix_parent_powell200_20260710_v1/paper_i_scaling_matrix_parent_powell200_20260710_v1__bose_hubbard__bose_hubbard_L4_nph1_scaling_strong__geo__parent_powell200__iter30/adapt_iteration_progress.jsonl	strong	a069ed2ac919ee09fae98a5f	chtc/phase3_optuna/input/paper_i_scaling_matrix_parent_powell200_20260710_v1/exact_energy_manifest.json	5fff8c67abff10a229a1ecd82dc08a25bc211d723727a82257930447d920d296	same_cutoff_exact_diagonalization	pipelines.exact_bench.static_reference_metrics.exact_energy_for_spec	10	1.3627663609765728	1	30	bose_hubbard	1	off	off	fixed_horizon_no_target_v1	block_only_adjacent_repeat_after_full_pool_selection	not_applicable		not_applicable	false			not_applicable	false	not_applicable	cli:bose_hubbard_horizon	corrected_geo_append_estimator_accounting_20260710_v1	chtc/phase3_optuna/input/paper_i_scaling_matrix_parent_powell200_20260710_v1/implementation_lock.json	737fc83467002beaa820f1e411563c9877b5eaafb3dc203027c1e0d56fddff05	paper_i_scaling_matrix_parent_only	finite_size_cutoff_scaling_parent_generator_comparison	30	geo	Geo-ADAPT	1	1	true	POWELL	full_meta_parent_macro_generators_only_all_methods	off		30	200		off	200			200	full_meta_unfiltered	same_cutoff_abs_delta_e	paper_i_scaling_matrix_parent_powell200_20260710_v1__bose_hubbard__bose_hubbard_L4_nph1_scaling_strong__geo__parent_powell200__iter30	raw_outputs/paper_i_scaling_matrix_parent_powell200_20260710_v1/paper_i_scaling_matrix_parent_powell200_20260710_v1__bose_hubbard__bose_hubbard_L4_nph1_scaling_strong__geo__parent_powell200__iter30	1	32768	16384	1024	16	appendix_standard	raw_outputs/paper_i_scaling_matrix_parent_powell200_20260710_v1/paper_i_scaling_matrix_parent_powell200_20260710_v1__bose_hubbard__bose_hubbard_L4_nph1_scaling_strong__geo__parent_powell200__iter30/result/generic_static_single.json	candidate	true	primary	1.3627663609765728	outer_selector_iterations_not_guaranteed_ansatz_depth	L;n_ph_work;outer_iteration_horizon;new_output_identity	physics_from_table_i_scaling_profile;Powell200;full_meta;parent_only	1	off	off	not_applicable	off	1	off	off	generic_static_exact_energy_env	user_locked_scaling_matrix_profile_no_visible_higher_size_anchor	raw_outputs/paper_i_scaling_matrix_parent_powell200_20260710_v1/paper_i_scaling_matrix_parent_powell200_20260710_v1__bose_hubbard__bose_hubbard_L4_nph1_scaling_strong__geo__parent_powell200__iter30/stderr.log	raw_outputs/paper_i_scaling_matrix_parent_powell200_20260710_v1/paper_i_scaling_matrix_parent_powell200_20260710_v1__bose_hubbard__bose_hubbard_L4_nph1_scaling_strong__geo__parent_powell200__iter30/stdout.log	paper_i_scaling_matrix_20260710_v1
4	true	not_applicable	powell	not_applicable	off	static_full_meta_append_adapt_vqe	append_only_with_replacement	paper_i_scaling_matrix_parent_powell200_20260710_v1		200	bose_hubbard_L4_nph1_scaling_strong	raw_outputs/paper_i_scaling_matrix_parent_powell200_20260710_v1/paper_i_scaling_matrix_parent_powell200_20260710_v1__bose_hubbard__bose_hubbard_L4_nph1_scaling_strong__append__parent_powell200__iter30/cell_manifest.json	macro_only	chtc/phase3_optuna/input/paper_i_scaling_matrix_parent_powell200_20260710_v1/paper_i_scaling_matrix_code.tar.gz	d0982f4696eaecdde533aaf2194af0900fb5fa7c4adde301056cbab80354c3fb	raw_outputs/paper_i_scaling_matrix_parent_powell200_20260710_v1/paper_i_scaling_matrix_parent_powell200_20260710_v1__bose_hubbard__bose_hubbard_L4_nph1_scaling_strong__append__parent_powell200__iter30/adapt_iteration_progress.jsonl	strong	a069ed2ac919ee09fae98a5f	chtc/phase3_optuna/input/paper_i_scaling_matrix_parent_powell200_20260710_v1/exact_energy_manifest.json	5fff8c67abff10a229a1ecd82dc08a25bc211d723727a82257930447d920d296	same_cutoff_exact_diagonalization	pipelines.exact_bench.static_reference_metrics.exact_energy_for_spec	10	1.3627663609765728	1	30	bose_hubbard	1	off	off	fixed_horizon_no_target_v1	block_only_adjacent_repeat_after_full_pool_selection	not_applicable		not_applicable	false			not_applicable	false	not_applicable	cli:bose_hubbard_horizon	corrected_geo_append_estimator_accounting_20260710_v1	chtc/phase3_optuna/input/paper_i_scaling_matrix_parent_powell200_20260710_v1/implementation_lock.json	737fc83467002beaa820f1e411563c9877b5eaafb3dc203027c1e0d56fddff05	paper_i_scaling_matrix_parent_only	finite_size_cutoff_scaling_parent_generator_comparison	30	append	Append-ADAPT	1	1	true	POWELL	full_meta_parent_macro_generators_only_all_methods	off		30	200		off	200			200	full_meta_unfiltered	same_cutoff_abs_delta_e	paper_i_scaling_matrix_parent_powell200_20260710_v1__bose_hubbard__bose_hubbard_L4_nph1_scaling_strong__append__parent_powell200__iter30	raw_outputs/paper_i_scaling_matrix_parent_powell200_20260710_v1/paper_i_scaling_matrix_parent_powell200_20260710_v1__bose_hubbard__bose_hubbard_L4_nph1_scaling_strong__append__parent_powell200__iter30	1	32768	16384	1024	16	appendix_standard	raw_outputs/paper_i_scaling_matrix_parent_powell200_20260710_v1/paper_i_scaling_matrix_parent_powell200_20260710_v1__bose_hubbard__bose_hubbard_L4_nph1_scaling_strong__append__parent_powell200__iter30/result/generic_static_single.json	candidate	true	primary	1.3627663609765728	outer_selector_iterations_not_guaranteed_ansatz_depth	L;n_ph_work;outer_iteration_horizon;new_output_identity	physics_from_table_i_scaling_profile;Powell200;full_meta;parent_only	1	off	off	not_applicable	off	1	off	off	generic_static_exact_energy_env	user_locked_scaling_matrix_profile_no_visible_higher_size_anchor	raw_outputs/paper_i_scaling_matrix_parent_powell200_20260710_v1/paper_i_scaling_matrix_parent_powell200_20260710_v1__bose_hubbard__bose_hubbard_L4_nph1_scaling_strong__append__parent_powell200__iter30/stderr.log	raw_outputs/paper_i_scaling_matrix_parent_powell200_20260710_v1/paper_i_scaling_matrix_parent_powell200_20260710_v1__bose_hubbard__bose_hubbard_L4_nph1_scaling_strong__append__parent_powell200__iter30/stdout.log	paper_i_scaling_matrix_20260710_v1
