{
  "append_only": [
    {
      "run_id": "append_only__seed7",
      "seed": 7,
      "energy": 0.16063429179516814,
      "abs_delta_e": 0.04515059080399621,
      "depth": 13,
      "hist_len": 12,
      "realized_delta_e_sum": 3.175151396234171,
      "selected_cost_sum": 55.800000000000004,
      "realized_delta_e_per_cost_sum": 0.05690235477122169,
      "predicted_delta_e_sum": 1.6386800397095846,
      "predicted_delta_e_per_cost_sum": 0.029367025801247035,
      "shots_new_sum": 4.0,
      "groups_new_sum": 4.0
    },
    {
      "run_id": "append_only__seed11",
      "seed": 11,
      "energy": 0.1695193353095784,
      "abs_delta_e": 0.05403563431840648,
      "depth": 12,
      "hist_len": 12,
      "realized_delta_e_sum": 3.175166812726439,
      "selected_cost_sum": 55.800000000000004,
      "realized_delta_e_per_cost_sum": 0.05690263105244514,
      "predicted_delta_e_sum": 1.6386847953041999,
      "predicted_delta_e_per_cost_sum": 0.029367111026956983,
      "shots_new_sum": 4.0,
      "groups_new_sum": 4.0
    },
    {
      "run_id": "append_only__seed17",
      "seed": 17,
      "energy": 0.16814884996064922,
      "abs_delta_e": 0.052665148969477285,
      "depth": 12,
      "hist_len": 12,
      "realized_delta_e_sum": 3.1751483478443268,
      "selected_cost_sum": 55.800000000000004,
      "realized_delta_e_per_cost_sum": 0.05690230014057933,
      "predicted_delta_e_sum": 1.6386790984678525,
      "predicted_delta_e_per_cost_sum": 0.029367008933115633,
      "shots_new_sum": 4.0,
      "groups_new_sum": 4.0
    }
  ],
  "windowed_w1": [
    {
      "run_id": "windowed_w1__seed7",
      "seed": 7,
      "energy": 0.16063429179516814,
      "abs_delta_e": 0.04515059080399621,
      "depth": 13,
      "hist_len": 12,
      "realized_delta_e_sum": 3.175151396234171,
      "selected_cost_sum": 55.800000000000004,
      "realized_delta_e_per_cost_sum": 0.05690235477122169,
      "predicted_delta_e_sum": 1.6386800397095846,
      "predicted_delta_e_per_cost_sum": 0.029367025801247035,
      "shots_new_sum": 4.0,
      "groups_new_sum": 4.0
    },
    {
      "run_id": "windowed_w1__seed11",
      "seed": 11,
      "energy": 0.1695193353095784,
      "abs_delta_e": 0.05403563431840648,
      "depth": 12,
      "hist_len": 12,
      "realized_delta_e_sum": 3.175166812726439,
      "selected_cost_sum": 55.800000000000004,
      "realized_delta_e_per_cost_sum": 0.05690263105244514,
      "predicted_delta_e_sum": 1.6386847953041999,
      "predicted_delta_e_per_cost_sum": 0.029367111026956983,
      "shots_new_sum": 4.0,
      "groups_new_sum": 4.0
    },
    {
      "run_id": "windowed_w1__seed17",
      "seed": 17,
      "energy": 0.16814884996064922,
      "abs_delta_e": 0.052665148969477285,
      "depth": 12,
      "hist_len": 12,
      "realized_delta_e_sum": 3.1751483478443268,
      "selected_cost_sum": 55.800000000000004,
      "realized_delta_e_per_cost_sum": 0.05690230014057933,
      "predicted_delta_e_sum": 1.6386790984678525,
      "predicted_delta_e_per_cost_sum": 0.029367008933115633,
      "shots_new_sum": 4.0,
      "groups_new_sum": 4.0
    }
  ],
  "windowed_w2": [
    {
      "run_id": "windowed_w2__seed7",
      "seed": 7,
      "energy": 0.14527056985785486,
      "abs_delta_e": 0.029786868866682928,
      "depth": 14,
      "hist_len": 12,
      "realized_delta_e_sum": 3.4348087609142945,
      "selected_cost_sum": 69.00000000000001,
      "realized_delta_e_per_cost_sum": 0.04977983711469991,
      "predicted_delta_e_sum": 1.3377038609977758,
      "predicted_delta_e_per_cost_sum": 0.019387012478228632,
      "shots_new_sum": 8.0,
      "groups_new_sum": 8.0
    },
    {
      "run_id": "windowed_w2__seed11",
      "seed": 11,
      "energy": 0.16793256478014634,
      "abs_delta_e": 0.05244886378897441,
      "depth": 14,
      "hist_len": 12,
      "realized_delta_e_sum": 3.4411322046001653,
      "selected_cost_sum": 67.90000000000002,
      "realized_delta_e_per_cost_sum": 0.050679413911637175,
      "predicted_delta_e_sum": 1.3625210069780038,
      "predicted_delta_e_per_cost_sum": 0.020066583313372657,
      "shots_new_sum": 7.0,
      "groups_new_sum": 7.0
    },
    {
      "run_id": "windowed_w2__seed17",
      "seed": 17,
      "energy": 0.13278271066929806,
      "abs_delta_e": 0.01729900967812613,
      "depth": 13,
      "hist_len": 12,
      "realized_delta_e_sum": 3.435103140108026,
      "selected_cost_sum": 57.60000000000001,
      "realized_delta_e_per_cost_sum": 0.059637207293542105,
      "predicted_delta_e_sum": 1.3956543657769265,
      "predicted_delta_e_per_cost_sum": 0.024230110516960526,
      "shots_new_sum": 6.0,
      "groups_new_sum": 6.0
    }
  ],
  "windowed_w3": [
    {
      "run_id": "windowed_w3__seed7",
      "seed": 7,
      "energy": 0.13627271553701248,
      "abs_delta_e": 0.020789014545840548,
      "depth": 13,
      "hist_len": 12,
      "realized_delta_e_sum": 3.418713607261085,
      "selected_cost_sum": 65.10000000000001,
      "realized_delta_e_per_cost_sum": 0.05251480195485537,
      "predicted_delta_e_sum": 1.7470586163973436,
      "predicted_delta_e_per_cost_sum": 0.026836537886287915,
      "shots_new_sum": 7.0,
      "groups_new_sum": 7.0
    },
    {
      "run_id": "windowed_w3__seed11",
      "seed": 11,
      "energy": 0.14135178052127315,
      "abs_delta_e": 0.025868079530101215,
      "depth": 13,
      "hist_len": 12,
      "realized_delta_e_sum": 3.4057814719818076,
      "selected_cost_sum": 59.20000000000001,
      "realized_delta_e_per_cost_sum": 0.05753009243212512,
      "predicted_delta_e_sum": 2.1184684790771295,
      "predicted_delta_e_per_cost_sum": 0.03578494052495151,
      "shots_new_sum": 6.0,
      "groups_new_sum": 6.0
    },
    {
      "run_id": "windowed_w3__seed17",
      "seed": 17,
      "energy": 0.14017285347180836,
      "abs_delta_e": 0.024689152480636425,
      "depth": 15,
      "hist_len": 12,
      "realized_delta_e_sum": 3.4064609989820345,
      "selected_cost_sum": 59.20000000000001,
      "realized_delta_e_per_cost_sum": 0.05754157092875057,
      "predicted_delta_e_sum": 1.9703409494049524,
      "predicted_delta_e_per_cost_sum": 0.033282786307516084,
      "shots_new_sum": 6.0,
      "groups_new_sum": 6.0
    }
  ],
  "windowed_w4": [
    {
      "run_id": "windowed_w4__seed7",
      "seed": 7,
      "energy": 0.12246475288152421,
      "abs_delta_e": 0.00698105189035228,
      "depth": 14,
      "hist_len": 12,
      "realized_delta_e_sum": 3.621665080160287,
      "selected_cost_sum": 59.78000000000001,
      "realized_delta_e_per_cost_sum": 0.060583223154236976,
      "predicted_delta_e_sum": 2.8017392358898006,
      "predicted_delta_e_per_cost_sum": 0.046867501436764804,
      "shots_new_sum": 6.0,
      "groups_new_sum": 6.0
    },
    {
      "run_id": "windowed_w4__seed11",
      "seed": 11,
      "energy": 0.1273343334225961,
      "abs_delta_e": 0.01185063243142416,
      "depth": 15,
      "hist_len": 12,
      "realized_delta_e_sum": 3.634948244823562,
      "selected_cost_sum": 71.10000000000001,
      "realized_delta_e_per_cost_sum": 0.051124447887813805,
      "predicted_delta_e_sum": 3.9720392065451415,
      "predicted_delta_e_per_cost_sum": 0.05586553033115529,
      "shots_new_sum": 7.0,
      "groups_new_sum": 7.0
    },
    {
      "run_id": "windowed_w4__seed17",
      "seed": 17,
      "energy": 0.129373902896894,
      "abs_delta_e": 0.013890201905722058,
      "depth": 15,
      "hist_len": 12,
      "realized_delta_e_sum": 3.6302990144722775,
      "selected_cost_sum": 67.60000000000001,
      "realized_delta_e_per_cost_sum": 0.053702648143081025,
      "predicted_delta_e_sum": 10.956021469800973,
      "predicted_delta_e_per_cost_sum": 0.16207132351776585,
      "shots_new_sum": 6.0,
      "groups_new_sum": 6.0
    }
  ]
}